city,area,rooms,bathroom,parking spaces,floor,animal,furniture,hoa (R$),rent amount (R$),property tax (R$),fire insurance (R$),total (R$)
Rio de Janeiro,18.0,3,4,0,4,acept,not furnished,170.41,968.21,37.77,10.12,1186.51
Recife,33.1,4,5,1,15,not acept,furnished,228.52,2280.49,74.88,27.89,2611.78
Porto Alegre,82.7,2,2,1,18,not acept,not furnished,341.44,2945.74,38.58,29.4,3355.16
Belo Horizonte,56.6,3,4,0,28,not acept,furnished,345.64,2563.23,40.06,27.73,2976.66
Sao Paulo,164.0,5,6,0,23,not acept,not furnished,516.39,5191.13,175.86,42.72,5926.1
Sao Paulo,137.1,3,3,2,2,acept,not furnished,753.19,4403.1,213.89,35.81,5405.99
Sao Paulo,108.5,1,1,0,6,acept,not furnished,284.96,3418.24,106.59,46.61,3856.4
Salvador,44.2,3,3,2,11,not acept,not furnished,203.25,1546.59,71.16,15.92,1836.92
Belo Horizonte,43.8,2,3,0,1,not acept,not furnished,269.79,1852.82,87.13,15.33,2225.07
Curitiba,55.4,1,2,2,16,acept,not furnished,152.9,1610.89,23.85,20.47,1808.11
Sao Paulo,199.4,2,1,1,27,not acept,furnished,1118.97,6884.85,194.49,68.92,8267.23
Recife,48.5,2,2,1,7,not acept,not furnished,72.91,9938.835669054633,31.9,4.48,904.56
Salvador,56.6,3,4,1,30,acept,furnished,248.32,1692.16,44.58,13.43,1998.49
Sao Paulo,64.8,2,1,1,5,acept,not furnished,406.97,2168.81,47.15,31.62,2654.55
Sao Paulo,95.0,3,4,1,13,not acept,furnished,542.85,5439.38,253.27,55.88,6291.38
Sao Paulo,166.8,1,1,1,9,not acept,not furnished,726.97,4894.88,165.88,64.94,5852.67
Rio de Janeiro,111.1,1,2,0,7,not acept,not furnished,525.68,2938.03,103.2,21.11,3588.02
Belo Horizonte,72.1,1,2,1,10,acept,not furnished,204.18,1929.28,73.22,25.37,2232.05
Rio de Janeiro,59.8,2,1,1,0,not acept,not furnished,32.91,400.0,19.57,5.22,457.7
Sao Paulo,179.8,2,1,2,15,acept,not furnished,536.01,6491.82,224.72,49.62,7302.17
Belo Horizonte,18.0,3,4,2,22,acept,furnished,46.65,426.41,4.54,4.84,482.44
Sao Paulo,43.2,5,4,0,26,not acept,not furnished,199.26,1200.93,58.43,10.17,1468.79
Sao Paulo,110.9,2,3,2,8,acept,furnished,636.01,5269.32,100.59,47.26,6053.18
Rio de Janeiro,155.6,1,2,1,16,acept,not furnished,671.31,4881.45,236.53,62.46,5851.75
Rio de Janeiro,133.4,2,2,2,27,not acept,not furnished,405.44,4663.74,120.67,51.68,5241.53
Porto Alegre,42.3,4,5,1,24,not acept,furnished,173.14,931.98,41.35,6.19,1152.66
Sao Paulo,66.9,3,4,0,13,not acept,furnished,467.65,3619.76,94.26,45.39,4227.06
Belo Horizonte,136.8,3,2,2,3,acept,not furnished,579.02,3316.84,116.76,27.15,4039.77
Belo Horizonte,102.1,1,1,2,16,not acept,not furnished,169.12,14094.35922414083,53.78,29.19,2314.97
Sao Paulo,105.7,1,1,2,30,acept,not furnished,650.06,3964.37,156.81,30.18,4801.42
Belo Horizonte,76.5,1,1,1,22,not acept,not furnished,214.82,1532.59,64.71,21.69,1833.81
Sao Paulo,83.2,4,5,0,25,not acept,furnished,290.09,2608.68,114.64,20.34,3033.75
Sao Paulo,70.6,2,3,0,3,acept,furnished,488.22,2942.87,55.67,38.46,3525.22
Recife,62.2,3,4,2,27,acept,not furnished,339.05,2441.78,105.54,18.36,2904.73
Recife,62.9,3,2,1,0,acept,furnished,243.36,1599.51,41.84,23.68,1908.39
Salvador,98.6,3,2,2,26,not acept,not furnished,504.26,2998.05,102.76,41.68,3646.75
Rio de Janeiro,53.2,2,3,3,5,not acept,not furnished,201.23,2217.85,27.71,14.59,2461.38
Sao Paulo,119.1,3,2,1,18,not acept,furnished,684.64,4207.19,142.99,46.24,5081.06
Curitiba,52.0,1,1,2,7,not acept,not furnished,172.26,1312.13,56.4,9.89,1550.68
Rio de Janeiro,60.8,5,5,0,2,not acept,not furnished,637.86,3328.27,70.95,25.95,4063.03
Sao Paulo,50.7,1,1,1,5,not acept,furnished,424.59,2289.76,65.17,29.06,2808.58
Rio de Janeiro,126.1,1,1,2,13,acept,furnished,568.87,3340.12,143.16,19.04,4071.19
Sao Paulo,104.0,2,2,1,28,acept,not furnished,710.32,4228.71,93.08,48.71,5080.82
Fortaleza,43.1,4,5,1,10,acept,furnished,348.81,12219.446800522988,87.62,19.29,2329.24
Sao Paulo,136.9,2,3,1,0,acept,not furnished,769.47,4384.56,70.94,57.27,5282.24
Curitiba,99.8,3,4,2,0,not acept,not furnished,686.02,3509.23,101.85,19.81,4316.91
Rio de Janeiro,179.8,1,1,1,4,not acept,furnished,1212.73,6605.65,233.55,54.11,8106.04
Belo Horizonte,86.0,1,1,1,0,not acept,not furnished,174.92,1463.3,42.22,10.17,1690.61
Belo Horizonte,51.7,3,2,0,10,acept,not furnished,392.07,2394.3,63.46,26.8,2876.63
Sao Paulo,235.1,2,3,3,10,acept,not furnished,1246.03,6775.24,240.31,81.29,8342.87
Recife,37.8,3,2,1,30,acept,not furnished,297.06,1676.22,76.31,8.48,2058.07
Porto Alegre,67.3,3,3,1,7,not acept,not furnished,286.77,19319.333888223624,67.66,20.15,2228.06
Fortaleza,82.7,4,3,1,17,acept,not furnished,350.31,2494.5,87.22,22.13,2954.16
Fortaleza,77.7,1,2,1,24,not acept,not furnished,150.43,1671.21,66.52,21.49,1909.65
Belo Horizonte,72.6,3,2,1,14,not acept,not furnished,215.4,1818.45,47.57,19.92,2101.34
Fortaleza,48.6,4,3,1,20,not acept,furnished,245.7,1609.86,17.22,16.86,1889.64
Sao Paulo,101.6,3,3,1,30,not acept,not furnished,537.03,3595.59,171.0,44.47,4348.09
Sao Paulo,116.1,1,1,1,8,acept,furnished,594.91,3500.51,77.89,41.08,4214.39
Sao Paulo,56.1,3,3,2,0,acept,furnished,558.51,22008.81875860874,122.86,31.94,3730.1
Rio de Janeiro,201.9,4,4,2,12,acept,furnished,1174.74,7968.75,267.53,75.6,9486.62
Rio de Janeiro,18.0,2,3,0,15,not acept,not furnished,62.85,400.0,15.11,4.89,482.85
Sao Paulo,18.0,4,5,1,16,acept,not furnished,70.59,538.42,23.0,7.27,639.28
Salvador,18.0,3,2,2,22,acept,not furnished,34.82,400.0,11.88,3.36,450.06
Rio de Janeiro,43.7,1,2,2,27,not acept,not furnished,177.33,1487.09,16.9,21.34,1702.66
Sao Paulo,26.7,1,1,1,14,not acept,not furnished,126.62,10237.488737778656,42.45,11.92,1055.77
Belo Horizonte,79.4,1,1,2,2,acept,furnished,255.25,1834.25,77.25,17.62,2184.37
Sao Paulo,196.9,2,1,2,11,not acept,not furnished,935.74,6340.44,226.32,33.31,7535.81
Salvador,84.1,4,3,1,2,acept,not furnished,241.11,1555.04,70.83,22.45,1889.43
Sao Paulo,18.0,3,4,1,3,not acept,not furnished,88.69,1004.54,47.17,9.64,1150.04
Recife,91.9,3,2,2,0,not acept,not furnished,133.6,1639.68,73.94,16.82,1864.04
Porto Alegre,48.6,3,4,1,28,not acept,not furnished,196.24,1828.01,28.69,23.71,2076.65
Sao Paulo,53.3,2,1,1,22,not acept,furnished,185.58,1283.65,50.26,9.2,1528.69
Sao Paulo,173.4,2,3,1,1,acept,not furnished,666.44,5515.72,125.53,38.33,6346.02
Salvador,23.8,4,4,1,28,acept,furnished,213.3,1423.97,16.65,17.9,1671.82
Curitiba,30.4,3,4,0,26,acept,furnished,190.86,1219.1,25.79,9.98,1445.73
Porto Alegre,18.0,3,3,2,27,acept,furnished,127.24,1260.14,45.6,14.15,1447.13
Porto Alegre,37.1,5,6,3,0,not acept,not furnished,246.72,1639.86,76.27,16.04,1978.89
Sao Paulo,90.2,2,2,1,0,acept,furnished,642.91,3222.56,121.27,20.85,4007.59
Rio de Janeiro,89.1,4,4,1,0,acept,not furnished,648.76,3318.57,110.4,48.53,4126.26
Sao Paulo,98.2,4,5,1,29,not acept,not furnished,505.4,57712.940785938794,96.41,35.86,4767.09
Salvador,56.7,2,2,1,19,not acept,furnished,226.91,2172.76,40.98,17.86,2458.51
Curitiba,42.7,1,1,1,3,not acept,furnished,182.04,964.48,30.92,13.73,1191.17
Rio de Janeiro,55.5,5,4,2,28,acept,not furnished,319.63,1877.85,55.12,13.13,2265.73
Sao Paulo,187.0,2,2,1,12,not acept,not furnished,639.19,5895.94,220.55,30.35,6786.03
Rio de Janeiro,85.7,1,1,1,23,not acept,not furnished,389.48,3251.5,102.44,28.58,3772.0
Rio de Janeiro,145.5,3,3,1,18,acept,not furnished,608.67,4621.27,123.09,60.58,5413.61
Porto Alegre,26.2,3,4,1,19,acept,not furnished,187.1,1474.39,64.72,7.77,1733.98
Curitiba,18.0,3,2,1,12,acept,not furnished,61.52,400.0,16.72,5.35,483.59
Fortaleza,66.8,4,4,1,10,not acept,not furnished,257.26,1542.11,65.6,11.19,1876.16
Rio de Janeiro,133.5,4,4,0,3,acept,not furnished,702.66,3738.58,51.01,45.36,4537.61
Sao Paulo,95.5,4,5,2,0,not acept,not furnished,257.39,2544.74,40.63,24.33,2867.09
Curitiba,66.2,1,1,0,28,acept,not furnished,219.4,1771.08,31.91,10.81,2033.2
Porto Alegre,26.4,3,3,2,28,acept,not furnished,129.19,760.06,35.26,7.22,931.73
Belo Horizonte,18.0,2,1,2,19,acept,not furnished,65.41,400.0,9.79,2.97,478.17
Porto Alegre,57.4,2,3,0,10,acept,furnished,499.67,2660.26,96.31,21.0,3277.24
Rio de Janeiro,63.3,4,3,2,0,not acept,not furnished,268.21,1624.34,19.0,21.08,1932.63
Belo Horizonte,47.5,2,2,1,12,not acept,not furnished,188.33,2006.88,78.93,27.25,2301.39
Rio de Janeiro,146.0,4,4,0,19,acept,furnished,676.17,4064.04,164.69,43.53,4948.43
Sao Paulo,191.1,1,1,3,7,not acept,not furnished,491.11,5876.31,234.02,80.73,6682.17
Sao Paulo,134.3,4,5,1,9,acept,not furnished,675.77,4583.98,53.81,54.26,5367.82
Sao Paulo,18.0,1,2,1,13,not acept,not furnished,64.15,400.0,5.57,3.07,472.79
Curitiba,18.0,2,3,2,14,not acept,furnished,349.84,1954.21,77.59,26.46,2408.1
Rio de Janeiro,18.0,3,4,0,22,acept,furnished,243.16,1598.98,56.08,9.88,1908.1
Belo Horizonte,75.4,2,2,2,14,not acept,not furnished,322.67,2065.51,50.73,19.41,2458.32
Fortaleza,76.1,3,2,0,25,not acept,furnished,254.88,2594.17,83.46,23.78,2956.29
Sao Paulo,20.4,4,4,1,13,acept,furnished,194.07,28931.637657390846,22.51,22.84,2457.74
Rio de Janeiro,18.0,3,2,0,0,not acept,not furnished,52.08,564.7,15.39,7.04,639.21
Porto Alegre,32.4,2,1,2,2,not acept,not furnished,133.89,1244.47,20.76,7.76,1406.88
Sao Paulo,63.2,2,3,1,21,not acept,not furnished,263.87,1974.5,96.04,24.0,2358.41
Sao Paulo,96.8,2,3,0,12,not acept,not furnished,429.98,3381.91,76.69,32.53,3921.11
Sao Paulo,143.6,3,2,0,13,not acept,not furnished,679.91,5852.45,245.11,44.99,6822.46
Sao Paulo,129.8,3,2,2,30,acept,not furnished,849.69,4553.67,68.7,59.59,5531.65
Fortaleza,56.7,2,1,1,16,acept,furnished,135.86,1500.29,25.81,14.99,1676.95
Salvador,51.3,3,3,2,1,not acept,furnished,256.59,2637.19,100.01,34.19,3027.98
Curitiba,66.1,1,1,1,12,acept,not furnished,279.98,2117.84,86.66,16.12,2500.6
Fortaleza,52.0,3,3,1,16,acept,not furnished,134.62,1408.9,64.74,18.91,1627.17
Salvador,94.1,3,2,2,0,acept,furnished,240.26,2435.03,91.99,15.16,2782.44
Sao Paulo,27.4,2,3,2,9,acept,not furnished,204.97,1045.5,40.05,15.64,1306.16
Fortaleza,39.6,4,3,2,29,acept,not furnished,134.3,964.05,18.61,12.09,1129.05
Belo Horizonte,25.3,3,2,2,22,acept,not furnished,59.68,644.55,30.83,7.47,742.53
Salvador,23.2,3,3,0,10,not acept,not furnished,114.48,1327.46,51.12,11.17,1504.23
Fortaleza,18.0,3,2,0,6,not acept,not furnished,98.81,587.45,10.04,6.75,703.05
Rio de Janeiro,137.4,4,4,0,7,not acept,not furnished,608.9,4826.75,173.56,67.64,5676.85
Sao Paulo,174.1,3,3,3,25,not acept,not furnished,562.69,4929.82,208.95,35.9,5737.36
Sao Paulo,111.0,2,3,1,11,acept,furnished,732.32,4505.43,128.55,39.8,5406.1
Rio de Janeiro,100.6,2,3,0,25,not acept,not furnished,639.13,30545.598288231744,91.69,24.11,4655.81
Salvador,18.0,1,2,1,27,acept,not furnished,175.23,1421.68,63.11,16.02,1676.04
Salvador,63.6,2,3,2,13,not acept,not furnished,484.18,2494.69,110.24,22.49,3111.6
Sao Paulo,97.2,5,5,0,29,acept,not furnished,528.32,4127.78,170.93,54.47,4881.5
Belo Horizonte,56.0,2,1,1,7,acept,not furnished,312.92,2492.35,45.35,15.5,2866.12
Rio de Janeiro,102.9,4,4,0,6,not acept,not furnished,517.83,2987.44,96.79,19.03,3621.09
Sao Paulo,148.8,2,3,3,1,acept,not furnished,929.28,5223.37,144.18,42.96,6339.79
Sao Paulo,77.5,2,1,1,5,acept,not furnished,70.67,617.36,23.4,5.06,716.49
Rio de Janeiro,180.7,5,5,2,23,not acept,furnished,1180.47,7255.98,332.37,87.23,8856.05
Recife,30.8,1,1,2,11,not acept,not furnished,181.42,1157.69,23.01,10.24,1372.36
Rio de Janeiro,93.4,3,3,2,2,acept,not furnished,200.42,2384.87,53.42,25.07,2663.78
Belo Horizonte,51.1,4,3,1,1,not acept,not furnished,241.68,2336.25,45.46,24.6,2647.99
Curitiba,74.7,4,3,1,14,acept,not furnished,168.41,1829.24,73.66,13.43,2084.74
Rio de Janeiro,190.6,4,5,2,15,not acept,not furnished,1042.93,5600.15,167.33,79.72,6890.13
Recife,59.1,4,5,1,24,not acept,not furnished,437.08,2245.06,65.23,15.97,2763.34
Recife,18.0,3,2,2,21,not acept,furnished,76.73,428.64,12.78,5.08,523.23
Sao Paulo,111.3,2,1,2,3,acept,furnished,500.43,4265.11,95.2,41.03,4901.77
Rio de Janeiro,67.2,3,4,2,6,acept,furnished,664.87,3628.91,69.51,38.1,4401.39
Rio de Janeiro,128.0,5,5,0,20,not acept,furnished,404.48,4650.24,195.96,55.66,5306.34
Sao Paulo,162.6,3,2,1,3,not acept,not furnished,815.74,5028.21,176.93,73.36,6094.24
Sao Paulo,131.4,2,2,1,24,not acept,not furnished,463.77,4887.29,189.76,24.5,5565.32
Belo Horizonte,60.0,3,4,3,19,not acept,not furnished,165.97,2036.25,44.73,24.85,2271.8
Belo Horizonte,82.7,3,2,1,15,not acept,not furnished,222.0,2196.93,37.13,14.47,2470.53
Sao Paulo,183.2,2,2,1,19,not acept,not furnished,969.95,4958.6,103.32,63.23,6095.1
Sao Paulo,223.6,3,4,1,0,acept,not furnished,1325.11,7771.64,355.26,107.9,9559.91
Fortaleza,36.2,3,2,2,15,not acept,not furnished,56.87,400.0,9.39,4.15,470.41
Sao Paulo,64.8,3,3,1,12,acept,not furnished,544.07,2827.32,35.51,27.38,3434.28
Sao Paulo,79.1,2,1,2,14,not acept,not furnished,400.57,3082.8,91.23,16.87,3591.47
Rio de Janeiro,86.5,2,2,2,8,not acept,not furnished,349.38,4118.4,95.4,55.48,4618.66
Recife,33.3,3,3,0,13,acept,not furnished,139.85,924.04,26.96,13.08,1103.93
Sao Paulo,153.4,3,2,1,27,not acept,not furnished,882.9,4921.3,184.91,59.96,6049.07
Curitiba,23.7,2,3,1,9,acept,furnished,209.61,1833.45,88.37,13.59,2145.02
Porto Alegre,49.6,2,1,1,0,acept,not furnished,185.3,1569.36,64.59,11.66,1830.91
Sao Paulo,144.0,2,3,1,6,acept,not furnished,1039.62,6473.86,192.83,90.39,7796.7
Porto Alegre,25.1,3,3,1,12,acept,not furnished,319.96,1812.38,74.19,10.0,2216.53
Rio de Janeiro,40.0,5,5,0,15,not acept,not furnished,95.32,721.64,14.13,4.21,835.3
Curitiba,90.3,3,3,2,11,not acept,furnished,285.61,3149.8,135.72,35.07,3606.2
Curitiba,82.4,4,5,1,25,acept,not furnished,546.26,3221.03,103.29,32.32,3902.9
Belo Horizonte,92.6,3,3,1,28,acept,furnished,254.74,1941.83,82.51,10.38,2289.46
Sao Paulo,110.6,3,2,1,13,acept,furnished,749.38,3960.39,130.4,55.07,4895.24
Salvador,18.0,2,2,1,0,not acept,not furnished,199.21,1804.79,41.99,14.65,2060.64
Rio de Janeiro,18.0,3,4,2,11,not acept,not furnished,54.24,400.0,5.74,3.06,463.04
Sao Paulo,178.7,2,3,1,3,not acept,not furnished,940.52,5700.98,163.12,79.14,6883.76
Sao Paulo,135.8,3,2,3,7,acept,furnished,692.21,6326.09,249.78,71.53,7339.61
Belo Horizonte,82.3,2,1,1,25,not acept,furnished,428.53,3996.61,87.36,36.02,4548.52
Curitiba,71.6,1,2,3,15,not acept,not furnished,420.73,2512.82,54.9,23.09,3011.54
Sao Paulo,126.4,2,3,3,25,acept,not furnished,354.26,3487.03,142.09,34.87,4018.25
Belo Horizonte,18.0,4,3,1,30,not acept,furnished,146.77,1556.41,27.19,15.09,1745.46
Sao Paulo,101.6,2,1,1,15,acept,not furnished,426.08,3835.99,100.79,22.21,4385.07
Curitiba,175.7,2,1,0,28,acept,not furnished,1013.07,5677.38,197.19,81.75,6969.39
Sao Paulo,66.4,4,3,2,20,acept,not furnished,562.58,3063.19,75.94,20.82,3722.53
Curitiba,18.0,3,4,2,1,acept,not furnished,38.83,419.71,20.39,2.41,481.34
Rio de Janeiro,124.9,1,1,1,11,not acept,not furnished,314.18,3372.41,157.76,19.54,3863.89
Fortaleza,72.7,1,2,1,19,not acept,not furnished,430.43,2385.18,114.39,26.85,2956.85
Sao Paulo,97.3,2,1,2,21,acept,not furnished,622.78,3218.3,158.63,44.42,4044.13
Rio de Janeiro,103.6,3,4,1,26,acept,not furnished,333.33,2422.04,118.53,28.52,2902.42
Sao Paulo,97.1,3,2,1,18,acept,not furnished,629.24,3459.46,78.34,29.48,4196.52
Fortaleza,18.0,2,3,0,0,not acept,furnished,80.6,431.66,13.43,4.46,530.15
Fortaleza,41.1,4,3,2,2,acept,furnished,334.03,2709.31,112.03,20.71,3176.08
Sao Paulo,85.8,1,1,2,8,not acept,furnished,416.86,2965.83,115.03,18.02,3515.74
Curitiba,44.7,2,3,1,7,not acept,furnished,136.52,919.08,18.83,5.43,1079.86
Salvador,32.3,5,4,0,5,not acept,furnished,282.58,1633.56,40.08,19.41,1975.63
Belo Horizonte,38.7,1,1,0,18,acept,not furnished,147.07,1088.51,51.72,10.03,1297.33
Belo Horizonte,138.9,4,3,1,11,acept,not furnished,607.77,4313.88,204.21,48.66,5174.52
Sao Paulo,86.8,3,2,0,20,not acept,not furnished,199.61,2244.29,87.61,26.36,2557.87
Sao Paulo,119.8,1,1,1,10,not acept,furnished,332.86,3848.12,39.48,56.08,4276.54
Fortaleza,18.0,3,3,2,6,not acept,furnished,426.34,2526.3,77.43,21.65,3051.72
Fortaleza,44.5,3,4,0,16,not acept,not furnished,123.69,897.14,16.5,6.27,1043.6
Curitiba,49.6,4,4,1,0,not acept,furnished,256.59,2827.22,115.89,17.79,3217.49
Rio de Janeiro,26.2,2,2,1,30,not acept,not furnished,244.99,2249.62,29.8,11.67,2536.08
Rio de Janeiro,131.9,2,2,0,19,not acept,not furnished,494.72,3067.44,129.79,20.02,3711.97
Porto Alegre,120.5,1,2,1,1,not acept,not furnished,377.32,14651.531950058692,59.69,31.99,3153.19
Fortaleza,83.9,3,2,1,18,not acept,not furnished,388.8,2217.68,55.14,20.61,2682.23
Fortaleza,92.7,2,2,1,0,acept,not furnished,379.33,2981.86,112.6,41.0,3514.79
Porto Alegre,73.2,1,1,0,14,acept,not furnished,172.69,1840.86,35.29,9.44,2058.28
Curitiba,97.7,5,5,1,7,acept,not furnished,420.84,3753.84,164.0,53.72,4392.4
Sao Paulo,74.2,2,2,1,21,acept,furnished,262.02,14594.05033539944,132.72,15.51,3221.82
Sao Paulo,167.3,1,1,1,13,not acept,not furnished,729.13,5296.7,262.33,78.45,6366.61
Fortaleza,55.5,3,3,0,23,not acept,not furnished,82.56,603.08,22.74,3.64,712.02
Belo Horizonte,38.2,4,4,1,5,acept,furnished,165.44,1861.3,60.37,13.16,2100.27
Sao Paulo,116.1,1,1,1,19,not acept,furnished,247.86,33160.60892160792,109.87,29.45,2794.07
Sao Paulo,104.0,1,2,2,20,not acept,furnished,949.96,4837.26,103.23,42.94,5933.39
Curitiba,105.8,1,1,1,13,not acept,furnished,686.29,3465.79,108.52,49.71,4310.31
Sao Paulo,115.7,1,1,0,26,not acept,not furnished,419.32,3462.09,64.69,21.21,3967.31
Sao Paulo,56.3,3,4,2,2,not acept,not furnished,225.33,2314.47,53.31,28.56,2621.67
Belo Horizonte,18.0,3,3,1,22,not acept,furnished,49.61,483.51,18.42,5.04,556.58
Curitiba,150.2,3,4,0,2,acept,furnished,411.16,4580.1,63.64,62.2,5117.1
Curitiba,100.9,3,4,0,2,not acept,not furnished,213.53,2365.79,69.64,14.49,2663.45
Sao Paulo,95.5,4,5,1,4,not acept,furnished,429.57,4164.19,181.79,58.44,4833.99
Curitiba,64.8,3,2,1,19,not acept,furnished,371.31,2721.12,81.19,14.58,3188.2
Sao Paulo,120.4,4,5,2,18,acept,not furnished,564.94,3412.65,67.02,47.17,4091.78
Rio de Janeiro,112.1,3,3,2,12,not acept,not furnished,338.97,3425.2,82.95,49.84,3896.96
Porto Alegre,90.0,3,4,2,8,acept,not furnished,374.06,2876.67,95.39,17.17,3363.29
Curitiba,18.0,2,1,1,18,not acept,not furnished,120.03,1329.73,46.41,11.48,1507.65
Salvador,51.2,2,1,1,2,not acept,not furnished,295.52,1911.59,19.74,26.07,2252.92
Curitiba,67.9,4,4,0,18,acept,furnished,365.89,2778.54,47.69,23.49,3215.61
Belo Horizonte,99.8,1,2,1,0,not acept,not furnished,778.51,4425.22,166.7,32.64,5403.07
Sao Paulo,18.1,3,3,1,2,not acept,not furnished,74.33,400.0,5.33,2.77,482.43
Rio de Janeiro,81.6,3,4,2,21,not acept,not furnished,287.79,16436.74253743468,116.06,29.89,3069.11
Sao Paulo,164.3,3,3,2,26,not acept,not furnished,621.46,4850.99,107.78,32.56,5612.79
Sao Paulo,19.9,3,3,2,0,acept,not furnished,151.83,1086.99,45.12,6.97,1290.91
Recife,72.8,2,2,1,18,not acept,furnished,472.82,2369.34,103.46,15.53,2961.15
Rio de Janeiro,204.5,2,1,1,0,acept,furnished,1473.06,7757.66,368.76,90.56,9690.04
Fortaleza,26.8,4,3,1,26,not acept,not furnished,306.41,1560.25,59.84,20.67,1947.17
Curitiba,37.7,2,3,2,10,not acept,furnished,258.26,1903.34,84.64,25.76,2272.0
Porto Alegre,78.2,3,2,0,22,acept,not furnished,511.26,2556.95,53.47,32.33,3154.01
Belo Horizonte,18.0,1,1,1,3,acept,not furnished,76.21,908.72,9.66,7.61,1002.2
Belo Horizonte,89.6,2,1,0,26,acept,furnished,604.21,3080.64,114.54,17.18,3816.57
Rio de Janeiro,123.5,2,1,3,11,not acept,not furnished,417.81,4052.97,82.04,47.46,4600.28
Sao Paulo,196.9,3,4,2,4,acept,furnished,1423.61,7209.73,288.32,95.64,9017.3
Porto Alegre,29.5,2,2,2,16,not acept,not furnished,225.01,1671.88,41.81,20.93,1959.63
Sao Paulo,72.6,1,1,3,7,not acept,not furnished,635.42,4249.3,173.05,57.44,5115.21
Sao Paulo,95.0,2,1,1,7,acept,not furnished,655.12,3468.28,140.37,38.39,4302.16
Curitiba,18.0,2,3,2,1,not acept,furnished,209.28,,29.22,14.01,1308.88
Sao Paulo,154.8,2,3,1,4,not acept,not furnished,528.86,5257.38,233.32,56.23,6075.79
Recife,56.8,2,2,1,24,not acept,furnished,331.37,2164.67,62.28,11.2,2569.52
Recife,75.3,3,4,1,15,not acept,not furnished,288.22,1766.69,85.43,12.99,2153.33
Fortaleza,19.0,2,2,0,9,not acept,not furnished,278.22,1686.4,19.55,17.17,2001.34
Rio de Janeiro,168.7,2,2,2,28,acept,furnished,682.05,6481.49,205.34,40.61,7409.49
Sao Paulo,53.2,5,4,0,24,acept,furnished,281.69,3186.43,34.23,35.63,3537.98
Fortaleza,51.3,2,1,2,8,not acept,not furnished,234.92,1877.14,42.45,10.08,2164.59
Rio de Janeiro,152.0,4,3,2,1,not acept,not furnished,986.54,5561.22,158.37,51.38,6757.51
Recife,49.3,2,1,1,3,acept,furnished,251.22,1278.64,21.52,15.54,1566.92
Recife,71.0,2,1,0,20,not acept,not furnished,315.54,2366.2,100.72,15.75,2798.21
Salvador,65.2,2,2,1,16,acept,furnished,528.83,2787.66,74.63,30.06,3421.18
Sao Paulo,143.9,3,2,0,30,acept,furnished,804.65,4827.61,76.17,48.45,5756.88
Rio de Janeiro,114.8,3,2,0,0,acept,not furnished,389.63,4137.98,89.67,51.41,4668.69
Salvador,33.1,2,1,2,26,acept,not furnished,341.8,2814.27,43.21,37.45,3236.73
Rio de Janeiro,145.3,3,3,1,0,not acept,not furnished,1063.05,6278.11,199.22,58.65,7599.03
Sao Paulo,75.5,3,4,0,11,not acept,not furnished,357.06,2671.23,76.67,39.83,3144.79
Belo Horizonte,76.4,1,2,0,28,acept,furnished,350.68,2209.4,40.75,13.79,2614.62
Fortaleza,29.8,3,2,2,19,not acept,not furnished,147.11,859.51,42.0,12.19,1060.81
Curitiba,55.1,3,4,1,17,not acept,not furnished,340.43,1721.79,62.65,16.84,2141.71
Belo Horizonte,60.2,2,2,2,8,not acept,not furnished,388.3,2041.7,46.54,27.96,2504.5
Sao Paulo,70.1,1,1,1,29,not acept,not furnished,340.9,2810.14,69.49,35.87,3256.4
Belo Horizonte,86.3,4,4,1,3,acept,not furnished,415.88,2358.55,112.5,23.76,2910.69
Recife,18.9,5,5,1,6,not acept,not furnished,158.27,1269.24,42.03,13.93,1483.47
Sao Paulo,139.5,1,1,2,12,acept,not furnished,772.68,4904.23,71.0,38.22,5786.13
Belo Horizonte,63.2,4,4,0,1,acept,not furnished,248.85,2847.45,120.33,30.63,3247.26
Fortaleza,18.0,2,1,2,11,acept,furnished,78.7,452.04,20.41,4.44,555.59
Porto Alegre,37.0,4,4,2,0,acept,not furnished,268.29,1348.6,48.56,10.12,1675.57
Curitiba,62.3,3,4,0,28,not acept,furnished,279.62,1932.77,22.99,14.5,2249.88
Curitiba,60.5,4,5,0,8,not acept,not furnished,386.08,2011.85,43.88,14.94,2456.75
Rio de Janeiro,102.1,3,4,2,18,not acept,not furnished,634.8,,135.02,40.37,4246.64
Sao Paulo,117.5,1,1,2,26,not acept,furnished,365.43,4490.14,90.33,41.76,4987.66
Salvador,62.4,1,1,1,24,not acept,not furnished,109.2,1203.26,33.16,15.81,1361.43
Salvador,20.1,3,4,1,26,acept,not furnished,214.77,1622.6,34.58,18.58,1890.53
Salvador,38.4,1,1,1,21,not acept,not furnished,216.9,1941.06,27.31,18.42,2203.69
Fortaleza,103.2,3,4,2,4,not acept,not furnished,265.0,2065.73,58.15,23.89,2412.77
Belo Horizonte,46.4,5,6,1,9,not acept,furnished,207.16,1466.41,51.47,19.51,1744.55
Belo Horizonte,23.9,2,2,2,14,acept,not furnished,71.41,520.04,11.22,7.24,609.91
Porto Alegre,23.1,3,4,0,8,acept,not furnished,124.06,1247.14,23.78,11.08,1406.06
Curitiba,48.9,2,1,1,29,not acept,not furnished,117.25,1198.71,17.97,13.31,1347.24
Curitiba,95.0,3,2,1,24,not acept,not furnished,428.73,3307.3,123.25,30.08,3889.36
Porto Alegre,67.9,2,3,3,24,acept,not furnished,206.12,1265.24,24.17,16.5,1512.03
Fortaleza,18.0,2,1,2,9,not acept,not furnished,162.23,1074.71,29.28,5.47,1271.69
Rio de Janeiro,89.0,4,3,2,22,not acept,furnished,405.37,4488.0,75.1,36.67,5005.14
Rio de Janeiro,126.2,4,3,2,18,acept,furnished,651.35,5717.02,198.02,75.59,6641.98
Sao Paulo,167.6,3,2,2,10,not acept,furnished,703.6,5422.38,189.64,53.21,6368.83
Belo Horizonte,18.0,3,2,2,7,acept,not furnished,121.33,1012.03,44.79,13.88,1192.03
Sao Paulo,135.4,3,4,1,23,not acept,not furnished,489.62,3663.79,181.04,46.21,4380.66
Rio de Janeiro,51.3,3,2,1,17,not acept,not furnished,293.52,2212.43,101.89,25.66,2633.5
Belo Horizonte,60.8,2,1,2,0,not acept,not furnished,455.34,2530.33,108.58,15.52,3109.77
Sao Paulo,85.4,1,2,2,0,not acept,not furnished,733.9,4074.55,184.72,20.92,5014.09
Belo Horizonte,90.0,2,2,1,25,not acept,not furnished,789.09,4092.9,49.74,38.95,4970.68
Sao Paulo,91.4,2,1,1,0,not acept,not furnished,460.06,3220.85,130.33,18.84,3830.08
Sao Paulo,180.4,2,2,2,14,acept,not furnished,819.68,7242.84,179.51,85.22,8327.25
Salvador,109.1,2,2,1,17,acept,not furnished,536.04,3287.78,57.65,39.2,3920.67
Rio de Janeiro,89.6,3,4,0,28,not acept,not furnished,656.87,3825.64,104.42,50.13,4637.06
Sao Paulo,123.5,2,2,1,14,not acept,not furnished,588.34,4828.05,70.55,30.25,5517.19
Belo Horizonte,73.2,3,3,1,4,not acept,furnished,692.67,3870.85,80.23,19.62,4663.37
Porto Alegre,43.3,3,3,3,6,not acept,not furnished,310.87,1903.82,50.47,11.31,2276.47
Sao Paulo,72.6,4,5,2,0,acept,furnished,466.8,2376.42,79.6,21.85,2944.67
Curitiba,105.2,1,1,1,5,not acept,not furnished,344.33,2835.46,134.32,16.03,3330.14
Sao Paulo,38.3,3,4,2,24,not acept,not furnished,113.7,596.22,7.72,5.08,722.72
Sao Paulo,228.4,3,4,1,22,acept,furnished,1142.31,9385.08,326.95,92.85,10947.19
Belo Horizonte,103.5,5,6,1,0,not acept,not furnished,700.16,3805.63,49.73,50.01,4605.53
Belo Horizonte,18.6,2,1,2,13,acept,not furnished,103.21,864.83,29.17,4.92,1002.13
Curitiba,78.9,2,2,2,7,acept,not furnished,632.91,3348.2,114.33,49.08,4144.52
Porto Alegre,54.4,2,1,0,19,acept,not furnished,122.2,1489.71,38.12,16.08,1666.11
Recife,60.3,2,2,2,29,not acept,not furnished,218.92,1702.2,20.57,24.06,1965.75
Belo Horizonte,75.7,3,2,2,18,not acept,not furnished,199.05,2314.05,99.14,29.77,2642.01
Rio de Janeiro,77.5,4,5,1,22,acept,not furnished,328.89,2551.55,59.92,12.9,2953.26
Porto Alegre,60.4,2,3,1,10,not acept,not furnished,158.25,1211.73,15.01,16.91,1401.9
Sao Paulo,98.5,2,2,3,0,not acept,furnished,548.01,2900.45,35.15,38.91,3522.52
Rio de Janeiro,85.5,2,3,3,11,acept,furnished,568.14,3228.57,43.59,48.03,3888.33
Sao Paulo,62.8,1,2,1,14,not acept,not furnished,325.77,2909.06,129.84,18.27,3382.94
Sao Paulo,18.0,4,3,0,14,acept,furnished,137.74,764.23,22.13,9.84,933.94
Recife,46.1,4,4,3,5,acept,not furnished,149.29,1466.79,65.88,7.86,1689.82
Salvador,64.2,2,1,0,13,acept,furnished,457.29,2803.75,112.02,36.61,3409.67
Curitiba,18.0,2,1,1,21,not acept,not furnished,160.64,1418.04,14.98,12.6,1606.26
Rio de Janeiro,139.7,4,5,0,8,acept,not furnished,768.46,3920.1,86.99,56.51,4832.06
Sao Paulo,187.9,1,1,1,18,acept,furnished,1270.06,6613.57,204.32,49.14,8137.09
Sao Paulo,175.4,3,3,0,2,acept,furnished,656.09,5645.48,63.19,61.16,6425.92
Sao Paulo,138.6,4,5,1,6,not acept,not furnished,367.33,4397.75,212.55,33.97,5011.6
Belo Horizonte,24.5,3,3,1,27,acept,furnished,311.27,1974.06,91.55,27.71,2404.59
Curitiba,46.0,1,1,0,18,acept,furnished,183.92,1847.98,35.92,22.17,2089.99
Curitiba,106.0,2,2,1,0,not acept,not furnished,222.16,2360.79,58.16,19.98,2661.09
Sao Paulo,136.3,4,4,1,6,acept,furnished,808.03,4278.36,167.16,42.02,5295.57
Recife,33.4,1,1,1,30,not acept,not furnished,204.74,1386.74,14.82,20.68,1626.98
Porto Alegre,18.0,2,3,3,6,acept,furnished,178.92,931.5,17.7,8.37,1136.49
Belo Horizonte,73.7,3,2,2,17,not acept,furnished,314.43,2813.76,85.86,15.25,3229.3
Belo Horizonte,87.9,4,5,2,16,acept,not furnished,353.41,2948.64,72.3,43.3,3417.65
Rio de Janeiro,119.3,3,2,1,11,acept,furnished,639.87,3325.5,47.94,48.92,4062.23
Sao Paulo,127.0,2,3,2,0,not acept,furnished,576.59,4320.12,139.09,49.01,5084.81
Rio de Janeiro,88.4,3,3,2,7,not acept,not furnished,280.79,2598.19,111.44,26.41,3016.83
Porto Alegre,83.9,2,2,3,29,acept,not furnished,362.05,2788.81,53.67,38.24,3242.77
Sao Paulo,18.0,2,1,1,0,not acept,not furnished,48.85,400.0,7.56,5.99,462.4
Sao Paulo,182.4,4,3,2,21,not acept,furnished,1209.52,6930.36,88.91,103.4,8332.19
Sao Paulo,97.1,2,2,0,27,not acept,not furnished,595.23,4602.51,148.07,57.13,5402.94
Sao Paulo,79.7,1,1,3,23,acept,furnished,272.3,3051.27,79.9,23.08,3426.55
Salvador,84.5,2,1,1,8,acept,not furnished,321.8,2107.79,74.36,23.42,2527.37
Curitiba,69.7,3,4,2,15,not acept,furnished,429.66,2302.0,26.22,13.18,2771.06
Rio de Janeiro,72.4,3,4,0,26,not acept,furnished,707.18,3731.01,132.83,46.0,4617.02
Sao Paulo,20.0,3,4,1,30,not acept,furnished,64.98,471.35,22.28,2.99,561.6
Rio de Janeiro,86.5,3,2,0,0,acept,not furnished,282.32,3460.92,148.38,28.76,3920.38
Rio de Janeiro,34.6,3,3,1,1,acept,not furnished,117.29,771.24,18.36,10.92,917.81
Sao Paulo,106.0,3,3,0,29,acept,not furnished,452.15,3321.34,47.9,36.7,3858.09
Rio de Janeiro,128.5,2,2,1,26,not acept,not furnished,1157.14,5996.07,189.11,68.38,7410.7
Rio de Janeiro,57.3,2,2,1,4,not acept,not furnished,400.68,2150.6,45.92,14.03,2611.23
Belo Horizonte,64.7,3,4,2,30,acept,furnished,737.32,3922.7,40.92,48.7,4749.64
Curitiba,123.7,1,2,1,4,acept,furnished,918.68,5281.88,139.16,67.88,6407.6
Sao Paulo,99.7,2,1,1,0,not acept,not furnished,398.9,3627.2,114.61,52.93,4193.64
Rio de Janeiro,93.7,2,2,0,20,acept,not furnished,379.73,2545.61,104.42,28.56,3058.32
Curitiba,42.1,3,2,2,15,not acept,furnished,247.14,1361.4,66.97,18.99,1694.5
Belo Horizonte,34.9,3,3,1,5,acept,not furnished,305.89,1754.24,78.35,22.27,2160.75
Salvador,115.2,3,3,1,28,not acept,not furnished,668.82,3739.48,118.4,33.29,4559.99
Curitiba,106.0,3,2,1,11,not acept,not furnished,400.02,2913.27,123.14,19.58,3456.01
Sao Paulo,70.5,4,5,1,11,not acept,not furnished,138.92,1241.57,53.6,18.02,1452.11
Sao Paulo,18.0,2,1,2,18,not acept,furnished,39.21,,21.79,6.52,515.33
Curitiba,64.2,3,2,3,5,acept,not furnished,208.8,1840.97,36.6,13.85,2100.22
Sao Paulo,116.5,1,1,0,17,not acept,not furnished,345.32,4193.69,84.18,61.95,4685.14
Belo Horizonte,40.1,2,3,0,9,acept,not furnished,248.99,2089.2,39.16,22.34,2399.69
Recife,32.3,4,3,2,20,acept,not furnished,120.85,621.99,28.64,4.91,776.39
Belo Horizonte,109.5,2,3,2,5,acept,not furnished,305.43,2724.34,101.79,37.19,3168.75
Rio de Janeiro,71.4,2,3,1,3,acept,furnished,406.42,2120.74,33.07,25.1,2585.33
Curitiba,81.4,3,4,0,5,acept,furnished,491.88,2500.23,121.15,24.28,3137.54
Rio de Janeiro,139.5,1,2,1,28,not acept,furnished,514.93,5576.38,190.81,54.89,6337.01
Belo Horizonte,70.5,3,3,2,25,not acept,not furnished,318.34,1794.42,18.1,25.97,2156.83
Recife,48.2,2,2,1,25,acept,not furnished,419.85,2165.77,59.48,19.1,2664.2
Rio de Janeiro,28.8,2,2,2,23,not acept,not furnished,127.15,1208.3,49.43,10.54,1395.42
Recife,102.7,3,3,1,18,not acept,not furnished,352.25,2791.1,62.55,24.42,3230.32
Fortaleza,18.0,3,3,1,0,not acept,not furnished,148.3,821.37,30.26,11.84,1011.77
Sao Paulo,151.4,2,1,2,8,not acept,not furnished,590.41,6094.43,235.98,68.27,6989.09
Sao Paulo,122.4,3,4,1,16,not acept,not furnished,694.32,4716.73,203.49,69.06,5683.6
Sao Paulo,176.3,3,3,0,1,not acept,not furnished,731.26,6710.68,222.92,82.8,7747.66
Sao Paulo,171.1,3,4,1,0,acept,furnished,1252.71,7291.24,128.78,96.54,8769.27
Sao Paulo,82.1,2,2,2,0,not acept,not furnished,656.16,4253.95,185.85,43.61,5139.57
Curitiba,18.0,2,2,0,1,not acept,not furnished,61.65,400.0,6.93,4.8,473.38
Sao Paulo,98.8,2,1,3,1,not acept,furnished,967.15,5091.69,144.3,40.22,6243.36
Rio de Janeiro,56.0,2,3,2,4,acept,furnished,271.51,1689.62,22.98,9.76,1993.87
Salvador,60.7,1,1,1,14,acept,not furnished,217.06,2222.14,36.37,14.78,2490.35
Sao Paulo,125.2,2,2,2,7,acept,not furnished,524.99,5204.36,91.98,76.64,5897.97
Salvador,76.8,4,3,2,26,not acept,not furnished,173.16,1533.05,59.45,8.71,1774.37
Sao Paulo,114.6,3,4,1,26,acept,furnished,353.43,4179.95,78.55,38.99,4650.92
Sao Paulo,199.2,2,3,0,28,not acept,not furnished,984.33,7950.7,242.39,117.35,9294.77
Curitiba,121.7,3,3,1,13,not acept,not furnished,389.99,3096.43,114.87,27.86,3629.15
Curitiba,73.6,3,2,1,23,acept,furnished,375.16,2271.79,72.7,30.87,2750.52
Fortaleza,18.0,2,1,1,17,acept,not furnished,108.95,912.59,33.24,6.04,1060.82
Porto Alegre,82.5,3,3,1,2,not acept,furnished,498.34,2726.37,125.36,27.53,3377.6
Salvador,106.8,1,2,1,18,not acept,furnished,370.31,,142.82,25.87,3475.55
Sao Paulo,129.0,3,3,1,25,acept,not furnished,735.45,3678.6,137.44,45.69,4597.18
Sao Paulo,109.0,2,3,2,9,not acept,not furnished,436.22,3183.85,55.62,16.77,3692.46
Porto Alegre,71.1,2,1,2,22,not acept,not furnished,405.87,2176.37,107.01,27.61,2716.86
Salvador,28.4,2,2,2,23,acept,furnished,263.99,2478.75,31.75,19.36,2793.85
Recife,27.5,3,3,0,19,acept,furnished,83.54,1038.75,48.93,13.4,1184.62
Rio de Janeiro,35.7,3,3,0,27,not acept,furnished,111.93,790.6,22.19,6.8,931.52
Rio de Janeiro,135.3,2,3,1,2,not acept,furnished,755.88,5331.04,232.96,29.09,6348.97
Porto Alegre,57.5,1,2,1,25,acept,furnished,228.3,1173.16,27.69,6.01,1435.16
Rio de Janeiro,181.7,3,2,1,18,acept,not furnished,647.07,6255.82,203.06,87.35,7193.3
Fortaleza,60.0,4,5,2,26,acept,not furnished,202.9,1957.37,30.67,28.1,2219.04
Salvador,60.4,3,4,1,15,not acept,not furnished,286.45,2197.78,101.55,18.36,2604.14
Rio de Janeiro,108.1,5,5,2,8,not acept,furnished,484.94,3412.28,75.04,31.42,4003.68
Porto Alegre,86.1,1,1,0,27,acept,not furnished,627.09,3993.78,81.84,57.19,4759.9
Porto Alegre,31.0,2,1,2,26,acept,not furnished,220.56,1911.76,53.2,18.68,2204.2
Sao Paulo,178.7,3,3,2,6,not acept,not furnished,745.17,6665.64,164.11,78.56,7653.48
Fortaleza,29.6,2,3,1,22,not acept,furnished,123.8,684.52,10.62,6.88,825.82
Belo Horizonte,118.1,1,2,3,0,acept,not furnished,511.65,3669.88,40.31,50.15,4271.99
Salvador,64.0,2,2,1,0,not acept,furnished,418.09,2179.98,49.79,31.62,2679.48
Rio de Janeiro,134.6,2,2,3,14,acept,not furnished,862.26,5322.26,206.47,65.39,6456.38
Fortaleza,34.4,2,3,2,0,acept,not furnished,133.14,1521.71,26.72,11.3,1692.87
Rio de Janeiro,34.8,5,4,1,12,acept,furnished,161.4,1737.93,29.37,11.25,1939.95
Sao Paulo,176.9,2,2,0,24,acept,furnished,1165.79,6323.81,197.88,33.55,7721.03
Fortaleza,61.5,1,2,2,27,not acept,not furnished,215.93,2051.02,75.61,24.22,2366.78
Sao Paulo,119.5,1,1,1,6,acept,not furnished,474.95,4741.98,234.6,60.63,5512.16
Rio de Janeiro,82.0,4,3,1,0,acept,furnished,545.79,2926.23,39.02,33.53,3544.57
Recife,60.7,3,2,0,18,acept,not furnished,369.58,1899.81,54.22,11.55,2335.16
Recife,38.2,1,2,1,6,not acept,furnished,275.27,24733.01411849975,84.78,10.85,2110.05
Belo Horizonte,159.3,2,1,1,0,acept,furnished,490.62,5321.91,190.14,59.36,6062.03
Curitiba,72.9,3,3,3,2,not acept,not furnished,224.24,2713.15,97.74,31.36,3066.49
Rio de Janeiro,69.5,2,1,2,28,not acept,not furnished,383.17,2523.17,115.96,18.75,3041.05
Sao Paulo,86.0,5,6,1,26,not acept,not furnished,376.78,4327.09,102.1,38.99,4844.96
Rio de Janeiro,18.0,3,3,1,25,not acept,not furnished,123.33,845.92,27.01,12.12,1008.38
Curitiba,66.8,2,1,2,8,not acept,not furnished,321.46,2507.14,72.03,14.25,2914.88
Porto Alegre,63.4,4,3,1,21,not acept,not furnished,273.27,3256.4,77.11,23.52,3630.3
Porto Alegre,69.3,2,1,1,29,acept,not furnished,264.76,1361.36,61.69,18.02,1705.83
Porto Alegre,78.0,2,3,0,16,acept,not furnished,171.18,2111.45,56.47,25.04,2364.14
Sao Paulo,200.2,2,3,1,8,not acept,not furnished,917.8,105461.91847963848,117.25,77.49,8604.78
Rio de Janeiro,81.7,3,2,0,24,not acept,furnished,584.05,3305.77,53.58,36.07,3979.47
Sao Paulo,18.0,2,2,1,12,acept,not furnished,78.78,400.0,5.83,2.61,487.22
Belo Horizonte,93.5,2,1,2,16,acept,furnished,269.58,3155.89,125.63,36.29,3587.39
Rio de Janeiro,110.5,1,1,0,15,not acept,not furnished,801.34,4128.62,199.99,36.95,5166.9
Fortaleza,58.0,4,4,1,4,not acept,not furnished,137.32,1140.73,22.44,17.07,1317.56
Rio de Janeiro,76.0,2,3,1,0,acept,not furnished,242.99,2454.02,29.42,12.93,2739.36
Sao Paulo,146.2,2,1,1,30,acept,not furnished,732.16,4094.0,61.67,59.35,4947.18
Sao Paulo,132.6,3,4,2,11,not acept,furnished,1074.83,6841.15,270.42,50.24,8236.64
Porto Alegre,39.9,3,2,1,7,not acept,furnished,109.66,1193.1,49.98,9.96,1362.7
Belo Horizonte,49.2,4,4,2,23,not acept,not furnished,314.89,2042.1,48.88,11.44,2417.31
Sao Paulo,164.6,2,3,3,17,not acept,furnished,1235.11,6939.14,71.73,78.8,8324.78
Sao Paulo,126.9,4,5,1,27,acept,not furnished,568.11,3894.42,174.05,41.77,4678.35
Curitiba,86.4,3,4,1,23,acept,furnished,290.64,2399.7,32.72,31.03,2754.09
Sao Paulo,81.2,1,1,1,7,not acept,not furnished,251.63,2381.51,38.41,23.53,2695.08
Salvador,54.6,4,5,2,17,not acept,not furnished,488.99,2875.37,57.14,33.72,3455.22
Curitiba,78.7,3,2,2,14,not acept,not furnished,250.26,1956.66,69.32,28.41,2304.65
Sao Paulo,164.7,3,2,1,29,acept,furnished,1251.64,6960.03,166.9,63.48,8442.05
Sao Paulo,89.9,4,4,2,5,not acept,not furnished,425.41,2477.59,29.28,24.13,2956.41
Recife,49.6,3,4,1,7,not acept,not furnished,434.61,2552.16,103.1,25.64,3115.51
Rio de Janeiro,44.3,1,1,3,28,not acept,not furnished,244.35,1394.13,44.82,14.47,1697.77
Rio de Janeiro,112.4,4,5,2,12,not acept,not furnished,607.83,4144.04,179.06,31.1,4962.03
Salvador,51.8,2,1,2,12,acept,furnished,443.72,2556.67,32.3,18.68,3051.37
Recife,18.0,3,3,0,26,not acept,furnished,88.35,476.38,22.89,4.23,591.85
Recife,44.4,2,1,1,7,not acept,not furnished,202.68,1745.53,24.64,23.78,1996.63
Porto Alegre,18.0,2,1,1,20,not acept,furnished,124.59,1130.47,36.54,14.92,1306.52
Rio de Janeiro,87.3,3,2,1,21,not acept,furnished,372.48,2758.01,84.96,14.96,3230.41
Sao Paulo,196.9,2,2,2,12,acept,furnished,991.24,62117.61098483047,309.46,88.54,8162.97
Porto Alegre,18.0,3,2,2,8,acept,not furnished,108.93,1306.48,42.43,10.38,1468.22
Belo Horizonte,85.5,4,4,2,22,not acept,not furnished,259.32,2546.97,53.86,13.99,2874.14
Rio de Janeiro,68.3,2,2,1,6,acept,not furnished,314.16,3800.25,64.13,33.97,4212.51
Fortaleza,27.8,3,2,1,24,acept,not furnished,146.4,993.18,20.25,5.93,1165.76
Sao Paulo,149.0,3,4,1,11,not acept,not furnished,806.94,4676.99,97.34,34.63,5615.9
Rio de Janeiro,104.2,3,2,2,0,not acept,not furnished,612.14,3416.38,63.08,42.65,4134.25
Sao Paulo,126.6,3,3,2,16,acept,furnished,654.15,4449.62,86.14,24.59,5214.5
Rio de Janeiro,106.2,2,3,1,4,not acept,not furnished,311.66,3669.3,162.48,34.6,4178.04
Sao Paulo,96.4,2,1,1,13,acept,not furnished,500.48,3316.94,148.68,23.22,3989.32
Sao Paulo,138.8,2,1,2,24,acept,not furnished,597.69,4672.26,145.96,43.42,5459.33
Sao Paulo,155.0,2,1,0,4,acept,furnished,926.33,5093.69,237.35,70.19,6327.56
Curitiba,60.3,3,2,3,4,not acept,not furnished,330.36,2565.16,77.44,33.64,3006.6
Porto Alegre,51.3,1,1,2,13,not acept,not furnished,457.19,2751.07,93.52,25.06,3326.84
Belo Horizonte,38.9,5,6,1,13,acept,not furnished,116.47,1126.73,56.07,7.39,1306.66
Recife,34.3,3,2,2,12,not acept,not furnished,395.31,2071.81,51.65,30.24,2549.01
Rio de Janeiro,62.9,2,2,2,20,not acept,not furnished,303.1,2625.77,92.17,25.96,3047.0
Sao Paulo,102.4,1,1,1,6,not acept,not furnished,235.95,2923.98,109.24,18.92,3288.09
Salvador,66.2,3,4,1,6,acept,not furnished,209.2,2329.88,78.8,17.42,2635.3
Sao Paulo,53.5,3,3,2,0,acept,furnished,340.54,3167.11,71.61,42.09,3621.35
Recife,89.6,5,6,2,10,acept,not furnished,271.87,2722.53,127.59,19.43,3141.42
Sao Paulo,86.6,2,2,0,4,not acept,not furnished,260.02,2528.0,115.89,15.02,2918.93
Recife,41.4,1,2,2,17,not acept,furnished,279.86,1871.88,89.97,15.09,2256.8
Sao Paulo,116.1,4,3,1,3,acept,not furnished,627.02,4583.38,115.52,56.99,5382.91
Fortaleza,41.3,2,2,2,27,not acept,not furnished,224.9,1359.37,61.89,12.15,1658.31
Belo Horizonte,60.5,3,3,2,25,acept,not furnished,288.57,1650.49,58.22,11.37,2008.65
Recife,71.9,1,2,1,23,not acept,not furnished,432.5,3045.73,151.82,42.61,3672.66
Sao Paulo,18.0,3,4,1,24,not acept,not furnished,121.34,802.77,21.16,8.25,953.52
Belo Horizonte,42.9,1,2,2,29,not acept,not furnished,340.04,1964.58,20.05,28.62,2353.29
Recife,55.5,3,3,0,8,not acept,not furnished,167.93,1849.66,55.82,26.74,2100.15
Belo Horizonte,18.0,3,4,2,30,acept,not furnished,86.79,657.1,20.73,7.28,771.9
Curitiba,76.9,5,4,1,27,not acept,furnished,403.23,2811.7,80.26,26.82,3322.01
Curitiba,20.4,1,2,1,9,not acept,not furnished,284.4,1874.18,49.17,17.14,2224.89
Rio de Janeiro,137.1,2,1,1,26,not acept,not furnished,566.92,3907.09,73.44,36.37,4583.82
Curitiba,56.7,1,1,1,27,not acept,not furnished,314.76,2577.98,101.12,13.7,3007.56
Belo Horizonte,33.8,4,5,3,0,acept,not furnished,245.04,2140.1,66.95,25.31,2477.4
Fortaleza,68.5,3,2,1,26,acept,furnished,354.21,2665.35,37.78,21.67,3079.01
Sao Paulo,18.0,3,2,1,12,not acept,furnished,65.9,748.99,10.5,6.24,831.63
Sao Paulo,125.7,1,1,2,24,acept,not furnished,632.72,4633.94,190.4,59.53,5516.59
Recife,18.4,3,4,0,1,acept,not furnished,294.09,1501.36,50.19,22.22,1867.86
Fortaleza,44.1,2,3,2,3,acept,not furnished,172.64,1996.58,60.31,12.22,2241.75
Rio de Janeiro,18.0,2,1,0,30,not acept,not furnished,39.34,400.0,7.54,2.85,449.73
Curitiba,86.0,3,3,1,11,not acept,furnished,621.13,3990.79,89.92,23.45,4725.29
Sao Paulo,206.5,1,1,1,24,not acept,not furnished,1142.39,6928.37,295.26,89.4,8455.42
Sao Paulo,123.4,3,4,1,22,acept,not furnished,604.28,4409.76,93.32,53.96,5161.32
Rio de Janeiro,83.2,4,3,2,23,acept,furnished,675.32,3553.98,60.63,40.47,4330.4
Rio de Janeiro,89.1,4,3,3,23,not acept,not furnished,378.5,2746.6,99.87,19.0,3243.97
Belo Horizonte,18.0,3,4,2,28,not acept,furnished,134.63,17349.749402749843,58.98,15.09,1654.43
Sao Paulo,91.7,2,3,1,17,acept,not furnished,244.47,24084.500494530148,30.22,19.55,2072.49
Recife,65.6,3,3,1,11,acept,furnished,358.13,2526.18,50.77,36.63,2971.71
Recife,39.3,1,1,1,28,not acept,not furnished,123.38,7123.660201410055,10.59,11.03,1083.59
Curitiba,66.7,1,1,2,9,not acept,not furnished,414.3,13260.200989017188,24.4,29.84,2651.97
Belo Horizonte,38.1,3,2,2,18,not acept,not furnished,167.9,1221.04,14.89,16.34,1420.17
Rio de Janeiro,58.0,4,4,1,26,acept,not furnished,418.21,2564.25,31.54,32.16,3046.16
Salvador,36.4,1,1,0,28,not acept,furnished,355.02,2517.17,103.51,21.83,2997.53
Curitiba,95.5,1,1,2,29,not acept,furnished,549.83,3288.79,110.22,45.32,3994.16
Sao Paulo,46.9,3,4,1,19,not acept,not furnished,206.3,2216.64,46.11,27.88,2496.93
Fortaleza,46.9,2,1,1,21,acept,furnished,345.19,1784.94,25.99,21.93,2178.05
Salvador,56.8,3,2,1,14,not acept,not furnished,258.55,1685.36,81.03,10.75,2035.69
Recife,74.7,2,1,0,7,acept,not furnished,347.21,2969.35,73.94,42.38,3432.88
Porto Alegre,32.0,1,2,0,0,not acept,furnished,70.93,656.78,6.93,3.3,737.94
Belo Horizonte,111.1,3,3,1,5,not acept,furnished,691.92,4105.7,43.69,33.24,4874.55
Rio de Janeiro,42.3,4,4,1,30,acept,not furnished,175.78,1568.38,29.04,18.46,1791.66
Fortaleza,36.2,3,2,1,24,acept,not furnished,109.37,10617.31753559896,34.51,5.31,966.22
Salvador,18.0,4,3,3,13,not acept,furnished,129.38,840.13,34.99,10.69,1015.19
Sao Paulo,59.5,2,1,1,9,acept,furnished,454.82,2486.27,27.21,16.01,2984.31
Sao Paulo,93.3,4,5,2,0,not acept,not furnished,563.77,3140.58,56.65,15.75,3776.75
Rio de Janeiro,72.7,2,1,1,0,acept,furnished,552.05,3449.19,136.27,18.23,4155.74
Salvador,63.9,4,5,1,22,not acept,not furnished,253.8,2270.16,29.35,16.25,2569.56
Recife,73.1,3,2,2,30,acept,not furnished,98.26,988.26,26.31,10.33,1123.16
Sao Paulo,130.0,2,1,2,6,not acept,not furnished,677.46,4657.57,225.53,26.81,5587.37
Belo Horizonte,133.2,2,1,0,6,acept,not furnished,626.77,3373.68,111.82,29.0,4141.27
Rio de Janeiro,92.1,3,3,1,28,acept,furnished,462.67,3586.59,97.68,24.77,4171.71
Recife,25.3,1,1,1,17,acept,furnished,191.57,1137.33,55.08,15.69,1399.67
Salvador,50.9,4,3,2,3,not acept,not furnished,296.87,1650.7,49.95,12.67,2010.19
Salvador,69.8,2,1,2,0,not acept,furnished,240.93,2160.69,73.62,24.89,2500.13
Rio de Janeiro,77.4,2,1,1,16,acept,not furnished,696.08,3556.46,108.45,43.88,4404.87
Rio de Janeiro,40.3,2,3,2,12,not acept,not furnished,198.23,,71.72,11.43,2073.68
Sao Paulo,115.1,1,2,2,12,acept,not furnished,496.18,3291.97,76.68,20.46,3885.29
Sao Paulo,41.6,3,2,1,29,not acept,furnished,314.61,1964.32,31.59,27.68,2338.2
Salvador,65.9,3,4,0,6,not acept,not furnished,368.06,2514.76,72.62,16.55,2971.99
Salvador,58.5,4,3,0,13,acept,not furnished,331.64,2145.31,84.33,22.55,2583.83
Recife,49.3,1,1,0,4,acept,not furnished,198.55,1884.88,54.03,20.81,2158.27
Recife,31.4,4,5,0,8,acept,not furnished,212.19,2180.29,39.45,17.87,2449.8
Belo Horizonte,56.6,2,3,1,23,acept,furnished,156.4,1910.75,30.55,18.76,2116.46
Porto Alegre,100.0,4,3,3,4,not acept,not furnished,375.54,2453.64,119.84,19.72,2968.74
Recife,70.1,1,1,1,20,not acept,not furnished,270.75,1418.46,66.47,18.82,1774.5
Salvador,63.9,3,2,2,1,not acept,not furnished,211.11,1305.73,29.3,8.52,1554.66
Sao Paulo,132.3,3,2,2,4,acept,not furnished,833.53,35679.37877599295,255.86,42.33,6403.16
Rio de Janeiro,103.6,2,2,2,0,acept,not furnished,526.79,3660.56,127.34,36.85,4351.54
Sao Paulo,136.3,1,2,1,18,acept,not furnished,759.48,4926.05,109.97,39.41,5834.91
Recife,69.6,3,3,1,30,not acept,furnished,304.31,1824.59,40.5,24.85,2194.25
Belo Horizonte,74.0,1,1,1,19,not acept,not furnished,197.38,2011.15,92.52,28.06,2329.11
Sao Paulo,130.3,3,4,2,28,acept,not furnished,569.04,3394.37,84.25,44.32,4091.98
Curitiba,34.1,3,3,1,15,acept,not furnished,159.94,1621.67,21.27,22.47,1825.35
Belo Horizonte,90.3,3,3,1,20,acept,not furnished,400.42,3472.07,137.45,32.3,4042.24
Rio de Janeiro,177.9,5,4,1,28,not acept,not furnished,676.22,5601.61,89.0,58.22,6425.05
Sao Paulo,64.4,2,2,1,0,acept,furnished,489.5,4283.57,161.25,48.59,4982.91
Curitiba,67.2,2,1,1,17,not acept,not furnished,326.03,2280.68,85.99,29.23,2721.93
Belo Horizonte,121.8,2,3,2,16,acept,not furnished,461.92,3150.5,103.39,26.75,3742.56
Porto Alegre,56.5,3,3,2,0,acept,not furnished,252.86,1417.76,46.68,7.96,1725.26
Belo Horizonte,101.2,4,5,1,2,not acept,furnished,466.03,3122.31,74.97,42.75,3706.06
Salvador,23.3,5,6,1,16,not acept,not furnished,433.88,2174.02,57.47,27.66,2693.03
Belo Horizonte,32.9,4,3,2,14,not acept,not furnished,320.24,1960.12,29.09,19.54,2328.99
Belo Horizonte,74.4,4,4,1,9,acept,not furnished,321.3,1917.65,61.72,11.18,2311.85
Fortaleza,74.8,5,6,1,20,not acept,not furnished,362.25,1813.61,77.37,16.95,2270.18
Rio de Janeiro,80.1,2,2,2,9,not acept,not furnished,401.33,3712.63,41.62,20.54,4176.12
Sao Paulo,18.0,4,4,2,23,not acept,not furnished,63.04,400.0,15.34,4.16,482.54
Sao Paulo,78.0,3,3,1,24,acept,not furnished,637.08,3414.93,52.49,19.64,4124.14
Porto Alegre,18.0,2,2,1,19,acept,not furnished,108.76,554.47,23.26,6.89,693.38
Curitiba,73.5,1,2,1,6,not acept,not furnished,281.26,2105.51,21.14,13.07,2420.98
Curitiba,103.3,2,2,0,24,not acept,furnished,382.13,2901.35,37.93,25.09,3346.5
Sao Paulo,72.9,3,2,0,6,acept,not furnished,176.88,1935.91,83.01,15.54,2211.34
Sao Paulo,124.9,3,2,0,7,not acept,not furnished,732.39,3885.14,80.72,27.64,4725.89
Sao Paulo,107.6,2,2,0,17,acept,not furnished,579.98,3014.27,137.9,43.64,3775.79
Rio de Janeiro,90.5,3,3,1,20,not acept,not furnished,678.08,3642.84,150.25,45.72,4516.89
Belo Horizonte,54.9,1,1,1,10,acept,not furnished,223.63,2089.18,74.48,26.13,2413.42
Rio de Janeiro,88.8,4,4,1,17,not acept,furnished,538.1,4630.63,101.83,41.28,5311.84
Rio de Janeiro,98.1,3,4,1,5,acept,not furnished,611.66,3155.97,137.54,38.79,3943.96
Fortaleza,73.3,5,5,3,24,not acept,not furnished,249.48,1623.12,28.81,16.08,1917.49
Rio de Janeiro,124.5,2,2,1,30,acept,furnished,726.54,4660.84,212.88,44.95,5645.21
Belo Horizonte,71.5,4,5,2,20,acept,not furnished,298.45,2295.02,92.39,30.23,2716.09
Porto Alegre,30.4,2,2,1,8,acept,furnished,423.14,2750.78,65.84,23.3,3263.06
Rio de Janeiro,48.8,2,3,3,9,acept,not furnished,272.75,2747.71,46.64,16.21,3083.31
Curitiba,101.0,3,4,1,0,not acept,not furnished,693.91,3578.28,99.02,19.65,4390.86
Salvador,65.2,3,2,1,19,acept,not furnished,320.18,1654.99,25.23,22.27,2022.67
Recife,34.7,5,4,3,17,acept,furnished,393.39,2151.41,63.27,27.92,2635.99
Sao Paulo,98.2,3,3,2,29,not acept,not furnished,406.6,3672.37,70.05,38.71,4187.73
Fortaleza,18.0,4,3,3,11,not acept,not furnished,74.05,400.0,4.07,3.38,481.5
Rio de Janeiro,81.3,2,2,1,28,acept,not furnished,479.69,2924.69,91.44,21.51,3517.33
Sao Paulo,55.4,2,2,0,23,acept,not furnished,124.0,1131.98,24.9,15.05,1295.93
Rio de Janeiro,87.8,3,2,1,7,acept,not furnished,549.16,3046.85,104.95,18.75,3719.71
Recife,41.1,2,1,3,0,not acept,furnished,205.97,2265.56,51.0,30.57,2553.1
Rio de Janeiro,103.6,5,5,1,21,acept,not furnished,645.03,3884.53,145.19,31.18,4705.93
Rio de Janeiro,64.5,3,3,0,14,not acept,not furnished,370.45,1855.12,68.03,13.35,2306.95
Curitiba,122.8,3,3,1,29,acept,not furnished,499.49,3791.67,41.71,54.18,4387.05
Sao Paulo,145.6,3,4,1,0,not acept,furnished,918.29,5939.95,222.99,53.08,7134.31
Sao Paulo,56.2,3,3,0,15,not acept,furnished,103.97,981.07,16.99,14.27,1116.3
Sao Paulo,245.1,1,1,1,23,acept,furnished,1171.87,8617.85,369.1,98.59,10257.41
Sao Paulo,68.2,3,3,1,23,not acept,not furnished,297.15,3195.59,47.17,35.32,3575.23
Sao Paulo,20.1,3,2,1,20,not acept,not furnished,307.57,1881.77,37.45,16.59,2243.38
Sao Paulo,135.2,5,4,0,10,not acept,furnished,752.23,4354.93,143.48,33.12,5283.76
Curitiba,67.7,1,2,2,0,acept,not furnished,325.05,2158.34,57.81,13.09,2554.29
Sao Paulo,171.2,3,3,1,7,acept,furnished,1314.27,7779.89,386.33,84.58,9565.07
Rio de Janeiro,218.5,1,1,0,19,acept,not furnished,1017.91,6253.3,242.53,34.4,7548.14
Fortaleza,31.5,1,1,1,23,not acept,furnished,344.75,1807.33,34.0,16.37,2202.45
Rio de Janeiro,114.4,3,3,2,24,not acept,not furnished,583.49,4245.86,167.0,57.69,5054.04
Curitiba,58.3,2,2,1,23,not acept,not furnished,165.35,1143.44,27.73,16.14,1352.66
Sao Paulo,174.2,3,3,0,8,acept,not furnished,746.66,5989.61,65.32,55.81,6857.4
Sao Paulo,19.0,3,2,0,20,not acept,furnished,202.0,1651.09,35.11,14.04,1902.24
Sao Paulo,104.1,2,3,0,29,not acept,not furnished,711.27,3993.01,190.23,40.58,4935.09
Sao Paulo,111.5,3,2,1,2,not acept,furnished,660.28,3448.57,52.16,20.79,4181.8
Sao Paulo,173.8,1,1,0,22,acept,furnished,711.64,6073.53,199.78,36.96,7021.91
Sao Paulo,50.8,4,3,2,11,acept,not furnished,262.85,2016.88,99.03,10.88,2389.64
Sao Paulo,156.6,1,2,0,5,acept,furnished,702.89,5748.33,177.23,78.92,6707.37
Sao Paulo,195.8,1,1,1,8,acept,not furnished,1197.27,6558.28,152.19,84.97,7992.71
Rio de Janeiro,181.4,3,4,2,3,acept,not furnished,1157.03,5972.16,202.71,45.33,7377.23
Sao Paulo,156.7,5,4,2,24,not acept,furnished,1195.79,6352.51,128.72,75.52,7752.54
Rio de Janeiro,110.3,4,3,1,10,not acept,not furnished,262.83,3221.43,132.16,44.8,3661.22
Belo Horizonte,116.1,2,1,1,28,acept,not furnished,357.76,3551.68,158.07,46.66,4114.17
Curitiba,90.9,2,1,3,29,not acept,not furnished,415.48,2216.83,53.41,15.35,2701.07
Sao Paulo,18.0,3,3,2,29,acept,furnished,60.91,425.88,17.43,3.39,507.61
Porto Alegre,74.0,4,3,2,2,acept,not furnished,323.19,2579.39,111.97,20.24,3034.79
Curitiba,84.3,2,1,2,9,acept,not furnished,374.32,2905.51,76.47,27.48,3383.78
Sao Paulo,121.6,2,2,0,8,acept,not furnished,863.64,4827.7,231.68,47.43,5970.45
Fortaleza,77.0,1,1,0,28,acept,not furnished,354.82,1999.34,75.16,15.75,2445.07
Fortaleza,110.4,2,2,3,0,not acept,not furnished,440.27,2454.39,69.37,33.16,2997.19
Sao Paulo,126.6,3,4,2,17,not acept,not furnished,770.47,4239.38,145.92,23.86,5179.63
Sao Paulo,19.6,1,1,1,13,not acept,not furnished,93.48,1058.29,31.62,10.75,1194.14
Salvador,68.3,2,1,0,30,not acept,furnished,330.0,1932.42,32.08,16.54,2311.04
Porto Alegre,58.2,2,2,0,29,acept,not furnished,226.99,1480.65,42.19,19.35,1769.18
Sao Paulo,104.9,2,1,2,11,not acept,not furnished,419.38,3797.08,122.66,54.92,4394.04
Sao Paulo,113.5,1,1,0,12,not acept,not furnished,641.9,4248.01,69.77,25.97,4985.65
Rio de Janeiro,38.9,3,4,1,10,not acept,furnished,462.09,2851.27,130.21,27.05,3470.62
Rio de Janeiro,71.2,4,3,2,23,not acept,not furnished,420.07,2828.07,95.78,25.73,3369.65
Belo Horizonte,55.1,1,1,0,1,not acept,furnished,244.19,1996.52,57.01,10.4,2308.12
Rio de Janeiro,124.3,3,2,1,1,not acept,not furnished,457.92,4187.95,173.29,57.01,4876.17
Rio de Janeiro,145.6,4,4,1,21,not acept,furnished,458.64,5075.9,206.34,36.03,5776.91
Porto Alegre,40.7,2,1,0,0,not acept,furnished,187.38,2158.13,54.98,12.66,2413.15
Sao Paulo,136.1,1,1,1,20,not acept,not furnished,533.57,4363.08,121.6,61.39,5079.64
Sao Paulo,204.3,1,1,1,1,not acept,not furnished,684.57,6316.12,181.79,49.68,7232.16
Curitiba,48.2,3,4,0,23,not acept,furnished,288.02,2066.67,32.96,21.84,2409.49
Fortaleza,80.5,3,4,1,22,acept,furnished,369.33,2501.61,97.56,26.65,2995.15
Belo Horizonte,82.9,2,2,2,3,acept,not furnished,369.77,2945.07,50.32,44.17,3409.33
Belo Horizonte,18.0,4,5,2,22,acept,furnished,138.73,1104.4,14.24,14.64,1272.01
Sao Paulo,129.4,3,4,1,24,not acept,not furnished,728.6,4290.74,158.17,31.38,5208.89
Rio de Janeiro,45.2,2,2,0,28,not acept,not furnished,125.26,1551.98,20.63,17.24,1715.11
Belo Horizonte,53.2,3,4,2,21,not acept,furnished,643.7,3222.74,143.97,16.9,4027.31
Sao Paulo,157.8,2,1,0,26,acept,not furnished,769.43,5788.99,134.58,62.38,6755.38
Sao Paulo,162.6,3,2,2,18,not acept,not furnished,912.4,6063.7,117.09,86.44,7179.63
Rio de Janeiro,38.3,1,1,0,18,not acept,furnished,206.34,1888.8,51.2,10.96,2157.3
Sao Paulo,95.9,3,4,1,20,acept,furnished,438.2,52835.16503421708,122.17,25.05,4752.23
Rio de Janeiro,88.9,2,2,1,11,acept,furnished,535.79,3333.35,52.28,18.08,3939.5
Sao Paulo,98.4,3,4,0,5,not acept,furnished,762.27,3874.8,176.94,41.48,4855.49
Rio de Janeiro,26.0,2,2,0,11,not acept,furnished,131.76,697.11,11.92,5.92,846.71
Sao Paulo,136.2,3,2,1,17,not acept,not furnished,698.11,3639.43,110.72,21.27,4469.53
Fortaleza,18.0,1,1,3,20,acept,not furnished,132.84,942.3,32.08,6.94,1114.16
Belo Horizonte,82.8,2,1,2,12,not acept,not furnished,326.91,2656.26,95.71,37.33,3116.21
Curitiba,18.0,2,3,2,8,not acept,furnished,262.64,1527.79,46.4,12.74,1849.57
Porto Alegre,122.8,1,2,2,5,acept,furnished,567.57,30854.893134306716,79.84,25.75,4585.69
Rio de Janeiro,18.0,3,3,1,3,acept,furnished,81.07,456.52,5.85,4.03,547.47
Sao Paulo,184.6,5,6,2,13,not acept,not furnished,1113.62,6795.55,324.41,55.97,8289.55
Belo Horizonte,41.7,3,3,2,21,not acept,not furnished,205.07,1658.45,69.59,19.23,1952.34
Belo Horizonte,18.0,4,5,1,25,acept,furnished,119.97,1360.12,28.62,10.13,1518.84
Porto Alegre,45.8,1,2,1,9,not acept,furnished,407.11,3528.49,49.67,17.85,4003.12
Rio de Janeiro,119.8,1,2,1,18,not acept,not furnished,641.62,3570.91,175.29,44.54,4432.36
Sao Paulo,18.0,3,3,1,13,not acept,not furnished,160.79,1187.79,53.56,11.91,1414.05
Sao Paulo,181.6,5,5,1,29,not acept,not furnished,1068.55,5983.72,205.92,42.57,7300.76
Rio de Janeiro,89.0,3,3,0,27,not acept,not furnished,372.34,2274.07,69.77,20.95,2737.13
Curitiba,105.6,2,3,2,27,acept,not furnished,410.52,3506.54,75.32,33.52,4025.9
Belo Horizonte,28.6,1,1,1,16,not acept,not furnished,171.48,1289.86,31.01,18.14,1510.49
Rio de Janeiro,99.9,2,2,2,12,acept,not furnished,576.42,3629.58,162.11,18.78,4386.89
Recife,37.3,2,1,1,19,acept,not furnished,440.18,2376.05,78.78,33.97,2928.98
Belo Horizonte,25.2,3,3,1,2,not acept,furnished,76.36,11815.501609264405,41.33,4.83,1023.66
Sao Paulo,70.8,1,1,0,27,acept,not furnished,580.28,2915.22,130.25,43.35,3669.1
Sao Paulo,18.0,4,3,0,6,acept,not furnished,79.6,617.5,16.58,6.21,719.89
Sao Paulo,118.9,4,3,1,25,not acept,not furnished,354.2,3705.04,58.51,34.93,4152.68
Sao Paulo,109.5,4,5,1,7,acept,not furnished,469.9,,187.3,48.24,4629.47
Sao Paulo,142.9,4,3,1,15,not acept,not furnished,1038.66,5918.6,249.54,31.23,7238.03
Sao Paulo,102.7,1,1,3,23,not acept,furnished,879.84,5908.36,145.52,78.77,7012.49
Sao Paulo,41.2,5,4,0,10,not acept,not furnished,213.75,2290.95,104.07,32.16,2640.93
Sao Paulo,147.5,2,1,1,9,acept,not furnished,659.24,5207.5,127.8,29.39,6023.93
Fortaleza,23.3,4,3,0,27,not acept,not furnished,137.83,1590.55,57.19,15.41,1800.98
Sao Paulo,77.9,2,1,1,0,not acept,furnished,347.04,3943.47,88.93,33.84,4413.28
Belo Horizonte,50.0,2,3,2,25,not acept,not furnished,260.4,2445.11,113.23,30.28,2849.02
Rio de Janeiro,114.9,1,1,3,28,acept,not furnished,634.52,5194.69,59.87,65.47,5954.55
Recife,65.5,1,1,2,16,acept,furnished,212.97,1305.06,48.53,14.27,1580.83
Sao Paulo,59.9,4,4,2,20,acept,not furnished,247.52,3016.75,53.31,39.7,3357.28
Rio de Janeiro,91.3,4,5,0,26,not acept,furnished,475.69,4037.03,55.75,47.11,4615.58
Recife,18.0,3,2,0,12,acept,furnished,162.28,1320.43,43.91,13.17,1539.79
Salvador,105.7,3,3,2,26,acept,furnished,498.08,4251.57,166.98,45.28,4961.91
Salvador,41.3,3,3,1,10,not acept,furnished,47.38,488.04,24.23,3.94,563.59
Sao Paulo,124.7,2,1,2,7,not acept,not furnished,898.17,4899.93,73.24,46.47,5917.81
Sao Paulo,74.1,3,3,1,30,not acept,not furnished,251.36,2120.39,40.75,30.44,2442.94
Curitiba,20.1,3,2,1,0,not acept,not furnished,372.3,2053.08,100.99,25.64,2552.01
Fortaleza,72.8,3,4,0,8,acept,furnished,363.61,3537.17,67.72,25.57,3994.07
Belo Horizonte,124.0,5,5,2,12,not acept,furnished,625.18,3749.74,130.65,22.19,4527.76
Belo Horizonte,54.9,3,3,3,8,not acept,not furnished,124.78,1199.09,44.02,6.82,1374.71
Sao Paulo,37.7,2,1,2,7,acept,furnished,359.12,2966.1,125.67,40.1,3490.99
Porto Alegre,54.8,4,5,1,10,not acept,not furnished,264.37,1639.09,40.28,21.89,1965.63
Sao Paulo,78.6,4,4,1,10,not acept,not furnished,432.48,2967.07,45.15,24.32,3469.02
Rio de Janeiro,142.6,5,4,1,0,not acept,not furnished,550.55,4915.35,58.48,25.16,5549.54
Rio de Janeiro,69.3,3,4,1,23,acept,not furnished,359.44,1935.05,26.2,17.93,2338.62
Belo Horizonte,18.0,2,1,1,3,not acept,furnished,341.35,2497.09,80.87,20.85,2940.16
Sao Paulo,138.4,2,2,1,0,acept,not furnished,798.16,4571.04,112.25,28.69,5510.14
Sao Paulo,127.4,1,1,1,17,acept,furnished,804.95,4387.74,188.7,30.62,5412.01
Belo Horizonte,49.4,3,3,2,19,acept,not furnished,200.3,1494.85,39.23,16.46,1750.84
Sao Paulo,36.1,2,1,2,23,acept,furnished,145.28,1210.95,37.32,14.76,1408.31
Belo Horizonte,90.3,3,4,2,0,not acept,furnished,617.36,4216.55,202.45,45.17,5081.53
Sao Paulo,55.3,4,4,1,3,not acept,not furnished,218.66,2432.36,76.1,16.23,2743.35
Rio de Janeiro,75.7,5,5,0,3,acept,not furnished,550.18,3395.0,142.12,27.57,4114.87
Belo Horizonte,87.8,1,1,1,17,not acept,furnished,481.52,34707.3880634238,114.4,34.02,3453.75
Sao Paulo,100.7,2,2,1,27,acept,furnished,537.0,5790.39,117.07,33.73,6478.19
Rio de Janeiro,152.8,4,3,2,21,acept,not furnished,542.25,4692.75,148.06,55.53,5438.59
Sao Paulo,158.7,3,3,2,8,acept,not furnished,910.85,5294.29,84.45,71.72,6361.31
Sao Paulo,140.5,4,5,3,26,not acept,not furnished,495.06,4196.34,80.85,54.23,4826.48
Recife,69.1,4,4,1,19,not acept,not furnished,474.14,3084.93,149.71,33.18,3741.96
Rio de Janeiro,135.9,2,1,1,20,acept,not furnished,732.85,4817.19,80.46,67.17,5697.67
Salvador,18.0,2,2,1,29,not acept,furnished,227.54,2047.77,99.2,11.42,2385.93
Sao Paulo,74.0,3,2,2,29,acept,not furnished,565.06,3287.38,125.2,33.9,4011.54
Curitiba,30.5,3,2,2,10,not acept,not furnished,255.74,1836.15,81.93,23.36,2197.18
Porto Alegre,38.1,2,1,1,18,acept,furnished,167.48,1773.76,32.91,17.0,1991.15
Belo Horizonte,30.2,3,4,1,4,not acept,not furnished,201.67,2187.08,55.68,32.53,2476.96
Rio de Janeiro,36.7,4,5,1,11,not acept,furnished,227.74,1198.09,52.07,6.21,1484.11
Rio de Janeiro,78.7,2,2,2,6,not acept,furnished,287.21,2282.07,94.54,18.98,2682.8
Rio de Janeiro,113.2,5,4,0,9,acept,not furnished,518.23,,136.77,49.27,4242.17
Fortaleza,67.7,3,4,1,20,not acept,furnished,484.46,3087.65,67.64,20.68,3660.43
Salvador,56.6,4,3,2,4,not acept,not furnished,228.49,1369.13,39.58,13.13,1650.33
Recife,55.3,1,1,1,3,acept,not furnished,267.84,2066.85,59.6,25.64,2419.93
Sao Paulo,175.9,2,1,2,10,not acept,not furnished,873.66,6304.62,301.55,63.0,7542.83
Porto Alegre,58.4,2,3,2,0,not acept,not furnished,340.03,2027.86,72.76,17.88,2458.53
Fortaleza,28.6,2,3,1,24,acept,not furnished,150.34,945.78,22.41,4.92,1123.45
Sao Paulo,189.3,2,1,1,29,not acept,furnished,1121.14,7274.75,221.82,94.0,8711.71
Sao Paulo,106.9,4,3,2,24,acept,not furnished,487.96,3855.91,175.43,46.74,4566.04
Porto Alegre,80.2,2,1,0,15,acept,furnished,506.36,2584.98,100.48,36.46,3228.28
Belo Horizonte,69.0,5,4,1,20,not acept,not furnished,270.51,2648.31,91.03,37.21,3047.06
Salvador,68.0,3,2,2,24,not acept,furnished,216.42,2302.47,72.82,31.12,2622.83
Sao Paulo,60.1,1,1,1,0,not acept,furnished,271.17,2372.28,71.83,20.45,2735.73
Porto Alegre,21.1,3,3,0,11,not acept,not furnished,44.08,400.0,11.25,3.72,459.05
Sao Paulo,157.5,5,5,2,2,not acept,not furnished,974.29,4988.62,227.67,71.01,6261.59
Sao Paulo,94.4,3,4,2,0,not acept,not furnished,250.22,3088.92,35.66,20.06,3394.86
Sao Paulo,210.1,1,1,1,22,not acept,not furnished,1181.07,6363.12,140.9,33.44,7718.53
Salvador,53.6,4,4,2,26,acept,not furnished,228.96,1778.12,68.21,20.36,2095.65
Curitiba,67.4,2,1,1,0,not acept,not furnished,505.14,3410.91,153.65,28.33,4098.03
Belo Horizonte,78.4,3,4,1,3,acept,not furnished,295.31,1809.23,88.17,12.58,2205.29
Rio de Janeiro,140.6,3,3,0,5,acept,furnished,435.98,,245.35,47.07,5834.0
Fortaleza,18.0,2,1,1,26,not acept,furnished,96.88,681.79,17.07,5.07,800.81
Rio de Janeiro,72.8,2,1,2,28,acept,not furnished,196.22,2315.13,104.25,17.88,2633.48
Salvador,18.0,4,3,1,23,acept,furnished,127.6,1390.07,44.39,9.84,1571.9
Rio de Janeiro,35.9,4,3,1,24,not acept,not furnished,62.11,400.0,9.94,5.05,477.1
Rio de Janeiro,77.4,3,2,2,9,not acept,not furnished,293.8,2600.34,120.3,38.03,3052.47
Rio de Janeiro,70.0,2,1,1,11,not acept,not furnished,310.28,3196.64,109.68,36.39,3652.99
Rio de Janeiro,18.0,1,2,2,7,acept,furnished,118.51,1378.91,56.22,14.57,1568.21
Porto Alegre,46.9,2,1,0,29,not acept,not furnished,244.49,1385.31,27.8,19.23,1676.83
Belo Horizonte,74.5,3,2,2,21,not acept,furnished,251.81,1614.34,41.7,8.44,1916.29
Sao Paulo,177.6,2,2,0,9,not acept,not furnished,473.68,5648.87,67.49,40.33,6230.37
Fortaleza,73.6,1,1,1,2,not acept,furnished,277.55,1778.75,26.83,17.14,2100.27
Rio de Janeiro,81.5,3,2,1,4,acept,furnished,278.8,3018.08,108.59,18.27,3423.74
Belo Horizonte,78.4,3,3,2,4,not acept,not furnished,268.77,2252.98,42.52,20.17,2584.44
Fortaleza,48.9,4,4,3,18,not acept,not furnished,325.68,2045.84,54.47,18.04,2444.03
Curitiba,63.3,3,2,1,27,not acept,furnished,215.85,1890.59,50.08,27.35,2183.87
Sao Paulo,137.5,3,4,0,26,not acept,not furnished,869.91,5087.43,207.09,33.78,6198.21
Fortaleza,18.0,2,2,1,0,acept,not furnished,69.55,488.97,15.98,4.77,579.27
Curitiba,119.6,3,3,1,21,not acept,not furnished,321.34,2923.53,108.45,17.78,3371.1
Rio de Janeiro,31.6,3,2,1,3,not acept,not furnished,205.95,1403.06,20.86,18.03,1647.9
Sao Paulo,115.7,3,3,2,8,not acept,not furnished,260.62,3099.07,106.2,38.72,3504.61
Porto Alegre,38.1,2,1,1,15,not acept,not furnished,261.4,1970.3,68.43,28.93,2329.06
Curitiba,73.6,3,4,1,25,not acept,not furnished,340.36,2858.7,89.54,24.53,3313.13
Belo Horizonte,18.0,4,5,1,5,not acept,furnished,141.24,1084.59,15.24,16.16,1257.23
Fortaleza,88.1,3,2,1,26,acept,furnished,464.91,,123.85,36.18,3656.53
Porto Alegre,54.8,3,4,1,22,not acept,furnished,341.07,2606.49,82.84,15.2,3045.6
Sao Paulo,129.2,3,2,2,20,acept,not furnished,633.87,42958.63916303177,137.07,23.39,5120.2
Rio de Janeiro,106.2,1,1,1,2,acept,not furnished,339.71,3638.25,160.04,22.62,4160.62
Sao Paulo,153.7,3,3,1,13,not acept,not furnished,628.54,5363.84,105.8,26.83,6125.01
Porto Alegre,21.1,5,4,1,6,not acept,not furnished,152.78,1168.75,35.38,13.94,1370.85
Sao Paulo,52.0,2,1,2,17,not acept,not furnished,34.58,400.0,15.84,5.83,456.25
Belo Horizonte,65.6,2,2,2,20,not acept,not furnished,557.51,2876.48,133.65,15.63,3583.27
Porto Alegre,37.6,3,2,2,0,not acept,furnished,381.82,2023.23,89.03,14.13,2508.21
Fortaleza,48.2,2,2,1,19,not acept,furnished,368.97,3075.01,125.83,44.89,3614.7
Rio de Janeiro,94.2,3,2,0,14,not acept,furnished,573.68,3694.52,166.07,27.67,4461.94
Salvador,67.1,2,2,0,25,acept,not furnished,331.16,,50.12,32.83,2834.24
Sao Paulo,18.0,3,4,1,24,acept,furnished,102.15,692.5,19.28,4.82,818.75
Salvador,32.2,3,4,0,11,acept,not furnished,101.3,1070.88,52.68,15.73,1240.59
Sao Paulo,147.5,2,2,1,30,not acept,not furnished,926.03,6381.52,67.66,56.77,7431.98
Rio de Janeiro,46.1,2,2,0,17,acept,not furnished,220.84,1999.67,99.19,24.12,2343.82
Porto Alegre,62.7,2,2,1,29,not acept,furnished,293.59,1914.83,27.18,27.67,2263.27
Sao Paulo,108.0,2,2,1,21,not acept,not furnished,600.24,3487.62,161.88,27.11,4276.85
Sao Paulo,81.0,3,3,1,11,not acept,not furnished,503.28,2673.61,86.85,24.91,3288.65
Porto Alegre,61.4,2,3,2,5,acept,not furnished,223.62,2661.13,58.14,20.59,2963.48
Porto Alegre,77.2,3,3,1,13,acept,not furnished,380.55,2664.15,127.89,26.34,3198.93
Curitiba,91.6,3,2,2,28,acept,furnished,535.28,4150.22,141.7,58.33,4885.53
Curitiba,75.8,2,3,0,2,acept,furnished,307.31,2872.59,130.8,20.0,3330.7
Belo Horizonte,62.7,1,1,1,13,acept,not furnished,224.85,2013.41,50.96,20.59,2309.81
Sao Paulo,111.2,1,1,2,9,acept,not furnished,852.27,4766.25,172.39,31.14,5822.05
Rio de Janeiro,115.7,3,4,1,26,acept,not furnished,901.57,5350.45,128.94,48.48,6429.44
Sao Paulo,71.5,2,1,3,24,not acept,not furnished,483.65,2567.34,127.52,18.03,3196.54
Fortaleza,85.5,1,1,0,16,not acept,not furnished,328.98,,60.59,13.76,2291.98
Belo Horizonte,18.0,2,1,1,11,not acept,not furnished,37.12,427.54,16.34,4.15,485.15
Rio de Janeiro,18.0,5,4,0,20,not acept,not furnished,37.36,400.0,8.9,4.97,451.23
Rio de Janeiro,134.9,3,4,1,29,acept,furnished,674.33,4175.31,170.37,26.22,5046.23
Recife,71.9,4,3,2,1,not acept,not furnished,284.17,1786.86,48.72,23.06,2142.81
Sao Paulo,129.9,1,1,1,27,acept,furnished,1063.04,5682.5,261.77,84.54,7091.85
Belo Horizonte,29.3,1,2,0,7,not acept,not furnished,119.15,831.94,26.5,6.7,984.29
Belo Horizonte,47.5,1,1,1,0,not acept,not furnished,112.89,757.11,19.15,5.29,894.44
Belo Horizonte,79.7,5,4,2,22,not acept,not furnished,278.84,1954.14,83.98,10.31,2327.27
Sao Paulo,89.3,2,2,1,23,acept,not furnished,474.16,2935.61,100.14,20.36,3530.27
Fortaleza,49.0,3,4,0,7,not acept,not furnished,222.55,1746.54,72.32,19.19,2060.6
Fortaleza,44.9,2,2,0,23,acept,not furnished,199.29,1297.14,49.36,17.46,1563.25
Belo Horizonte,18.0,3,2,1,24,not acept,furnished,189.76,1366.2,39.56,6.9,1602.42
Curitiba,115.8,2,1,1,20,acept,not furnished,685.58,3542.83,128.56,40.06,4397.03
Fortaleza,80.3,3,3,2,0,acept,not furnished,214.52,1646.12,66.37,10.63,1937.64
Curitiba,84.5,5,5,3,19,acept,not furnished,193.79,2032.23,77.05,26.4,2329.47
Sao Paulo,97.1,2,1,3,28,acept,not furnished,735.52,4116.03,94.2,29.55,4975.3
Belo Horizonte,127.3,3,4,1,18,acept,furnished,634.94,4519.34,116.59,25.62,5296.49
Belo Horizonte,71.4,3,2,0,9,acept,furnished,223.63,2252.6,108.27,33.35,2617.85
Rio de Janeiro,90.7,4,3,1,16,not acept,furnished,574.3,3001.68,67.22,28.96,3672.16
Porto Alegre,18.0,2,2,1,30,acept,not furnished,37.86,400.0,17.0,3.51,458.37
Fortaleza,60.3,2,1,2,13,acept,furnished,236.44,2680.62,46.72,28.83,2992.61
Fortaleza,22.9,3,3,0,25,acept,not furnished,195.65,1745.28,44.82,18.43,2004.18
Rio de Janeiro,194.4,2,3,1,2,acept,furnished,1132.49,7141.19,168.04,38.99,8480.71
Sao Paulo,90.2,4,3,2,0,acept,furnished,368.52,3944.21,136.58,33.37,4482.68
Recife,109.4,3,4,1,10,not acept,furnished,547.83,2793.52,131.67,31.04,3504.06
Salvador,115.3,3,4,1,2,not acept,not furnished,362.73,2515.32,97.88,36.33,3012.26
Sao Paulo,44.7,1,1,1,8,not acept,not furnished,318.5,2139.77,34.22,24.66,2517.15
Fortaleza,30.8,3,3,1,21,not acept,furnished,178.07,917.66,35.7,6.14,1137.57
Salvador,52.2,3,3,1,12,not acept,furnished,308.18,2263.94,24.36,11.54,2608.02
Belo Horizonte,105.5,3,2,0,8,not acept,not furnished,462.52,2828.33,103.36,36.38,3430.59
Belo Horizonte,18.0,2,2,0,27,acept,not furnished,61.3,726.9,32.81,9.68,830.69
Rio de Janeiro,117.2,4,4,0,0,not acept,not furnished,374.03,4430.22,108.97,30.27,4943.49
Sao Paulo,87.9,2,3,1,24,acept,furnished,471.08,2784.84,107.79,22.86,3386.57
Rio de Janeiro,30.1,2,2,2,18,acept,not furnished,243.65,1265.75,44.66,16.28,1570.34
Salvador,47.0,5,5,1,0,acept,furnished,404.65,2426.09,33.23,28.72,2892.69
Sao Paulo,137.5,3,2,1,0,not acept,not furnished,513.38,5209.68,116.68,32.94,5872.68
Rio de Janeiro,149.3,2,3,1,3,not acept,furnished,1190.29,6638.43,247.4,77.24,8153.36
Rio de Janeiro,135.1,4,4,1,30,acept,furnished,691.35,4577.95,51.06,55.35,5375.71
Belo Horizonte,18.0,1,1,1,0,not acept,not furnished,134.87,1535.21,49.06,22.86,1742.0
Fortaleza,54.4,1,1,1,22,not acept,not furnished,234.12,1852.53,58.94,25.8,2171.39
Rio de Janeiro,110.7,3,4,3,11,acept,furnished,769.01,4446.79,183.46,23.85,5423.11
Rio de Janeiro,113.2,2,3,1,5,not acept,not furnished,267.6,2554.36,125.37,15.5,2962.83
Porto Alegre,36.1,4,5,2,16,acept,not furnished,133.82,748.5,8.96,6.76,898.04
Rio de Janeiro,60.1,4,5,2,9,not acept,not furnished,348.25,2338.1,32.0,19.19,2737.54
Sao Paulo,76.2,2,3,1,8,acept,furnished,528.26,3939.97,87.89,23.83,4579.95
Rio de Janeiro,143.7,4,5,1,5,acept,furnished,370.57,4615.9,152.25,58.14,5196.86
Sao Paulo,134.8,1,1,2,12,acept,not furnished,516.4,4646.02,50.02,36.81,5249.25
Sao Paulo,68.2,3,4,1,3,acept,not furnished,360.87,2024.41,43.82,27.28,2456.38
Rio de Janeiro,176.2,4,4,3,26,acept,furnished,650.33,7006.31,103.69,59.8,7820.13
Rio de Janeiro,64.1,4,4,2,17,not acept,not furnished,371.86,2636.02,92.5,32.81,3133.19
Fortaleza,18.0,2,2,2,0,not acept,not furnished,105.27,1257.41,48.45,8.93,1420.06
Rio de Janeiro,91.9,2,2,1,12,not acept,not furnished,423.18,3807.55,41.42,36.97,4309.12
Belo Horizonte,33.7,2,3,0,18,not acept,furnished,78.38,785.19,37.23,8.28,909.08
Curitiba,28.0,3,4,2,26,not acept,furnished,180.68,1389.53,54.85,13.16,1638.22
Sao Paulo,155.8,3,2,0,0,acept,not furnished,975.33,6439.6,149.32,82.29,7646.54
Curitiba,27.3,1,2,0,12,not acept,not furnished,101.8,767.4,29.84,8.92,907.96
Sao Paulo,136.2,2,2,2,21,acept,not furnished,1047.62,5869.08,165.67,63.51,7145.88
Recife,68.6,4,3,1,4,not acept,furnished,216.29,2154.62,80.0,15.76,2466.67
Sao Paulo,27.4,2,1,2,5,not acept,not furnished,61.73,400.0,10.75,4.1,476.58
Rio de Janeiro,122.8,2,1,1,13,acept,not furnished,826.6,4514.91,124.96,54.34,5520.81
Sao Paulo,195.7,5,4,2,27,acept,not furnished,920.54,6054.22,106.28,87.31,7168.35
Recife,41.7,2,3,1,10,not acept,not furnished,237.71,1774.24,79.28,11.33,2102.56
Belo Horizonte,34.2,3,2,2,13,acept,not furnished,206.2,1224.45,56.96,16.73,1504.34
Belo Horizonte,68.2,2,3,2,18,not acept,not furnished,237.89,2612.78,67.84,16.21,2934.72
Sao Paulo,36.8,2,1,3,8,acept,furnished,94.75,483.77,12.33,5.72,596.57
Porto Alegre,54.2,3,4,0,26,not acept,furnished,297.76,2468.77,40.31,28.17,2835.01
Sao Paulo,183.1,3,4,2,29,not acept,not furnished,555.96,5342.89,122.72,73.45,6095.02
Fortaleza,20.1,3,3,3,19,not acept,furnished,90.35,463.14,19.49,2.59,575.57
Sao Paulo,45.2,2,3,1,18,not acept,not furnished,99.32,1232.03,32.84,17.07,1381.26
Sao Paulo,127.9,3,2,1,20,not acept,furnished,856.98,4910.2,203.49,40.59,6011.26
Sao Paulo,45.4,3,2,2,4,not acept,not furnished,378.11,2901.35,128.16,28.43,3436.05
Rio de Janeiro,80.3,2,3,1,22,acept,not furnished,447.6,2524.45,59.88,34.26,3066.19
Belo Horizonte,62.7,5,6,1,9,not acept,furnished,614.52,3356.3,166.26,35.15,4172.23
Sao Paulo,148.4,4,5,0,30,not acept,not furnished,665.43,5648.71,190.85,47.41,6552.4
Porto Alegre,55.7,4,5,0,22,not acept,not furnished,430.96,2308.08,54.11,29.53,2822.68
Rio de Janeiro,117.1,3,3,2,17,not acept,not furnished,690.46,3473.26,50.74,19.69,4234.15
Belo Horizonte,18.0,2,2,2,28,not acept,furnished,238.3,1229.13,28.01,14.38,1509.82
Rio de Janeiro,147.4,3,3,2,30,not acept,not furnished,498.7,3477.44,55.44,17.44,4049.02
Rio de Janeiro,95.2,4,4,1,24,not acept,furnished,223.15,2145.35,87.23,11.56,2467.29
Belo Horizonte,109.6,1,1,1,22,acept,not furnished,690.66,3903.98,79.93,57.09,4731.66
Sao Paulo,79.4,3,4,1,0,acept,furnished,746.96,3870.4,92.11,37.7,4747.17
Sao Paulo,76.9,2,2,1,21,acept,furnished,848.21,4341.22,98.76,24.29,5312.48
Salvador,79.7,2,2,3,8,not acept,not furnished,321.86,1742.82,59.44,24.22,2148.34
Recife,31.2,2,3,2,28,not acept,not furnished,133.28,1260.02,30.44,7.81,1431.55
Rio de Janeiro,26.0,5,6,0,18,not acept,not furnished,102.09,648.29,10.21,3.47,764.06
Sao Paulo,123.4,3,2,2,10,not acept,not furnished,815.51,4276.07,149.8,38.17,5279.55
Curitiba,53.7,2,1,0,8,not acept,not furnished,288.45,2083.17,63.13,13.81,2448.56
Rio de Janeiro,112.4,3,2,2,16,acept,furnished,863.13,4849.59,195.61,27.96,5936.29
Sao Paulo,129.1,2,2,1,14,not acept,not furnished,404.16,43620.62410558886,88.33,31.67,4891.11
Sao Paulo,179.9,3,4,2,10,acept,not furnished,1004.96,5822.17,258.88,32.71,7118.72
Curitiba,101.6,4,3,0,4,not acept,not furnished,218.81,2492.86,62.99,22.07,2796.73
Curitiba,103.8,3,2,1,24,acept,not furnished,397.74,2720.27,95.01,38.28,3251.3
Sao Paulo,102.9,3,3,0,12,acept,not furnished,642.85,,242.9,37.51,5815.76
Sao Paulo,178.4,3,2,3,0,acept,not furnished,627.22,6148.7,231.13,75.93,7082.98
Sao Paulo,111.5,3,4,0,0,acept,not furnished,490.91,3706.48,113.71,21.4,4332.5
Curitiba,60.4,3,4,0,5,not acept,furnished,389.56,2341.55,48.65,12.5,2792.26
Sao Paulo,103.6,4,3,1,16,acept,furnished,518.55,3025.75,78.53,21.93,3644.76
Sao Paulo,95.1,3,4,1,2,acept,furnished,854.53,4483.08,60.48,54.5,5452.59
Porto Alegre,40.1,5,4,2,4,not acept,not furnished,198.69,1213.81,24.36,8.78,1445.64
Sao Paulo,126.0,4,3,1,14,not acept,not furnished,825.53,4136.79,97.63,24.94,5084.89
Curitiba,18.0,3,4,1,4,not acept,not furnished,145.54,1272.75,55.51,11.34,1485.14
Sao Paulo,170.4,4,5,1,26,acept,furnished,591.67,6003.31,82.26,68.75,6745.99
Sao Paulo,87.6,2,2,1,17,acept,not furnished,179.02,1952.56,51.54,23.8,2206.92
Sao Paulo,123.0,2,2,2,0,acept,not furnished,647.31,4311.04,131.38,26.0,5115.73
Porto Alegre,19.8,3,2,3,2,acept,not furnished,202.05,1662.08,80.28,10.79,1955.2
Salvador,57.1,3,4,1,4,acept,not furnished,265.24,2540.8,63.51,12.9,2882.45
Salvador,54.6,4,3,0,18,not acept,not furnished,128.26,1215.14,59.79,17.43,1420.62
Rio de Janeiro,18.0,1,1,0,1,not acept,not furnished,48.65,400.0,11.97,3.72,464.34
Curitiba,71.1,2,1,1,0,not acept,not furnished,370.44,2281.87,87.72,11.43,2751.46
Sao Paulo,127.5,4,5,0,21,acept,not furnished,711.05,4672.52,63.96,53.24,5500.77
Sao Paulo,234.1,1,2,1,13,acept,not furnished,1462.99,8354.67,313.5,100.69,10231.85
Fortaleza,25.2,2,2,2,25,acept,not furnished,169.97,1438.45,19.99,11.85,1640.26
Sao Paulo,127.2,2,1,0,24,acept,not furnished,666.65,4023.03,126.18,21.07,4836.93
Sao Paulo,140.7,3,2,1,6,not acept,not furnished,1100.15,5966.44,139.64,89.18,7295.41
Sao Paulo,104.9,3,4,1,4,not acept,not furnished,606.33,3357.21,76.83,26.66,4067.03
Sao Paulo,138.9,5,5,0,14,not acept,not furnished,772.62,53646.46108512075,64.83,28.27,5722.42
Sao Paulo,120.3,2,3,2,0,not acept,not furnished,869.0,4776.36,179.67,69.79,5894.82
Belo Horizonte,119.9,4,5,1,18,not acept,not furnished,317.27,3502.11,112.57,25.02,3956.97
Rio de Janeiro,18.0,2,2,1,0,not acept,furnished,186.5,1358.75,34.94,15.55,1595.74
Fortaleza,38.3,2,3,0,24,acept,furnished,120.09,1056.39,51.83,10.53,1238.84
Salvador,18.0,3,2,1,27,not acept,furnished,124.15,895.12,10.04,11.49,1040.8
Rio de Janeiro,109.6,1,1,1,30,not acept,furnished,395.87,4158.53,149.18,25.29,4728.87
Sao Paulo,100.6,2,1,3,9,acept,not furnished,397.92,4266.0,123.63,53.91,4841.46
Rio de Janeiro,104.7,2,3,1,16,acept,furnished,429.52,4607.92,203.52,43.29,5284.25
Belo Horizonte,56.4,2,2,2,26,acept,not furnished,164.54,17475.483988063406,74.33,11.6,2058.31
Sao Paulo,114.4,4,4,2,13,not acept,not furnished,552.04,3985.54,64.81,45.97,4648.36
Curitiba,38.3,2,2,0,8,acept,not furnished,146.16,1549.37,38.48,21.77,1755.78
Rio de Janeiro,64.0,5,5,3,0,not acept,not furnished,578.88,3203.28,122.53,26.45,3931.14
Belo Horizonte,55.9,4,4,0,10,not acept,not furnished,192.65,1683.72,44.67,21.34,1942.38
Rio de Janeiro,59.8,2,3,1,0,not acept,not furnished,250.31,1283.85,48.04,8.34,1590.54
Sao Paulo,149.0,3,3,2,9,not acept,not furnished,901.03,6085.3,271.71,90.73,7348.77
Recife,73.6,3,2,2,9,not acept,not furnished,417.69,2677.49,104.22,32.25,3231.65
Porto Alegre,57.4,4,5,1,19,not acept,furnished,447.32,2891.21,91.42,30.47,3460.42
Sao Paulo,164.2,4,3,1,9,acept,not furnished,655.36,5461.48,227.93,53.08,6397.85
Salvador,18.0,3,3,1,10,not acept,furnished,266.71,1446.68,65.23,16.69,1795.31
Rio de Janeiro,32.6,1,1,1,7,acept,not furnished,201.01,1009.55,26.38,12.99,1249.93
Fortaleza,70.2,3,2,3,17,acept,not furnished,198.87,2000.73,88.57,12.46,2300.63
Porto Alegre,31.1,4,3,2,10,not acept,not furnished,264.16,1899.72,80.08,22.07,2266.03
Rio de Janeiro,85.2,3,4,2,29,not acept,furnished,363.14,2586.5,68.34,36.71,3054.69
Sao Paulo,86.5,4,4,3,27,not acept,furnished,623.75,3587.04,44.2,27.75,4282.74
Sao Paulo,60.0,3,3,1,5,not acept,not furnished,245.38,1863.83,85.79,23.73,2218.73
Belo Horizonte,69.2,1,1,1,11,acept,furnished,328.26,2035.32,39.29,12.34,2415.21
Curitiba,77.9,5,4,1,18,not acept,not furnished,378.17,3073.56,138.51,43.02,3633.26
Sao Paulo,91.0,4,4,0,0,acept,furnished,380.98,4357.21,166.37,23.44,4928.0
Sao Paulo,18.4,1,2,1,5,not acept,furnished,184.68,1366.32,67.77,6.96,1625.73
Salvador,62.2,1,2,1,7,not acept,not furnished,332.37,1948.66,35.66,17.09,2333.78
Recife,45.6,3,2,1,11,acept,not furnished,284.95,1806.95,38.96,18.62,2149.48
Belo Horizonte,85.3,3,2,2,27,not acept,not furnished,420.84,2939.76,40.28,28.05,3428.93
Sao Paulo,109.3,2,3,0,0,not acept,furnished,1023.71,5398.72,267.57,36.85,6726.85
Sao Paulo,18.0,1,1,1,0,not acept,furnished,65.14,472.69,16.44,6.15,560.42
Sao Paulo,31.0,3,2,2,19,acept,not furnished,152.57,1235.42,25.64,14.87,1428.5
Fortaleza,71.4,2,2,0,9,not acept,not furnished,177.1,1388.53,40.76,19.12,1625.51
Sao Paulo,132.5,2,3,2,3,not acept,furnished,909.93,5453.68,266.39,28.39,6658.39
Belo Horizonte,88.9,3,3,1,21,acept,furnished,368.48,3084.18,73.7,26.04,3552.4
Sao Paulo,106.5,4,5,2,5,acept,not furnished,466.74,2976.18,125.99,20.77,3589.68
Belo Horizonte,37.9,3,3,0,16,not acept,furnished,167.94,1329.76,20.24,15.12,1533.06
Curitiba,25.6,3,4,1,11,acept,furnished,129.49,868.57,33.95,12.81,1044.82
Salvador,89.1,3,4,1,9,not acept,furnished,260.58,2422.64,61.24,19.3,2763.76
Sao Paulo,18.0,3,4,0,21,acept,furnished,116.03,1117.26,19.84,15.14,1268.27
Sao Paulo,157.6,2,1,1,18,acept,furnished,938.84,6481.57,293.15,88.62,7802.18
Sao Paulo,98.7,2,2,2,14,acept,not furnished,462.69,4124.55,131.97,32.44,4751.65
Fortaleza,58.8,2,1,1,1,not acept,not furnished,108.88,1186.43,29.68,6.86,1331.85
Fortaleza,52.2,4,3,1,17,acept,furnished,218.18,1953.45,51.12,26.68,2249.43
Belo Horizonte,33.4,4,5,2,20,acept,not furnished,254.35,1996.33,25.79,25.98,2302.45
Belo Horizonte,94.1,3,4,2,24,not acept,furnished,375.81,3177.91,94.42,35.66,3683.8
Curitiba,111.3,4,3,2,7,acept,not furnished,704.46,4605.64,179.69,40.69,5530.48
Sao Paulo,124.6,4,3,1,6,not acept,furnished,736.69,5993.89,257.28,42.95,7030.81
Fortaleza,68.4,4,3,0,22,acept,not furnished,176.14,1710.14,73.98,14.17,1974.43
Rio de Janeiro,18.0,2,3,1,13,acept,furnished,84.8,448.11,19.6,2.72,555.23
Rio de Janeiro,53.3,3,4,0,11,acept,not furnished,351.88,2355.19,103.45,31.22,2841.74
Belo Horizonte,92.3,3,4,1,3,acept,not furnished,262.76,2446.69,70.36,15.6,2795.41
Sao Paulo,105.8,3,3,1,12,not acept,not furnished,426.44,3560.1,97.27,22.62,4106.43
Sao Paulo,114.5,2,1,1,21,not acept,furnished,659.54,4445.24,64.19,61.68,5230.65
Porto Alegre,52.9,3,2,1,12,acept,furnished,123.6,1294.42,28.04,15.39,1461.45
Sao Paulo,131.7,2,2,1,26,not acept,furnished,660.19,5235.2,99.57,39.59,6034.55
Belo Horizonte,30.1,4,3,1,0,acept,furnished,162.98,1592.23,54.8,12.3,1822.31
Sao Paulo,68.8,3,2,1,3,not acept,furnished,468.64,3787.22,86.92,51.75,4394.53
Rio de Janeiro,18.0,2,1,1,18,not acept,not furnished,88.36,667.95,20.92,7.26,784.49
Sao Paulo,122.4,2,2,1,20,not acept,not furnished,692.07,69224.65940915093,119.04,43.49,5595.14
Rio de Janeiro,31.5,3,3,3,6,not acept,furnished,148.04,1789.6,81.62,25.02,2044.28
Curitiba,45.6,3,2,1,29,not acept,not furnished,300.96,1844.66,49.79,13.02,2208.43
Sao Paulo,241.0,3,4,2,8,not acept,furnished,1691.74,8931.09,388.71,93.24,11104.78
Belo Horizonte,109.7,3,2,1,11,not acept,not furnished,351.32,27941.39287794112,35.2,43.21,3452.03
Rio de Janeiro,24.2,4,3,1,30,not acept,not furnished,157.35,1701.77,19.25,16.66,1895.03
Curitiba,60.8,2,3,2,13,acept,not furnished,224.6,1193.13,46.8,9.47,1474.0
Fortaleza,18.0,3,2,2,18,acept,not furnished,159.66,1216.97,46.72,18.19,1441.54
Porto Alegre,41.9,4,3,1,15,not acept,not furnished,265.54,1633.65,17.87,16.75,1933.81
Sao Paulo,127.4,4,4,1,3,acept,furnished,707.75,4605.98,135.92,41.96,5491.61
Sao Paulo,79.7,2,1,1,30,not acept,furnished,509.11,2787.78,33.4,23.17,3353.46
Sao Paulo,72.6,1,2,1,0,not acept,not furnished,366.92,2649.45,44.16,21.74,3082.27
Belo Horizonte,64.8,2,2,1,30,not acept,not furnished,446.44,2718.1,131.86,17.94,3314.34
Sao Paulo,91.1,4,4,2,13,not acept,furnished,256.79,2998.9,70.79,38.39,3364.87
Rio de Janeiro,47.0,3,4,2,3,not acept,furnished,176.14,2169.5,62.42,19.47,2427.53
Belo Horizonte,115.4,2,3,2,3,not acept,furnished,484.18,2793.17,104.2,29.83,3411.38
Rio de Janeiro,126.8,1,1,1,19,not acept,not furnished,708.06,4108.11,192.32,48.27,5056.76
Porto Alegre,48.6,1,1,1,21,not acept,not furnished,240.98,2451.18,39.1,25.09,2756.35
Sao Paulo,113.9,3,2,1,27,not acept,not furnished,617.55,4008.07,76.45,32.33,4734.4
Sao Paulo,127.4,3,3,2,5,acept,furnished,593.76,4942.03,160.05,63.13,5758.97
Porto Alegre,60.1,3,2,1,12,not acept,not furnished,240.53,2322.74,84.63,23.98,2671.88
Rio de Janeiro,69.4,1,1,1,30,not acept,not furnished,633.19,3287.91,90.1,21.14,4032.34
Curitiba,84.4,2,3,1,11,not acept,not furnished,380.33,,71.54,14.71,2446.67
Rio de Janeiro,104.7,4,3,2,12,acept,furnished,706.6,4388.32,45.89,31.13,5171.94
Sao Paulo,178.9,2,1,2,7,not acept,not furnished,1437.79,7213.02,129.15,70.38,8850.34
Salvador,61.9,4,4,2,26,not acept,furnished,118.14,1166.99,50.74,6.86,1342.73
Porto Alegre,53.4,1,1,3,9,not acept,not furnished,365.78,2039.07,82.04,23.03,2509.92
Curitiba,40.4,2,1,2,18,not acept,not furnished,162.18,1100.8,39.0,15.04,1317.02
Sao Paulo,114.7,3,2,1,3,not acept,not furnished,486.56,4780.03,152.72,56.23,5475.54
Belo Horizonte,49.7,4,3,1,18,acept,furnished,366.42,2364.85,42.58,18.08,2791.93
Rio de Janeiro,80.0,2,3,1,28,acept,not furnished,713.39,3583.97,74.8,34.85,4407.01
Sao Paulo,191.3,3,2,1,23,not acept,furnished,786.4,7372.31,358.07,56.7,8573.48
Fortaleza,34.1,3,2,2,0,not acept,furnished,215.73,10415.742397682825,15.96,13.28,1829.33
Sao Paulo,86.0,1,1,1,18,not acept,furnished,374.11,4075.57,112.68,50.37,4612.73
Recife,34.0,2,3,0,16,not acept,not furnished,154.08,17136.425059283258,14.38,14.89,1564.08
Rio de Janeiro,179.5,4,4,2,8,not acept,furnished,736.31,6372.82,151.0,44.1,7304.23
Sao Paulo,164.0,2,1,0,25,acept,not furnished,815.89,5482.38,126.1,67.89,6492.26
Belo Horizonte,30.4,3,4,0,24,acept,furnished,110.94,1260.56,18.45,18.74,1408.69
Fortaleza,40.0,5,4,3,19,not acept,furnished,500.86,2691.41,34.39,34.41,3261.07
Porto Alegre,119.1,1,2,1,22,acept,not furnished,496.01,2541.07,112.03,24.19,3173.3
Salvador,102.5,2,3,1,4,acept,not furnished,419.64,2596.36,59.63,18.77,3094.4
Curitiba,91.3,2,3,0,28,acept,not furnished,403.97,2518.34,81.56,19.68,3023.55
Curitiba,61.1,2,3,1,19,acept,furnished,201.41,1735.92,69.92,9.77,2017.02
Salvador,71.2,1,2,1,13,acept,not furnished,428.71,2290.79,72.28,18.42,2810.2
Sao Paulo,165.5,3,4,1,4,not acept,furnished,1193.67,6688.82,183.91,77.05,8143.45
Rio de Janeiro,85.3,3,3,0,20,acept,furnished,313.7,3330.22,98.46,41.1,3783.48
Sao Paulo,60.2,3,3,1,0,not acept,not furnished,323.12,1946.7,84.52,20.41,2374.75
Recife,34.1,4,3,1,8,acept,not furnished,43.96,462.37,14.44,6.41,527.18
Recife,39.1,1,2,1,16,not acept,not furnished,187.92,1733.58,30.09,11.59,1963.18
Sao Paulo,61.0,2,3,2,19,acept,furnished,449.68,2519.3,43.92,25.94,3038.84
Curitiba,96.3,2,2,1,0,not acept,furnished,443.53,3233.57,97.19,20.08,3794.37
Fortaleza,18.0,2,1,2,0,acept,furnished,157.17,1169.31,21.13,8.85,1356.46
Sao Paulo,127.9,1,1,2,1,acept,not furnished,550.4,4982.42,207.49,70.86,5811.17
Belo Horizonte,64.0,3,3,1,23,not acept,not furnished,332.0,2153.92,96.82,31.32,2614.06
Fortaleza,69.1,4,4,2,16,not acept,not furnished,176.31,1818.44,29.92,11.72,2036.39
Sao Paulo,18.0,5,6,1,17,acept,not furnished,268.17,1526.67,42.07,14.18,1851.09
Curitiba,85.5,1,1,1,17,not acept,not furnished,249.49,1732.55,69.31,21.72,2073.07
Sao Paulo,249.2,4,5,2,0,acept,not furnished,1349.61,7439.91,99.3,87.39,8976.21
Fortaleza,18.0,4,3,0,3,acept,not furnished,204.1,1464.91,49.47,17.48,1735.96
Recife,18.0,2,3,1,21,acept,not furnished,46.08,400.0,12.8,4.44,463.32
Recife,70.5,1,1,1,19,not acept,not furnished,126.83,1557.39,63.99,10.69,1758.9
Rio de Janeiro,133.2,5,6,1,12,not acept,furnished,656.38,5072.53,244.04,65.49,6038.44
Salvador,18.0,3,4,2,0,not acept,not furnished,219.21,1132.62,33.38,12.91,1398.12
Salvador,70.8,5,5,0,11,acept,not furnished,359.01,1990.6,42.35,20.57,2412.53
Rio de Janeiro,87.5,3,4,1,5,not acept,not furnished,756.86,3787.82,45.1,21.89,4611.67
Salvador,73.9,2,1,2,20,acept,not furnished,226.04,2288.0,98.01,15.35,2627.4
Sao Paulo,37.8,2,3,1,25,not acept,not furnished,293.13,1872.8,32.02,23.73,2221.68
Belo Horizonte,73.0,5,5,0,14,acept,not furnished,261.19,2719.65,120.06,23.86,3124.76
Sao Paulo,200.3,2,2,1,11,not acept,furnished,1419.38,7525.34,260.75,79.65,9285.12
Sao Paulo,83.3,1,1,0,6,acept,not furnished,356.01,2924.06,49.14,40.12,3369.33
Sao Paulo,97.3,3,4,1,0,not acept,not furnished,732.84,3914.09,114.13,25.75,4786.81
Curitiba,53.7,2,1,3,10,acept,furnished,171.09,1639.28,58.06,11.11,1879.54
Rio de Janeiro,139.7,2,2,1,20,not acept,not furnished,442.83,4467.91,153.43,40.47,5104.64
Porto Alegre,83.1,3,3,2,19,not acept,not furnished,333.63,3288.02,35.41,38.64,3695.7
Sao Paulo,176.7,2,1,2,11,not acept,not furnished,1182.69,6813.69,228.54,45.4,8270.32
Rio de Janeiro,18.0,2,2,1,29,not acept,not furnished,308.65,1680.97,78.01,17.33,2084.96
Belo Horizonte,38.5,1,2,1,29,acept,not furnished,144.13,1698.78,59.89,20.26,1923.06
Porto Alegre,74.8,3,3,3,26,acept,not furnished,239.39,2447.05,80.11,19.71,2786.26
Rio de Janeiro,32.4,1,1,1,12,not acept,not furnished,113.4,1410.54,56.77,12.02,1592.73
Curitiba,19.6,2,3,2,22,not acept,furnished,200.42,2296.65,71.05,31.61,2599.73
Fortaleza,18.0,3,2,1,28,not acept,not furnished,82.92,913.34,36.26,6.22,1038.74
Belo Horizonte,100.7,2,1,2,22,acept,furnished,418.73,3629.69,61.52,46.09,4156.03
Sao Paulo,112.7,2,2,0,8,acept,not furnished,526.92,4991.9,233.66,34.0,5786.48
Sao Paulo,196.0,3,4,2,0,acept,not furnished,948.66,5949.59,163.01,55.47,7116.73
Fortaleza,18.0,2,3,2,29,not acept,not furnished,79.88,400.0,10.12,4.92,494.92
Sao Paulo,147.0,2,1,1,30,acept,not furnished,747.53,4692.38,186.74,41.08,5667.73
Fortaleza,26.0,3,2,1,20,acept,furnished,107.39,1341.19,44.89,7.76,1501.23
Belo Horizonte,46.8,3,2,1,8,acept,furnished,173.82,1818.34,35.8,15.53,2043.49
Fortaleza,54.2,3,4,1,26,not acept,not furnished,227.06,2438.02,50.81,17.76,2733.65
Porto Alegre,65.8,3,4,0,29,not acept,not furnished,370.91,2850.7,101.18,18.55,3341.34
Recife,47.5,3,4,2,14,acept,not furnished,123.55,14151.288795026128,27.93,12.05,1253.24
Rio de Janeiro,148.0,3,3,1,8,not acept,not furnished,896.82,4582.9,121.3,24.63,5625.65
Porto Alegre,18.0,2,2,0,11,acept,furnished,100.86,1005.19,37.19,13.54,1156.78
Rio de Janeiro,127.5,2,1,1,0,acept,furnished,830.29,5192.84,180.27,65.1,6268.5
Rio de Janeiro,54.6,3,2,3,16,not acept,furnished,166.33,1670.17,27.97,20.95,1885.42
Curitiba,81.2,2,2,0,10,not acept,not furnished,229.99,1585.19,71.73,19.66,1906.57
Fortaleza,88.7,3,3,0,27,acept,not furnished,222.52,2681.39,62.03,20.67,2986.61
Recife,77.9,2,2,1,6,acept,furnished,258.48,3012.5,110.86,18.87,3400.71
Porto Alegre,105.3,2,2,2,0,acept,not furnished,222.12,2650.62,124.41,39.57,3036.72
Rio de Janeiro,96.8,4,3,1,22,not acept,not furnished,352.37,3568.25,98.46,53.36,4072.44
Rio de Janeiro,18.0,2,2,1,0,not acept,not furnished,51.76,643.07,19.08,9.32,723.23
Porto Alegre,96.1,3,3,3,15,not acept,not furnished,375.5,2699.91,99.9,31.81,3207.12
Sao Paulo,123.7,1,2,0,3,acept,not furnished,595.74,4707.86,108.97,45.37,5457.94
Sao Paulo,18.0,2,1,2,18,not acept,not furnished,35.0,400.0,9.65,2.79,447.44
Rio de Janeiro,72.1,1,1,0,4,acept,not furnished,245.21,2743.48,92.33,28.76,3109.78
Sao Paulo,180.1,2,3,0,14,not acept,not furnished,849.77,4913.4,110.86,39.25,5913.28
Sao Paulo,110.6,5,4,1,8,acept,not furnished,333.65,4022.35,90.6,27.95,4474.55
Sao Paulo,97.7,4,3,2,3,acept,furnished,758.27,3982.42,167.47,50.55,4958.71
Sao Paulo,68.4,3,3,1,17,not acept,furnished,307.3,2468.27,28.01,15.06,2818.64
Sao Paulo,135.9,4,4,1,0,acept,furnished,556.88,5726.96,63.17,73.23,6420.24
Recife,66.7,3,2,1,29,acept,not furnished,372.01,2029.43,44.22,14.81,2460.47
Rio de Janeiro,28.2,2,3,1,23,not acept,not furnished,66.43,542.15,20.38,2.71,631.67
Rio de Janeiro,40.8,2,3,1,28,acept,furnished,384.13,2586.25,57.48,17.17,3045.03
Curitiba,42.8,3,2,3,0,acept,not furnished,166.43,1195.55,42.05,16.13,1420.16
Sao Paulo,63.5,2,1,0,0,not acept,not furnished,515.86,3399.37,72.92,34.68,4022.83
Recife,29.6,2,1,1,9,acept,not furnished,207.38,2044.19,22.95,25.91,2300.43
Porto Alegre,65.3,4,3,1,18,acept,not furnished,270.23,2118.85,82.83,16.98,2488.89
Sao Paulo,189.7,1,1,2,5,acept,not furnished,622.72,5394.04,171.16,76.67,6264.59
Rio de Janeiro,31.9,1,1,3,15,acept,furnished,217.88,1258.08,45.0,17.6,1538.56
Fortaleza,48.9,2,1,1,17,not acept,not furnished,244.69,1406.57,24.04,11.55,1686.85
Recife,46.0,3,4,3,2,acept,not furnished,369.77,1855.28,64.37,25.07,2314.49
Rio de Janeiro,50.2,2,2,2,23,not acept,not furnished,507.24,2538.65,107.55,18.92,3172.36
Belo Horizonte,94.6,3,2,2,28,not acept,not furnished,273.84,2989.08,46.68,44.16,3353.76
Sao Paulo,149.6,2,3,0,19,not acept,furnished,840.26,6192.21,132.02,62.94,7227.43
Recife,18.0,3,3,3,29,not acept,furnished,245.2,1444.14,60.18,15.2,1764.72
Sao Paulo,106.2,2,2,2,5,acept,not furnished,713.68,4446.05,158.95,23.06,5341.74
Recife,60.4,5,4,2,0,not acept,furnished,494.18,3575.2,62.67,44.68,4176.73
Curitiba,104.9,3,4,0,5,acept,not furnished,236.59,2573.66,53.72,19.18,2883.15
Belo Horizonte,78.9,3,2,1,19,not acept,furnished,442.84,3250.15,150.19,21.82,3865.0
Belo Horizonte,18.0,3,3,2,17,acept,not furnished,239.23,1228.36,30.85,10.75,1509.19
Sao Paulo,178.3,3,4,1,6,not acept,not furnished,687.51,5186.09,71.13,42.97,5987.7
Sao Paulo,63.2,2,2,1,11,acept,not furnished,251.08,3010.07,109.97,19.28,3390.4
Sao Paulo,18.0,3,2,1,9,acept,not furnished,51.25,400.0,10.43,5.17,466.85
Sao Paulo,134.7,3,2,0,29,acept,furnished,556.12,4084.69,160.35,49.89,4851.05
Porto Alegre,79.6,3,3,1,8,not acept,not furnished,433.92,2572.16,37.32,20.26,3063.66
Rio de Janeiro,62.6,1,1,2,4,not acept,not furnished,279.12,2599.82,57.97,25.93,2962.84
Sao Paulo,184.9,1,1,0,16,not acept,furnished,1170.73,7815.27,200.92,61.69,9248.61
Recife,18.0,2,2,2,1,not acept,not furnished,40.33,400.0,13.19,2.37,455.89
Fortaleza,18.0,2,3,1,14,acept,furnished,164.31,1067.49,18.58,9.6,1259.98
Fortaleza,54.8,4,4,2,20,not acept,not furnished,284.42,1994.04,45.61,17.34,2341.41
Recife,73.3,2,2,2,29,not acept,furnished,341.99,1867.42,75.88,25.95,2311.24
Sao Paulo,110.0,2,3,0,27,acept,furnished,377.62,2787.42,48.92,32.23,3246.19
Rio de Janeiro,64.4,3,2,2,25,acept,not furnished,250.58,2193.04,55.26,28.0,2526.88
Porto Alegre,52.8,4,5,2,10,acept,not furnished,253.09,1760.98,45.19,20.68,2079.94
Curitiba,87.1,3,3,0,27,acept,not furnished,403.83,2744.59,50.26,21.3,3219.98
Sao Paulo,47.4,2,3,1,21,acept,not furnished,222.6,2444.39,109.77,32.15,2808.91
Salvador,95.4,2,1,1,12,not acept,furnished,598.6,4032.84,123.39,47.69,4802.52
Sao Paulo,112.4,2,3,2,16,acept,not furnished,826.1,5058.58,128.7,30.44,6043.82
Sao Paulo,91.6,2,3,0,12,not acept,furnished,749.42,4025.99,165.56,38.32,4979.29
Belo Horizonte,18.0,2,2,1,4,acept,not furnished,266.77,2525.53,28.97,13.46,2834.73
Belo Horizonte,41.3,1,2,1,12,not acept,furnished,322.8,2395.42,119.6,20.51,2858.33
Belo Horizonte,47.6,4,4,1,24,acept,not furnished,208.11,2391.91,115.86,26.86,2742.74
Sao Paulo,59.1,1,1,0,6,not acept,furnished,279.11,2799.61,37.81,28.55,3145.08
Fortaleza,18.0,2,3,1,19,acept,not furnished,164.93,863.37,39.31,8.41,1076.02
Sao Paulo,18.0,5,6,1,16,acept,furnished,353.12,1833.32,41.12,12.88,2240.44
Sao Paulo,135.0,3,3,1,28,not acept,not furnished,478.52,5632.32,79.87,34.3,6225.01
Fortaleza,57.2,2,2,2,22,acept,not furnished,212.57,1474.92,48.39,13.37,1749.25
Recife,19.4,1,1,1,9,not acept,not furnished,121.33,1257.24,56.25,11.65,1446.47
Salvador,78.6,5,5,0,16,not acept,furnished,380.49,2312.34,37.89,28.41,2759.13
Salvador,23.4,1,1,1,28,acept,not furnished,142.88,923.01,45.05,5.74,1116.68
Curitiba,18.0,3,2,0,5,not acept,not furnished,80.58,567.51,12.29,4.77,665.15
Belo Horizonte,43.8,4,4,3,13,acept,furnished,326.11,2290.66,75.09,19.47,2711.33
Sao Paulo,56.9,1,1,0,5,not acept,not furnished,458.27,2977.41,109.01,27.42,3572.11
Rio de Janeiro,115.8,3,3,1,11,acept,not furnished,440.45,3315.62,79.67,20.78,3856.52
Rio de Janeiro,32.0,5,5,1,0,not acept,not furnished,260.85,1554.28,70.13,18.1,1903.36
Sao Paulo,158.7,3,2,3,26,not acept,not furnished,778.46,4704.58,233.8,41.46,5758.3
Porto Alegre,18.0,2,1,0,30,not acept,furnished,108.82,902.8,23.78,9.41,1044.81
Rio de Janeiro,101.5,4,4,1,16,acept,not furnished,603.3,3624.7,57.29,21.37,4306.66
Sao Paulo,21.5,3,4,3,16,not acept,not furnished,48.46,400.0,18.15,4.78,471.39
Sao Paulo,189.0,3,2,1,29,acept,not furnished,984.02,6534.81,202.83,75.19,7796.85
Curitiba,26.0,3,4,1,10,acept,not furnished,133.72,1268.89,50.26,11.82,1464.69
Sao Paulo,217.8,1,1,3,18,not acept,furnished,950.47,8062.59,196.15,77.77,9286.98
Salvador,72.3,2,2,1,25,acept,not furnished,242.16,2280.02,33.14,17.73,2573.05
Rio de Janeiro,59.1,1,1,0,14,acept,not furnished,438.74,2208.29,97.98,17.62,2762.63
Rio de Janeiro,99.1,1,2,0,5,acept,not furnished,472.92,3083.12,90.41,44.46,3690.91
Belo Horizonte,121.2,1,1,2,24,not acept,furnished,624.08,3877.94,55.7,19.83,4577.55
Salvador,25.5,2,1,1,6,not acept,furnished,143.73,918.31,16.07,9.66,1087.77
Rio de Janeiro,135.4,2,1,1,25,acept,not furnished,359.17,4305.15,170.75,34.86,4869.93
Curitiba,106.0,4,4,1,29,acept,not furnished,277.72,1670.77,75.24,14.26,2037.99
Belo Horizonte,18.0,3,4,2,15,acept,furnished,174.27,1004.59,21.18,10.32,1210.36
Sao Paulo,162.9,3,3,0,0,not acept,not furnished,510.13,4220.47,89.54,37.78,4857.92
Fortaleza,23.7,3,3,2,29,acept,furnished,164.94,1096.78,15.43,7.12,1284.27
Porto Alegre,82.9,2,2,2,25,not acept,not furnished,242.91,2915.7,78.01,21.11,3257.73
Curitiba,67.5,3,2,1,1,not acept,not furnished,207.32,1965.4,89.73,10.47,2272.92
Salvador,77.9,3,3,1,18,not acept,furnished,230.91,2240.59,37.13,19.67,2528.3
Salvador,85.2,3,3,2,8,not acept,not furnished,306.62,2768.6,113.97,38.62,3227.81
Curitiba,78.3,1,1,1,8,acept,furnished,351.27,2791.57,52.36,27.67,3222.87
Salvador,63.0,3,3,1,17,acept,furnished,254.33,2394.74,43.36,25.08,2717.51
Curitiba,89.6,3,3,2,21,acept,furnished,283.36,2637.37,27.95,24.91,2973.59
Curitiba,78.9,3,3,2,0,not acept,not furnished,743.2,3816.12,140.39,52.94,4752.65
Belo Horizonte,46.5,2,3,1,2,acept,furnished,272.91,2472.47,62.99,22.99,2831.36
Porto Alegre,57.6,3,2,1,27,not acept,not furnished,256.92,1735.67,84.96,21.77,2099.32
Sao Paulo,140.8,3,3,0,14,not acept,not furnished,786.11,5004.99,60.39,62.63,5914.12
Fortaleza,18.0,3,2,1,14,not acept,furnished,49.84,425.07,5.37,4.24,484.52
Fortaleza,18.0,3,4,0,25,acept,furnished,231.83,2628.08,56.18,30.35,2946.44
Sao Paulo,180.1,1,2,0,1,not acept,not furnished,812.44,58113.67952632107,187.09,55.59,6992.49
Salvador,75.7,2,1,1,21,not acept,not furnished,553.79,2787.13,111.31,34.82,3487.05
Sao Paulo,20.0,1,2,1,14,not acept,furnished,52.6,460.38,10.18,6.27,529.43
Rio de Janeiro,164.6,2,2,2,22,acept,furnished,453.78,5634.63,131.52,78.33,6298.26
Porto Alegre,42.8,2,3,1,20,not acept,furnished,272.32,1550.7,60.13,9.29,1892.44
Sao Paulo,64.8,2,2,0,19,not acept,furnished,328.95,2985.83,74.02,24.89,3413.69
Salvador,48.0,2,1,2,26,not acept,furnished,571.04,3136.37,113.23,24.93,3845.57
Salvador,18.0,3,2,1,16,not acept,not furnished,125.0,1129.64,25.49,15.2,1295.33
Belo Horizonte,24.6,4,3,3,11,not acept,not furnished,140.06,758.78,37.69,8.66,945.19
Sao Paulo,164.6,2,1,1,4,not acept,not furnished,1117.3,5890.71,274.89,52.99,7335.89
Sao Paulo,47.9,2,1,1,9,not acept,not furnished,163.11,1089.65,36.47,9.32,1298.55
Belo Horizonte,90.4,4,3,1,26,acept,not furnished,651.32,3617.13,175.2,18.55,4462.2
Recife,49.0,3,3,1,8,acept,not furnished,249.45,1355.44,44.01,18.8,1667.7
Curitiba,101.7,2,1,1,30,acept,not furnished,478.25,3921.87,172.74,50.85,4623.71
Sao Paulo,52.7,3,4,1,17,not acept,furnished,238.79,15825.663600294687,72.24,14.32,1826.98
Curitiba,88.7,2,2,0,24,acept,not furnished,472.77,3099.07,151.96,16.77,3740.57
Belo Horizonte,65.5,3,3,2,14,not acept,not furnished,209.97,1597.68,78.09,22.25,1907.99
Porto Alegre,54.6,5,5,2,19,acept,furnished,491.63,2878.18,129.29,22.78,3521.88
Sao Paulo,84.1,2,2,2,30,not acept,furnished,564.38,4131.74,106.59,35.47,4838.18
Porto Alegre,68.6,4,3,0,14,not acept,not furnished,289.48,2583.01,128.33,35.95,3036.77
Belo Horizonte,48.1,2,1,0,6,not acept,not furnished,193.47,1707.86,70.33,18.21,1989.87
Recife,67.3,3,2,1,19,not acept,furnished,170.53,2129.71,93.82,20.71,2414.77
Rio de Janeiro,113.6,3,4,2,28,acept,furnished,453.79,5096.25,213.94,48.33,5812.31
Curitiba,95.5,3,2,0,0,not acept,furnished,340.58,3513.05,115.64,36.36,4005.63
Fortaleza,34.7,1,1,1,30,acept,furnished,240.88,1459.39,46.19,9.22,1755.68
Sao Paulo,111.1,3,4,0,15,acept,not furnished,332.24,3533.2,93.84,27.08,3986.36
Fortaleza,30.6,3,2,1,24,acept,not furnished,142.86,1343.08,20.16,6.98,1513.08
Curitiba,140.8,3,2,1,1,acept,not furnished,585.24,4268.76,150.16,60.57,5064.73
Sao Paulo,80.9,1,1,0,7,not acept,not furnished,292.24,2430.92,55.57,33.9,2812.63
Rio de Janeiro,104.3,2,1,1,30,not acept,not furnished,587.05,3377.53,59.71,37.84,4062.13
Curitiba,93.4,3,4,1,7,acept,not furnished,224.66,2437.34,49.9,22.01,2733.91
Sao Paulo,125.1,4,4,1,11,not acept,not furnished,874.74,4422.12,112.71,48.08,5457.65
Belo Horizonte,91.5,2,3,2,7,not acept,furnished,583.12,3257.38,33.59,30.55,3904.64
Rio de Janeiro,102.9,3,4,0,13,not acept,not furnished,472.61,3382.22,81.06,46.14,3982.03
Curitiba,63.2,2,1,1,2,not acept,not furnished,210.1,2206.39,78.31,23.72,2518.52
Sao Paulo,63.4,2,2,2,14,not acept,not furnished,251.25,2743.95,49.43,35.11,3079.74
Fortaleza,18.0,2,1,2,7,acept,furnished,95.39,962.93,17.82,6.18,1082.32
Recife,27.0,3,3,1,24,not acept,not furnished,108.35,1066.6,17.37,15.21,1207.53
Recife,45.3,5,5,2,10,acept,not furnished,302.54,1774.24,34.67,10.89,2122.34
Porto Alegre,42.9,4,4,1,24,not acept,not furnished,78.68,400.0,4.42,5.01,488.11
Sao Paulo,173.4,2,3,2,19,not acept,furnished,1143.76,6700.92,329.28,62.45,8236.41
Porto Alegre,83.9,3,2,1,28,acept,furnished,717.61,4167.57,53.1,48.85,4987.13
Sao Paulo,186.3,1,1,2,24,acept,furnished,1526.93,7886.21,308.59,109.37,9831.1
Sao Paulo,95.4,2,2,2,27,not acept,not furnished,388.13,4229.73,87.94,42.18,4747.98
Rio de Janeiro,99.8,2,3,2,15,acept,furnished,316.4,3442.24,102.87,49.39,3910.9
Rio de Janeiro,99.1,2,2,1,28,not acept,furnished,649.4,3463.3,80.62,25.6,4218.92
Porto Alegre,49.1,3,3,0,2,not acept,not furnished,304.63,2084.16,101.76,28.87,2519.42
Curitiba,65.7,3,2,1,0,not acept,furnished,201.97,1839.88,44.8,16.85,2103.5
Rio de Janeiro,81.7,4,5,2,15,not acept,not furnished,230.83,2219.39,61.95,21.89,2534.06
Sao Paulo,138.1,2,3,0,25,not acept,furnished,1071.48,7010.63,347.36,65.25,8494.72
Recife,113.1,2,2,2,4,acept,not furnished,393.49,2515.71,35.14,17.09,2961.43
Rio de Janeiro,114.2,2,2,3,29,acept,not furnished,611.99,3578.01,78.09,42.46,4310.55
Rio de Janeiro,130.4,2,3,0,3,acept,furnished,816.97,5185.86,131.81,53.82,6188.46
Sao Paulo,91.7,5,5,1,21,acept,furnished,724.94,4354.14,121.87,56.95,5257.9
Porto Alegre,70.5,2,2,0,28,acept,not furnished,350.89,2117.84,102.28,30.0,2601.01
Curitiba,101.8,4,5,1,29,not acept,not furnished,242.72,2816.16,71.17,21.2,3151.25
Sao Paulo,58.1,2,2,1,19,not acept,furnished,465.37,2814.22,59.84,34.37,3373.8
Sao Paulo,203.0,2,1,1,16,acept,not furnished,714.98,7211.91,162.78,55.56,8145.23
Curitiba,70.1,1,1,1,0,acept,not furnished,350.22,2500.03,37.63,30.0,2917.88
Curitiba,74.7,4,5,2,0,acept,furnished,203.1,1842.12,28.79,15.26,2089.27
Sao Paulo,58.9,1,1,1,30,not acept,furnished,573.01,3544.31,69.76,46.93,4234.01
Recife,18.0,5,5,1,6,not acept,not furnished,159.8,15705.26690397894,23.22,17.9,1576.39
Sao Paulo,55.7,2,1,1,0,acept,furnished,544.93,2875.69,67.6,20.14,3508.36
Rio de Janeiro,104.4,2,3,2,15,not acept,not furnished,353.8,4126.14,64.39,58.78,4603.11
Recife,94.8,3,2,1,8,not acept,furnished,369.92,2706.65,88.3,25.29,3190.16
Rio de Janeiro,120.6,1,1,2,9,acept,not furnished,574.0,4371.76,209.96,42.4,5198.12
Curitiba,39.2,1,1,1,9,not acept,furnished,282.92,2747.99,82.23,20.93,3134.07
Rio de Janeiro,68.5,4,5,1,5,acept,not furnished,265.12,2999.33,83.56,25.48,3373.49
Sao Paulo,195.7,2,1,2,29,not acept,furnished,606.74,5666.05,98.76,55.43,6426.98
Recife,19.0,3,2,1,6,not acept,furnished,210.58,2203.77,41.64,14.57,2470.56
Rio de Janeiro,78.4,2,3,1,16,not acept,furnished,310.7,,105.9,32.73,3485.74
Fortaleza,32.8,1,2,0,5,acept,not furnished,304.09,1661.15,24.44,17.69,2007.37
Sao Paulo,96.3,2,3,1,23,not acept,not furnished,708.12,4241.53,72.44,42.91,5065.0
Sao Paulo,72.9,3,4,1,5,not acept,furnished,216.44,2231.1,74.56,17.92,2540.02
Sao Paulo,67.1,3,3,1,18,acept,furnished,449.76,2390.14,94.18,13.18,2947.26
Curitiba,61.9,3,3,1,25,not acept,not furnished,173.52,930.54,44.36,12.53,1160.95
Rio de Janeiro,53.8,3,4,2,6,acept,not furnished,224.7,2038.6,34.81,19.44,2317.55
Salvador,47.2,1,2,1,24,not acept,furnished,213.48,2489.65,96.37,30.1,2829.6
Rio de Janeiro,109.1,1,1,1,0,acept,not furnished,557.39,3415.11,67.37,19.69,4059.56
Recife,84.2,2,2,1,1,not acept,furnished,432.39,2883.98,47.33,18.7,3382.4
Sao Paulo,96.8,3,2,1,11,acept,not furnished,436.39,3490.74,149.54,44.38,4121.05
Salvador,120.8,3,2,1,11,acept,not furnished,305.48,3561.83,78.07,41.75,3987.13
Porto Alegre,36.8,1,1,2,14,not acept,not furnished,116.29,1216.45,28.3,14.63,1375.67
Porto Alegre,46.3,1,2,1,0,not acept,not furnished,260.94,1715.13,44.31,9.0,2029.38
Salvador,18.0,3,3,1,1,not acept,not furnished,140.97,877.88,10.4,7.74,1036.99
Porto Alegre,112.7,4,3,0,0,acept,not furnished,370.87,3539.82,159.66,28.79,4099.14
Curitiba,35.8,3,3,2,29,not acept,not furnished,53.49,400.0,19.54,5.2,478.23
Sao Paulo,157.4,2,3,1,8,not acept,not furnished,1065.73,5761.33,104.94,51.32,6983.32
Sao Paulo,128.3,3,3,0,20,not acept,not furnished,554.09,5091.07,66.37,25.82,5737.35
Fortaleza,66.3,3,4,2,17,acept,not furnished,235.17,1270.82,37.62,11.52,1555.13
Belo Horizonte,18.0,2,3,1,21,acept,furnished,251.73,2196.19,79.8,17.22,2544.94
Porto Alegre,54.0,3,2,2,27,acept,furnished,381.89,2086.83,62.05,26.39,2557.16
Rio de Janeiro,143.1,2,1,1,5,not acept,not furnished,746.39,4997.55,180.43,58.87,5983.24
Sao Paulo,107.8,2,3,2,11,not acept,not furnished,518.3,3041.15,146.11,36.45,3742.01
Sao Paulo,99.8,5,6,0,8,not acept,not furnished,485.53,4017.42,93.44,54.47,4650.86
Curitiba,102.6,4,3,1,0,acept,furnished,373.87,3866.66,176.06,56.3,4472.89
Rio de Janeiro,95.1,2,3,1,0,not acept,furnished,391.45,4000.6,127.16,59.28,4578.49
Sao Paulo,43.0,1,1,1,23,not acept,not furnished,186.82,1872.8,72.15,27.75,2159.52
Rio de Janeiro,87.7,3,4,2,1,acept,not furnished,333.84,32875.499690113276,138.75,44.05,3722.01
Sao Paulo,178.4,2,3,2,0,not acept,not furnished,1132.27,6090.37,125.79,66.44,7414.87
Belo Horizonte,82.2,2,1,0,12,not acept,not furnished,398.11,2869.41,69.46,21.48,3358.46
Sao Paulo,170.8,2,1,1,8,not acept,furnished,648.69,6091.72,70.68,31.13,6842.22
Porto Alegre,57.2,3,2,2,0,not acept,furnished,345.99,2227.69,91.71,18.99,2684.38
Rio de Janeiro,60.7,1,1,1,0,not acept,not furnished,159.19,1768.34,22.69,23.41,1973.63
Rio de Janeiro,79.7,3,4,0,28,acept,furnished,391.9,3839.75,102.95,46.29,4380.89
Sao Paulo,140.5,1,2,2,28,acept,not furnished,848.13,5791.63,247.58,37.1,6924.44
Sao Paulo,107.4,4,3,2,13,not acept,not furnished,419.92,3039.51,42.94,15.22,3517.59
Rio de Janeiro,104.0,4,5,2,25,acept,furnished,439.02,4114.66,204.65,31.39,4789.72
Rio de Janeiro,105.8,3,4,2,24,not acept,not furnished,306.34,3576.51,116.52,45.4,4044.77
Belo Horizonte,18.0,3,3,3,16,acept,not furnished,111.89,735.0,11.02,8.57,866.48
Sao Paulo,178.5,2,3,1,22,acept,furnished,1323.35,7104.6,75.09,82.3,8585.34
Curitiba,45.8,3,3,3,28,not acept,not furnished,341.36,1981.7,46.48,23.72,2393.26
Salvador,37.9,4,5,1,16,acept,furnished,218.39,2096.78,39.47,16.18,2370.82
Porto Alegre,72.9,2,1,2,14,acept,not furnished,395.11,2413.73,68.89,26.34,2904.07
Sao Paulo,127.3,3,2,2,0,acept,not furnished,559.62,5192.39,148.73,76.81,5977.55
Rio de Janeiro,72.3,2,3,1,15,not acept,not furnished,461.95,2689.49,43.66,20.98,3216.08
Sao Paulo,116.1,2,1,1,24,not acept,furnished,949.1,5561.19,202.19,75.95,6788.43
Sao Paulo,179.4,2,2,3,23,acept,furnished,616.49,5787.49,153.35,81.37,6638.7
Recife,18.4,5,4,1,19,acept,not furnished,81.38,988.01,34.89,8.87,1113.15
Sao Paulo,133.9,2,2,1,0,not acept,furnished,454.83,3186.43,141.95,18.31,3801.52
Rio de Janeiro,106.6,3,4,2,28,acept,not furnished,397.93,2555.15,42.87,38.15,3034.1
Belo Horizonte,18.0,5,6,1,11,acept,furnished,125.24,1110.03,30.33,6.6,1272.2
Curitiba,29.2,3,2,1,16,not acept,not furnished,210.04,1613.4,70.43,21.42,1915.29
Belo Horizonte,38.9,4,5,0,10,acept,not furnished,251.06,1858.89,72.29,15.75,2197.99
Sao Paulo,89.6,1,2,1,9,not acept,furnished,470.73,2812.0,62.47,31.2,3376.4
Rio de Janeiro,162.9,5,5,1,14,not acept,not furnished,520.6,5035.69,202.69,40.32,5799.3
Belo Horizonte,75.3,2,2,0,14,not acept,not furnished,234.19,2571.6,65.01,22.5,2893.3
Sao Paulo,63.9,5,6,1,9,not acept,furnished,385.05,3426.24,167.39,26.84,4005.52
Rio de Janeiro,83.5,2,1,1,24,not acept,not furnished,523.28,3744.49,75.61,26.41,4369.79
Sao Paulo,80.5,2,1,2,0,acept,not furnished,194.39,2010.94,34.44,17.34,2257.11
Sao Paulo,214.2,2,1,0,1,acept,not furnished,775.93,7221.17,326.0,98.6,8421.7
Rio de Janeiro,133.9,2,3,1,0,not acept,furnished,739.08,5298.51,158.27,30.81,6226.67
Sao Paulo,52.0,2,1,0,16,acept,not furnished,231.9,1392.19,55.36,7.12,1686.57
Belo Horizonte,76.1,5,4,1,11,acept,not furnished,217.38,2612.36,125.41,19.23,2974.38
Curitiba,78.0,2,3,1,12,acept,furnished,376.1,2532.74,45.31,34.11,2988.26
Salvador,18.0,3,3,2,16,acept,furnished,156.08,1238.02,17.34,17.71,1429.15
Sao Paulo,58.4,1,1,0,8,not acept,not furnished,292.79,1985.41,37.05,26.07,2341.32
Sao Paulo,38.9,4,5,2,3,not acept,not furnished,288.91,1841.79,26.87,9.91,2167.48
Sao Paulo,67.1,3,3,2,7,acept,not furnished,213.6,2529.64,122.64,17.59,2883.47
Curitiba,25.0,5,4,1,30,not acept,not furnished,117.51,812.63,31.32,6.74,968.2
Curitiba,104.1,2,3,1,29,acept,not furnished,686.13,3547.3,128.53,41.98,4403.94
Sao Paulo,214.5,2,3,0,29,not acept,furnished,1025.44,7844.8,377.06,64.9,9312.2
Fortaleza,62.8,2,2,1,0,acept,not furnished,406.43,2144.41,105.37,21.32,2677.53
Sao Paulo,125.0,3,4,1,0,not acept,not furnished,754.95,3840.5,178.66,20.77,4794.88
Belo Horizonte,18.0,3,4,0,0,not acept,not furnished,269.71,1747.5,63.59,9.38,2090.18
Curitiba,57.2,3,2,2,24,not acept,furnished,474.88,3342.76,99.85,41.19,3958.68
Fortaleza,26.5,1,2,1,30,acept,furnished,192.03,1111.57,13.07,6.73,1323.4
Curitiba,34.8,3,4,2,15,not acept,not furnished,385.22,2204.88,99.39,17.1,2706.59
Salvador,74.3,4,5,1,21,not acept,furnished,344.92,2227.72,31.2,11.24,2615.08
Rio de Janeiro,68.5,1,2,2,9,not acept,furnished,137.42,1716.68,23.08,18.01,1895.19
Salvador,60.3,1,1,1,23,not acept,not furnished,99.73,629.87,22.83,6.57,759.0
Sao Paulo,90.3,3,4,1,19,not acept,furnished,640.55,3448.9,149.18,32.64,4271.27
Fortaleza,18.0,2,1,1,24,not acept,not furnished,35.26,400.0,14.97,5.15,455.38
Belo Horizonte,64.2,3,3,2,14,acept,not furnished,267.13,2305.63,56.72,20.38,2649.86
Salvador,20.4,3,4,1,4,acept,not furnished,251.89,1377.69,59.49,10.31,1699.38
Rio de Janeiro,140.5,5,5,0,13,acept,not furnished,758.95,4895.79,50.02,40.86,5745.62
Curitiba,99.2,4,5,1,8,not acept,furnished,425.42,4540.27,75.31,54.06,5095.06
Belo Horizonte,65.1,3,4,1,20,acept,furnished,273.06,1801.13,54.11,26.07,2154.37
Porto Alegre,18.0,2,2,0,2,not acept,not furnished,95.66,620.47,28.0,7.48,751.61
Sao Paulo,141.6,2,2,1,8,acept,not furnished,537.99,5775.47,81.73,86.15,6481.34
Sao Paulo,52.4,4,4,0,0,not acept,furnished,64.36,639.63,19.25,7.08,730.32
Sao Paulo,40.6,3,3,2,24,not acept,furnished,204.39,1362.61,24.84,19.72,1611.56
Sao Paulo,55.9,3,2,2,11,not acept,not furnished,508.41,3924.35,73.14,25.18,4531.08
Fortaleza,49.3,2,2,1,23,not acept,furnished,180.8,12837.63479083457,73.28,12.39,1944.91
Sao Paulo,144.9,1,1,2,0,not acept,not furnished,688.97,4437.76,74.18,51.51,5252.42
Recife,54.9,2,3,1,4,acept,not furnished,132.48,1421.01,18.08,14.05,1585.62
Rio de Janeiro,33.7,2,3,1,26,not acept,not furnished,202.7,2166.01,29.07,18.7,2416.48
Sao Paulo,18.0,3,3,0,17,not acept,not furnished,118.95,1464.09,35.15,12.52,1630.71
Porto Alegre,51.4,3,4,3,0,acept,furnished,553.48,3492.35,110.52,27.98,4184.33
Curitiba,68.2,1,1,0,27,not acept,not furnished,493.58,2574.04,26.92,33.74,3128.28
Rio de Janeiro,114.3,3,2,0,30,not acept,not furnished,251.2,3046.03,151.54,26.04,3474.81
Belo Horizonte,61.0,4,4,1,19,not acept,not furnished,218.66,1705.42,81.11,9.84,2015.03
Curitiba,63.7,3,3,1,21,not acept,furnished,265.75,2630.14,75.26,17.13,2988.28
Sao Paulo,198.0,3,3,1,2,acept,furnished,1326.45,8419.31,133.46,83.7,9962.92
Recife,88.2,2,1,2,23,not acept,not furnished,351.37,2628.17,43.24,16.49,3039.27
Recife,71.3,4,4,0,0,acept,not furnished,204.26,1354.74,34.66,18.05,1611.71
Curitiba,18.0,2,1,1,27,not acept,furnished,100.35,554.97,25.81,7.85,688.98
Sao Paulo,54.7,4,3,0,14,acept,not furnished,240.9,1624.73,43.07,9.2,1917.9
Curitiba,42.6,3,4,2,2,acept,not furnished,171.28,1186.94,30.26,16.28,1404.76
Sao Paulo,89.4,4,5,2,0,not acept,not furnished,336.85,3464.41,161.87,41.1,4004.23
Sao Paulo,123.2,5,5,1,12,not acept,not furnished,609.5,4499.57,223.85,37.14,5370.06
Sao Paulo,108.6,3,3,0,0,acept,not furnished,285.87,1840.46,46.66,13.85,2186.84
Rio de Janeiro,26.2,1,1,2,29,acept,not furnished,406.87,2469.25,119.76,22.36,3018.24
Salvador,18.0,2,2,2,3,not acept,furnished,128.29,1428.05,21.69,15.7,1593.73
Porto Alegre,83.6,1,1,0,11,not acept,not furnished,438.27,2702.22,48.61,20.01,3209.11
Porto Alegre,59.4,2,2,1,17,acept,furnished,294.13,2841.95,77.84,39.22,3253.14
Rio de Janeiro,72.0,1,2,3,20,not acept,furnished,483.89,3037.13,76.85,16.03,3613.9
Rio de Janeiro,104.7,3,3,1,16,not acept,not furnished,349.55,3078.21,59.09,17.56,3504.41
Rio de Janeiro,115.8,1,1,2,3,not acept,furnished,653.5,4330.71,125.73,42.32,5152.26
Recife,76.5,3,4,1,13,acept,not furnished,203.15,2059.68,81.06,17.36,2361.25
Sao Paulo,130.6,4,5,0,8,acept,not furnished,843.13,4318.67,70.27,35.04,5267.11
Salvador,63.6,3,3,1,0,not acept,furnished,536.59,3270.18,80.29,31.28,3918.34
Belo Horizonte,18.0,4,5,1,10,not acept,not furnished,147.02,1329.83,14.93,14.28,1506.06
Rio de Janeiro,62.2,2,3,2,17,not acept,not furnished,624.67,3474.37,167.49,22.52,4289.05
Porto Alegre,66.2,3,3,1,1,acept,not furnished,466.21,2392.83,96.75,32.28,2988.07
Rio de Janeiro,126.6,2,2,1,3,not acept,not furnished,711.55,4901.96,112.9,41.36,5767.77
Fortaleza,64.1,3,2,2,0,not acept,not furnished,177.65,1457.68,24.72,14.46,1674.51
Fortaleza,59.8,3,4,2,0,acept,not furnished,263.72,2568.19,80.17,27.4,2939.48
Rio de Janeiro,105.1,1,1,2,28,not acept,not furnished,535.27,3472.67,65.89,39.87,4113.7
Sao Paulo,122.5,2,3,1,25,not acept,furnished,579.29,5268.81,167.05,32.29,6047.44
Belo Horizonte,55.2,3,3,1,5,not acept,not furnished,606.46,3253.25,85.5,43.74,3988.95
Fortaleza,46.3,3,2,1,16,not acept,not furnished,147.08,1305.21,42.05,7.36,1501.7
Sao Paulo,159.1,3,3,1,24,acept,not furnished,428.73,26897.891709570937,145.63,33.24,5230.6
Curitiba,94.2,2,2,1,9,acept,not furnished,694.95,3498.23,35.73,20.93,4249.84
Curitiba,88.6,2,1,0,22,acept,not furnished,455.63,3599.87,136.88,45.47,4237.85
Porto Alegre,116.0,1,1,1,26,not acept,not furnished,443.06,2791.25,93.5,33.87,3361.68
Sao Paulo,173.2,5,4,1,14,not acept,not furnished,669.8,5986.9,204.76,47.83,6909.29
Curitiba,25.7,4,5,0,27,acept,not furnished,216.53,1968.22,41.15,25.23,2251.13
Fortaleza,29.6,1,2,1,4,acept,furnished,257.0,1952.3,94.0,27.51,2330.81
Sao Paulo,44.0,2,3,0,27,acept,not furnished,431.12,2372.36,59.19,16.24,2878.91
Sao Paulo,84.3,3,3,0,24,not acept,furnished,472.51,3200.7,63.26,27.76,3764.23
Recife,42.2,2,1,0,25,not acept,furnished,330.25,2310.44,26.07,23.78,2690.54
Sao Paulo,159.4,4,4,2,0,not acept,not furnished,722.72,5724.71,193.57,46.07,6687.07
Salvador,39.1,3,3,1,19,not acept,furnished,147.67,1346.26,58.39,15.68,1568.0
Rio de Janeiro,182.3,2,2,2,11,not acept,not furnished,1052.91,6145.33,108.56,81.96,7388.76
Sao Paulo,59.4,1,1,1,17,not acept,not furnished,257.64,3146.86,117.24,38.73,3560.47
Fortaleza,46.0,3,3,1,0,acept,not furnished,278.45,1446.41,14.71,20.88,1760.45
Rio de Janeiro,41.5,2,2,2,5,not acept,furnished,500.36,2902.57,98.09,25.77,3526.79
Belo Horizonte,67.2,3,2,1,9,acept,furnished,172.47,,18.69,9.94,1658.43
Rio de Janeiro,135.2,2,1,1,21,not acept,not furnished,966.0,5351.0,245.48,73.31,6635.79
Belo Horizonte,53.7,1,2,1,16,acept,not furnished,326.77,2705.48,57.98,40.26,3130.49
Sao Paulo,185.7,3,2,1,0,not acept,not furnished,747.48,6327.77,187.36,59.94,7322.55
Rio de Janeiro,97.8,3,4,1,8,not acept,not furnished,540.59,4624.46,118.64,31.95,5315.64
Recife,62.4,2,3,0,28,acept,furnished,340.48,2656.18,88.04,20.93,3105.63
Sao Paulo,170.7,1,1,1,3,not acept,not furnished,955.85,5333.47,120.24,50.2,6459.76
Curitiba,55.6,3,3,1,5,not acept,not furnished,263.01,2365.78,111.21,15.16,2755.16
Rio de Janeiro,123.6,3,3,1,7,acept,not furnished,674.21,4369.54,100.53,38.94,5183.22
Porto Alegre,18.0,2,2,0,6,acept,furnished,140.75,1410.02,43.62,16.87,1611.26
Sao Paulo,22.4,3,3,0,1,acept,not furnished,226.72,1141.1,29.72,11.64,1409.18
Recife,74.8,2,2,2,8,not acept,not furnished,266.19,2493.94,47.95,32.03,2840.11
Rio de Janeiro,84.8,2,2,2,15,acept,furnished,500.76,2783.66,138.12,16.87,3439.41
Sao Paulo,67.7,3,4,0,20,acept,not furnished,248.98,2301.54,85.09,30.82,2666.43
Sao Paulo,114.9,3,4,3,19,not acept,not furnished,464.77,3476.67,105.99,28.99,4076.42
Sao Paulo,18.0,2,2,1,3,acept,furnished,117.18,1053.69,37.85,8.99,1217.71
Belo Horizonte,18.0,1,1,1,18,acept,not furnished,105.5,625.58,19.01,6.84,756.93
Rio de Janeiro,133.2,1,2,1,9,not acept,not furnished,800.5,5017.14,201.93,61.23,6080.8
Salvador,57.9,4,5,1,25,not acept,furnished,165.77,1761.37,32.78,11.53,1971.45
Rio de Janeiro,135.5,1,1,1,9,not acept,not furnished,846.25,4802.82,237.82,24.99,5911.88
Sao Paulo,122.2,1,1,1,30,not acept,not furnished,945.43,5032.49,109.83,39.09,6126.84
Belo Horizonte,138.4,2,2,2,18,acept,furnished,344.58,3918.96,101.86,32.48,4397.88
Curitiba,38.9,2,2,2,11,not acept,furnished,306.92,3345.97,163.19,21.83,3837.91
Sao Paulo,92.1,3,3,1,14,acept,furnished,284.05,3257.99,65.91,41.28,3649.23
Sao Paulo,112.3,2,3,0,3,not acept,furnished,380.15,3419.72,57.33,39.52,3896.72
Sao Paulo,124.7,3,3,0,20,not acept,not furnished,935.55,4858.68,170.1,34.17,5998.5
Porto Alegre,40.0,1,1,2,29,acept,not furnished,208.31,2027.43,98.52,13.28,2347.54
Curitiba,49.4,3,3,1,14,not acept,furnished,516.21,2642.16,131.33,26.06,3315.76
Rio de Janeiro,184.1,2,1,3,30,not acept,furnished,634.14,5451.76,106.5,73.88,6266.28
Salvador,18.0,2,1,0,2,not acept,not furnished,125.68,726.61,16.06,6.36,874.71
Salvador,18.0,2,2,0,18,not acept,not furnished,244.22,1616.12,67.07,18.26,1945.67
Belo Horizonte,76.2,3,4,0,20,not acept,furnished,258.02,2419.54,39.15,17.5,2734.21
Salvador,87.5,3,2,1,8,not acept,not furnished,536.0,2920.61,67.23,41.04,3564.88
Sao Paulo,59.1,2,2,0,9,not acept,not furnished,294.45,3452.32,110.94,45.41,3903.12
Sao Paulo,111.3,1,1,1,29,not acept,furnished,360.96,4439.55,87.36,59.14,4947.01
Sao Paulo,127.3,2,3,1,18,not acept,furnished,695.06,5257.14,57.92,26.85,6036.97
Sao Paulo,56.6,3,4,3,23,not acept,not furnished,393.2,3016.91,32.51,29.84,3472.46
Belo Horizonte,18.0,4,5,3,21,acept,furnished,75.64,475.65,23.24,2.5,577.03
Fortaleza,21.0,5,6,1,18,acept,not furnished,41.95,500.77,14.73,6.75,564.2
Sao Paulo,71.2,3,3,2,0,acept,furnished,520.06,16764.81123551915,157.03,21.59,3911.15
Sao Paulo,18.0,2,3,1,19,acept,not furnished,294.9,2028.06,51.04,24.83,2398.83
Rio de Janeiro,136.1,3,3,0,9,acept,not furnished,651.47,5462.47,233.58,40.86,6388.38
Fortaleza,18.0,2,3,0,13,acept,not furnished,179.85,1311.31,20.45,17.5,1529.11
Rio de Janeiro,136.0,3,3,0,26,acept,not furnished,409.54,4657.9,56.87,37.91,5162.22
Belo Horizonte,30.9,2,3,2,29,not acept,not furnished,180.83,1356.27,32.61,7.34,1577.05
Sao Paulo,193.4,2,2,1,20,acept,furnished,1152.51,7915.71,91.93,43.32,9203.47
Sao Paulo,80.4,1,1,2,5,acept,furnished,586.22,3727.87,109.83,50.63,4474.55
Recife,18.0,2,2,2,8,not acept,not furnished,32.42,400.0,14.22,5.58,452.22
Recife,77.3,3,3,1,2,acept,not furnished,332.85,1934.35,28.44,24.1,2319.74
Sao Paulo,18.0,3,4,1,17,not acept,not furnished,46.43,400.0,10.77,5.89,463.09
Recife,36.6,4,5,1,28,not acept,not furnished,157.71,1281.87,59.53,18.13,1517.24
Curitiba,59.1,5,4,1,24,acept,not furnished,366.2,2154.97,70.32,26.23,2617.72
Salvador,42.1,1,2,0,15,not acept,furnished,489.97,2474.59,73.75,12.68,3050.99
Rio de Janeiro,140.1,3,3,0,29,acept,not furnished,668.77,4601.21,164.58,31.66,5466.22
Belo Horizonte,83.8,3,4,2,27,acept,not furnished,168.09,1812.15,82.39,13.02,2075.65
Rio de Janeiro,176.8,4,5,2,9,not acept,not furnished,863.04,5534.62,233.45,43.17,6674.28
Curitiba,43.0,2,2,1,15,not acept,furnished,98.44,492.21,9.92,3.79,604.36
Sao Paulo,189.6,1,1,1,7,acept,not furnished,420.18,5230.57,59.37,36.14,5746.26
Sao Paulo,203.8,2,3,1,0,not acept,not furnished,519.42,6027.44,131.74,59.42,6738.02
Rio de Janeiro,156.1,5,6,2,12,acept,not furnished,602.29,4517.98,207.99,66.01,5394.27
Curitiba,127.0,4,4,1,22,not acept,furnished,429.02,5253.2,145.15,28.69,5856.06
Sao Paulo,21.6,2,1,2,18,not acept,not furnished,115.9,969.99,38.78,6.5,1131.17
Curitiba,78.4,4,3,3,28,not acept,furnished,334.15,3162.68,129.63,27.35,3653.81
Recife,18.0,1,2,1,20,acept,not furnished,121.79,802.48,27.86,8.9,961.03
Sao Paulo,86.6,2,2,2,2,not acept,not furnished,261.67,2465.91,43.14,15.65,2786.37
Curitiba,129.2,3,4,0,6,acept,not furnished,449.07,3880.34,119.28,41.12,4489.81
Rio de Janeiro,135.1,2,2,1,1,not acept,furnished,1074.11,5580.94,161.12,35.35,6851.52
Salvador,18.0,2,2,1,24,acept,furnished,95.66,604.75,21.53,4.26,726.2
Sao Paulo,85.3,4,5,1,29,acept,not furnished,577.97,3334.22,145.0,17.25,4074.44
Curitiba,76.1,3,3,1,5,not acept,not furnished,339.7,2354.69,26.63,34.39,2755.41
Salvador,64.1,5,6,2,23,not acept,furnished,248.17,2668.18,61.49,20.31,2998.15
Recife,18.0,1,1,1,12,acept,furnished,57.33,430.39,17.25,4.78,509.75
Curitiba,91.4,2,1,0,9,acept,not furnished,247.06,2343.71,100.59,17.53,2708.89
Rio de Janeiro,77.3,2,3,3,30,not acept,not furnished,262.03,2348.29,40.42,33.5,2684.24
Belo Horizonte,68.3,4,3,2,9,not acept,not furnished,427.34,2361.08,57.15,12.87,2858.44
Salvador,58.2,2,1,1,19,acept,not furnished,467.91,2497.9,75.01,24.83,3065.65
Belo Horizonte,45.0,2,1,1,21,not acept,furnished,188.42,1763.26,58.62,14.58,2024.88
Sao Paulo,85.8,1,1,1,23,not acept,not furnished,352.64,2647.74,68.36,22.92,3091.66
Fortaleza,36.0,3,3,0,26,not acept,not furnished,216.07,1100.77,42.39,6.62,1365.85
Curitiba,67.2,2,3,1,16,acept,not furnished,337.58,2199.83,61.93,19.62,2618.96
Curitiba,45.8,1,2,2,17,not acept,not furnished,325.63,1840.26,42.84,22.7,2231.43
Sao Paulo,117.6,2,1,1,21,acept,not furnished,575.26,3972.82,107.21,47.03,4702.32
Curitiba,99.7,2,3,3,2,not acept,not furnished,318.02,2295.8,38.51,32.57,2684.9
Rio de Janeiro,47.7,2,3,2,4,acept,furnished,324.72,1944.52,30.69,10.88,2310.81
Curitiba,28.2,1,2,3,23,acept,furnished,95.67,808.71,28.23,11.35,943.96
Sao Paulo,45.6,4,4,2,2,acept,furnished,315.01,2004.95,52.97,19.07,2392.0
Curitiba,60.7,1,1,0,20,not acept,not furnished,274.17,1927.94,91.91,17.75,2311.77
Recife,25.3,1,2,2,0,not acept,furnished,235.58,1409.02,33.21,13.11,1690.92
Sao Paulo,188.1,2,2,1,8,not acept,not furnished,616.0,6384.54,227.97,76.28,7304.79
Recife,32.0,5,4,0,19,not acept,not furnished,208.66,1296.04,49.26,12.29,1566.25
Rio de Janeiro,157.2,1,1,1,21,not acept,furnished,936.08,5976.7,248.26,88.32,7249.36
Fortaleza,18.2,4,4,1,18,acept,not furnished,210.55,1117.51,27.53,13.19,1368.78
Porto Alegre,31.9,4,4,1,12,not acept,furnished,238.43,1906.02,56.05,21.08,2221.58
Belo Horizonte,18.0,2,3,2,6,not acept,furnished,194.03,1063.37,43.91,6.99,1308.3
Porto Alegre,48.8,2,1,1,18,acept,not furnished,109.04,1295.08,57.96,9.56,1471.64
Fortaleza,33.9,3,2,1,3,acept,furnished,167.52,1471.13,31.47,17.37,1687.49
Rio de Janeiro,171.8,3,4,2,0,not acept,not furnished,465.78,5105.13,100.5,44.84,5716.25
Rio de Janeiro,66.7,3,2,1,0,acept,furnished,331.43,3012.02,71.09,38.16,3452.7
Curitiba,54.9,4,3,2,6,acept,not furnished,172.99,1435.57,48.26,13.33,1670.15
Salvador,39.3,2,2,2,0,not acept,not furnished,254.08,1646.47,71.29,22.59,1994.43
Porto Alegre,22.0,3,4,1,5,not acept,furnished,139.63,1592.26,56.95,17.45,1806.29
Porto Alegre,38.6,1,1,1,7,acept,furnished,289.35,2751.01,49.76,36.98,3127.1
Rio de Janeiro,123.4,3,2,2,9,not acept,furnished,852.16,5098.04,61.54,70.4,6082.14
Salvador,21.5,3,2,2,21,not acept,not furnished,274.27,1687.77,54.42,13.99,2030.45
Sao Paulo,101.4,2,3,2,12,acept,furnished,635.9,4260.86,172.58,38.05,5107.39
Belo Horizonte,88.1,1,1,1,30,acept,not furnished,338.13,2054.93,62.09,25.15,2480.3
Sao Paulo,101.8,2,2,2,29,acept,not furnished,686.32,4119.86,101.6,25.65,4933.43
Rio de Janeiro,72.8,2,2,0,30,not acept,furnished,254.09,2418.27,43.32,15.58,2731.26
Rio de Janeiro,152.7,4,5,2,11,not acept,not furnished,740.2,5148.04,169.79,68.04,6126.07
Rio de Janeiro,133.1,3,3,1,0,acept,furnished,759.89,4577.06,157.74,23.47,5518.16
Curitiba,67.3,3,3,2,26,acept,furnished,683.09,4262.54,184.9,22.91,5153.44
Rio de Janeiro,139.7,2,1,0,12,acept,furnished,662.88,4863.57,192.46,52.31,5771.22
Rio de Janeiro,18.0,1,1,0,19,acept,furnished,192.52,1463.96,44.82,21.42,1722.72
Sao Paulo,50.2,2,2,0,25,not acept,furnished,263.88,2387.65,101.19,34.21,2786.93
Rio de Janeiro,75.6,2,2,1,17,acept,not furnished,312.88,2477.42,36.01,23.31,2849.62
Sao Paulo,174.7,3,2,0,22,not acept,furnished,943.17,5915.56,115.68,76.85,7051.26
Sao Paulo,48.6,4,5,1,5,not acept,not furnished,292.5,2291.92,91.98,27.42,2703.82
Belo Horizonte,106.8,2,1,1,4,acept,furnished,554.37,3726.97,100.12,48.59,4430.05
Curitiba,77.5,3,3,1,16,not acept,furnished,513.84,,87.59,19.74,3279.19
Belo Horizonte,69.7,1,2,0,18,not acept,not furnished,177.58,2073.18,92.31,17.14,2360.21
Rio de Janeiro,82.4,1,1,2,26,not acept,furnished,554.77,3252.59,153.32,41.53,4002.21
Rio de Janeiro,18.0,1,1,1,25,not acept,furnished,179.31,1071.54,50.51,8.29,1309.65
Salvador,29.4,3,3,1,30,not acept,not furnished,181.63,1292.24,31.28,16.26,1521.41
Belo Horizonte,25.5,3,4,1,29,not acept,not furnished,123.53,1266.14,44.0,15.86,1449.53
Rio de Janeiro,37.5,2,2,2,18,not acept,furnished,135.48,1103.22,38.46,13.95,1291.11
Sao Paulo,70.2,3,4,2,14,acept,not furnished,427.85,3651.48,78.29,34.2,4191.82
Rio de Janeiro,62.4,3,2,1,23,not acept,not furnished,322.31,,55.14,13.49,2338.7
Rio de Janeiro,54.2,1,2,3,6,acept,not furnished,334.76,2385.47,63.64,14.21,2798.08
Rio de Janeiro,95.1,3,3,0,9,acept,not furnished,377.19,3088.11,115.22,21.43,3601.95
Belo Horizonte,34.1,3,3,1,23,not acept,furnished,141.51,901.21,30.57,8.93,1082.22
Belo Horizonte,39.1,2,1,1,29,acept,not furnished,152.96,1379.74,63.91,10.5,1607.11
Belo Horizonte,48.5,3,2,3,27,not acept,furnished,390.6,2488.51,49.75,33.81,2962.67
Porto Alegre,26.6,2,1,1,0,not acept,furnished,262.93,1334.43,45.39,16.46,1659.21
Salvador,59.0,3,4,1,5,acept,not furnished,316.3,3019.0,114.74,37.45,3487.49
Curitiba,108.9,4,5,2,6,not acept,not furnished,366.07,3992.31,49.41,31.78,4439.57
Recife,27.6,2,3,1,10,acept,not furnished,330.34,1725.47,61.17,16.74,2133.72
Sao Paulo,58.8,2,3,3,0,acept,furnished,317.93,2583.25,87.22,29.3,3017.7
Sao Paulo,50.6,2,1,2,5,not acept,not furnished,306.7,1917.75,43.67,18.11,2286.23
Sao Paulo,124.7,2,2,0,21,not acept,furnished,394.09,3235.57,159.82,41.89,3831.37
Curitiba,34.5,1,1,0,5,acept,not furnished,203.57,1134.03,29.82,12.37,1379.79
Fortaleza,29.3,3,4,1,29,not acept,furnished,273.54,1971.22,33.45,21.63,2299.84
Sao Paulo,135.9,1,1,0,11,not acept,furnished,721.11,6136.35,197.34,34.21,7089.01
Fortaleza,24.6,2,1,1,0,acept,not furnished,71.26,400.0,9.75,5.18,486.19
Sao Paulo,30.2,3,2,2,25,not acept,not furnished,198.81,1789.51,34.52,11.16,2034.0
Fortaleza,52.5,3,3,1,28,acept,furnished,375.63,2247.51,52.67,15.74,2691.55
Rio de Janeiro,155.0,1,1,1,28,acept,not furnished,546.07,4576.66,180.17,28.29,5331.19
Sao Paulo,91.3,3,4,3,14,acept,not furnished,352.77,2639.13,58.0,35.24,3085.14
Rio de Janeiro,103.7,4,4,0,28,acept,not furnished,320.67,2066.81,68.3,28.61,2484.39
Sao Paulo,93.5,1,1,1,21,not acept,not furnished,404.56,2552.68,25.57,37.71,3020.52
Sao Paulo,158.3,2,2,0,4,not acept,not furnished,723.91,5318.82,77.47,35.4,6155.6
Rio de Janeiro,59.7,3,3,1,15,not acept,not furnished,213.54,2194.19,87.37,29.62,2524.72
Salvador,18.0,3,3,2,12,acept,not furnished,68.14,400.0,7.29,4.33,479.76
Belo Horizonte,71.7,2,3,2,12,not acept,not furnished,449.65,2414.65,100.78,33.86,2998.94
Rio de Janeiro,18.0,2,2,2,11,not acept,not furnished,76.0,400.0,8.41,3.17,487.58
Belo Horizonte,46.6,3,4,1,3,not acept,furnished,161.62,1759.99,32.28,13.68,1967.57
Curitiba,70.6,5,5,2,10,not acept,not furnished,430.38,2589.34,97.11,33.8,3150.63
Sao Paulo,120.7,3,4,1,14,acept,not furnished,519.13,4943.44,68.92,36.96,5568.45
Rio de Janeiro,127.1,5,4,1,7,not acept,furnished,459.12,4974.8,121.92,28.48,5584.32
Sao Paulo,124.3,3,2,1,3,not acept,not furnished,396.6,4479.6,58.31,42.13,4976.64
Sao Paulo,212.6,4,3,1,4,acept,furnished,695.46,8636.88,156.08,95.42,9583.84
Curitiba,43.0,3,4,3,4,not acept,not furnished,253.89,1331.66,21.66,16.07,1623.28
Sao Paulo,135.5,4,3,3,12,not acept,not furnished,786.58,5154.47,218.16,33.06,6192.27
Belo Horizonte,95.7,2,3,3,4,not acept,not furnished,469.44,3080.35,102.1,31.25,3683.14
Curitiba,18.0,4,5,0,21,not acept,not furnished,70.95,400.0,17.13,3.33,491.41
Sao Paulo,98.4,2,3,2,8,not acept,furnished,592.7,3231.57,160.73,30.66,4015.66
Belo Horizonte,88.2,1,1,2,28,not acept,not furnished,237.6,2949.79,94.97,17.59,3299.95
Sao Paulo,190.6,3,4,2,0,acept,not furnished,1159.35,6797.45,329.06,84.3,8370.16
Recife,77.5,2,2,1,7,acept,not furnished,272.34,2149.87,29.82,24.53,2476.56
Rio de Janeiro,102.8,1,1,2,22,acept,not furnished,364.47,3053.98,44.73,31.48,3494.66
Salvador,30.2,5,5,1,20,not acept,furnished,282.27,1666.79,49.95,11.34,2010.35
Belo Horizonte,31.1,3,2,2,11,acept,not furnished,120.93,918.76,13.83,6.18,1059.7
Sao Paulo,148.9,4,5,2,26,acept,furnished,1026.95,5177.67,241.18,36.31,6482.11
Curitiba,82.6,5,6,2,0,not acept,not furnished,559.96,3091.14,93.27,39.81,3784.18
Recife,33.0,2,3,2,14,acept,not furnished,87.73,851.71,38.42,7.33,985.19
Belo Horizonte,103.7,2,1,0,4,not acept,furnished,497.73,3515.0,65.99,30.76,4109.48
Salvador,70.4,2,1,3,10,acept,not furnished,429.92,2613.36,94.52,22.35,3160.15
Fortaleza,21.6,3,4,1,20,acept,not furnished,152.75,1273.37,26.5,7.99,1460.61
Sao Paulo,104.1,3,2,1,0,not acept,furnished,412.37,4117.93,133.35,55.64,4719.29
Sao Paulo,116.6,3,3,1,0,not acept,not furnished,554.3,4172.02,186.57,44.6,4957.49
Belo Horizonte,41.0,2,3,2,11,not acept,furnished,215.57,2272.52,48.7,33.97,2570.76
Rio de Janeiro,133.3,2,2,2,6,not acept,not furnished,499.43,4612.43,132.96,46.92,5291.74
Salvador,32.7,2,2,3,21,acept,not furnished,277.79,1669.17,50.98,19.85,2017.79
Fortaleza,45.2,1,1,0,0,not acept,furnished,104.9,815.51,28.3,10.68,959.39
Rio de Janeiro,82.7,4,4,1,29,not acept,not furnished,534.9,4031.96,169.2,53.09,4789.15
Sao Paulo,166.3,1,2,1,18,acept,not furnished,804.43,5173.66,76.9,48.55,6103.54
Porto Alegre,92.1,2,2,2,14,acept,not furnished,264.81,2105.72,66.18,18.54,2455.25
Sao Paulo,91.4,1,1,1,11,not acept,not furnished,559.27,4190.1,65.7,27.14,4842.21
Salvador,64.2,3,2,2,22,not acept,not furnished,353.53,2073.88,35.73,26.33,2489.47
Rio de Janeiro,77.0,2,3,3,9,not acept,not furnished,327.92,16346.763656137315,68.08,25.84,2716.89
Curitiba,37.9,1,2,1,23,acept,furnished,126.32,700.56,9.34,4.7,840.92
Sao Paulo,43.7,3,4,2,21,not acept,furnished,406.12,2551.01,34.42,25.43,3016.98
Curitiba,71.1,4,5,1,16,not acept,furnished,341.72,2520.38,43.27,26.96,2932.33
Rio de Janeiro,83.6,4,5,1,27,acept,not furnished,652.49,3445.89,99.56,47.04,4244.98
Belo Horizonte,24.3,2,2,0,9,acept,not furnished,213.75,1644.52,28.5,9.64,1896.41
Sao Paulo,118.5,3,3,2,0,not acept,furnished,812.03,4169.49,104.84,27.59,5113.95
Porto Alegre,74.2,1,1,0,10,acept,furnished,408.69,2196.15,98.26,22.71,2725.81
Salvador,70.9,1,1,1,26,acept,not furnished,339.27,2891.55,136.19,15.78,3382.79
Sao Paulo,142.4,3,4,2,0,acept,not furnished,286.49,3464.17,111.29,30.61,3892.56
Sao Paulo,149.4,2,3,1,23,acept,not furnished,729.17,6399.82,316.84,33.01,7478.84
Sao Paulo,128.5,3,2,2,25,not acept,not furnished,608.81,4496.87,171.87,34.06,5311.61
Curitiba,74.4,4,5,2,11,not acept,furnished,713.5,3800.74,58.56,25.14,4597.94
Belo Horizonte,24.9,1,1,1,4,acept,not furnished,139.96,1344.35,53.21,10.57,1548.09
Belo Horizonte,61.6,2,2,1,9,acept,not furnished,308.77,1585.26,58.01,20.09,1972.13
Sao Paulo,35.4,2,2,0,10,not acept,not furnished,330.95,1673.84,74.68,14.18,2093.65
Rio de Janeiro,34.9,3,3,3,28,not acept,not furnished,70.78,516.48,15.52,7.19,609.97
Belo Horizonte,86.1,4,3,1,7,acept,not furnished,316.47,3243.93,108.77,25.2,3694.37
Rio de Janeiro,87.7,4,5,2,30,acept,not furnished,470.86,2753.08,71.01,17.3,3312.25
Recife,87.1,3,2,2,1,acept,not furnished,336.46,2761.63,29.52,15.47,3143.08
Sao Paulo,40.3,2,2,0,30,acept,not furnished,304.31,2544.42,86.74,37.96,2973.43
Curitiba,35.3,3,2,2,5,not acept,furnished,130.43,1417.48,68.01,8.45,1624.37
Rio de Janeiro,67.2,2,3,0,3,not acept,not furnished,437.07,2217.01,36.87,19.1,2710.05
Rio de Janeiro,46.6,5,4,1,1,not acept,not furnished,443.97,2370.61,40.02,31.93,2886.53
Curitiba,63.3,1,1,1,8,not acept,furnished,140.76,1219.36,32.24,8.86,1401.22
Curitiba,125.7,3,4,3,18,not acept,furnished,302.92,3454.55,151.11,19.51,3928.09
Recife,51.1,1,1,3,19,not acept,furnished,334.54,2419.47,81.01,25.2,2860.22
Sao Paulo,176.0,2,3,1,9,acept,not furnished,624.49,6182.01,187.98,33.07,7027.55
Sao Paulo,119.1,3,4,1,5,not acept,not furnished,584.0,4197.52,187.19,51.19,5019.9
Porto Alegre,43.5,3,3,2,30,not acept,furnished,78.32,452.57,8.16,4.98,544.03
Belo Horizonte,79.2,3,3,0,6,not acept,furnished,353.9,2834.47,136.51,20.74,3345.62
Sao Paulo,108.7,3,3,2,10,acept,not furnished,550.62,3688.8,178.94,36.57,4454.93
Sao Paulo,90.2,2,1,1,13,acept,not furnished,397.57,2724.9,115.97,13.81,3252.25
Sao Paulo,45.1,4,4,0,22,not acept,not furnished,185.56,1447.22,31.53,15.08,1679.39
Fortaleza,53.0,4,5,2,2,not acept,not furnished,390.97,1993.1,49.86,25.41,2459.34
Sao Paulo,107.8,2,1,1,6,acept,not furnished,540.3,4467.56,116.77,24.94,5149.57
Rio de Janeiro,54.8,4,3,1,30,acept,not furnished,147.22,1751.26,29.47,12.71,1940.66
Sao Paulo,106.0,5,4,1,25,acept,not furnished,911.51,5021.39,59.39,56.42,6048.71
Rio de Janeiro,102.9,3,2,1,12,not acept,furnished,861.6,4494.4,56.64,24.63,5437.27
Sao Paulo,71.9,2,1,2,1,acept,not furnished,477.44,3452.95,119.56,45.42,4095.37
Belo Horizonte,57.4,3,2,2,26,acept,not furnished,119.8,1333.54,64.99,10.99,1529.32
Sao Paulo,102.6,2,2,1,23,not acept,not furnished,349.86,3859.15,51.62,27.44,4288.07
Salvador,58.7,3,4,1,17,not acept,furnished,287.89,1942.94,69.13,26.26,2326.22
Sao Paulo,129.7,3,3,2,11,acept,not furnished,432.92,4592.89,68.03,53.02,5146.86
Belo Horizonte,107.5,4,5,2,28,acept,furnished,378.12,3652.02,120.79,51.08,4202.01
Fortaleza,55.1,3,2,0,7,not acept,furnished,387.1,2228.26,61.77,19.85,2696.98
Curitiba,90.8,2,2,2,8,acept,not furnished,315.32,2957.32,33.69,43.76,3350.09
Belo Horizonte,105.3,3,3,1,26,not acept,not furnished,385.74,3054.72,74.17,44.45,3559.08
Rio de Janeiro,26.1,2,2,2,18,not acept,furnished,238.87,1916.14,79.38,20.5,2254.89
Rio de Janeiro,80.9,2,3,1,29,acept,not furnished,285.31,2148.13,38.32,26.37,2498.13
Curitiba,28.6,2,1,2,19,not acept,furnished,112.02,858.86,26.38,7.49,1004.75
Recife,79.3,1,1,1,0,acept,furnished,341.63,2395.23,48.45,13.37,2798.68
Curitiba,44.0,5,4,0,3,acept,not furnished,356.4,2480.34,116.62,20.59,2973.95
Belo Horizonte,18.0,3,4,0,7,acept,not furnished,132.21,1236.58,58.23,9.36,1436.38
Porto Alegre,40.4,3,3,1,26,not acept,furnished,173.75,1773.93,69.29,11.25,2028.22
Rio de Janeiro,70.9,2,3,1,25,not acept,not furnished,148.53,1451.84,54.62,14.3,1669.29
Sao Paulo,67.3,3,2,1,24,not acept,not furnished,147.84,1414.49,45.37,20.28,1627.98
Belo Horizonte,108.4,3,4,2,16,not acept,furnished,688.48,3856.58,159.65,53.37,4758.08
Recife,41.1,2,3,2,2,not acept,furnished,253.88,1324.93,65.37,10.36,1654.54
Sao Paulo,61.1,5,6,2,2,acept,furnished,280.83,1664.91,80.7,24.97,2051.41
Curitiba,55.4,3,2,3,1,acept,furnished,226.47,2664.61,112.84,37.58,3041.5
Sao Paulo,18.0,3,3,1,26,not acept,furnished,288.1,1896.24,29.29,11.26,2224.89
Belo Horizonte,55.6,1,1,2,2,acept,furnished,230.75,1328.53,59.06,9.86,1628.2
Sao Paulo,84.5,2,3,2,24,not acept,not furnished,438.43,3074.9,103.57,25.49,3642.39
Rio de Janeiro,155.6,4,4,1,25,acept,not furnished,374.83,4183.33,131.08,30.26,4719.5
Porto Alegre,69.9,3,3,1,1,acept,furnished,480.48,3397.0,108.02,21.78,4007.28
Rio de Janeiro,58.6,3,2,1,27,acept,furnished,69.19,442.14,8.92,3.99,524.24
Curitiba,134.3,4,3,3,27,not acept,not furnished,677.8,,83.48,49.84,5380.11
Porto Alegre,45.6,3,3,1,18,acept,not furnished,153.28,920.08,25.71,11.63,1110.7
Fortaleza,41.3,3,4,1,14,acept,not furnished,170.83,1524.41,53.85,21.3,1770.39
Sao Paulo,161.3,2,1,1,19,not acept,not furnished,885.66,5410.03,195.0,47.31,6538.0
Rio de Janeiro,34.1,3,3,1,11,not acept,not furnished,170.5,1421.28,43.95,16.09,1651.82
Sao Paulo,152.8,2,2,2,17,not acept,not furnished,826.16,4990.08,213.79,48.69,6078.72
Recife,72.6,2,3,2,29,acept,not furnished,261.79,1888.65,88.58,22.61,2261.63
Fortaleza,42.1,5,5,1,1,not acept,not furnished,234.27,1346.8,25.05,16.59,1622.71
Belo Horizonte,18.0,1,1,1,5,acept,furnished,65.49,466.76,18.44,2.42,553.11
Salvador,60.0,1,1,0,15,acept,not furnished,271.75,,45.8,28.32,2718.8
Belo Horizonte,27.2,1,2,1,6,acept,furnished,393.21,1978.19,86.66,10.87,2468.93
Curitiba,105.4,2,3,0,30,not acept,furnished,413.07,3787.7,114.75,27.52,4343.04
Sao Paulo,116.5,2,3,2,21,acept,furnished,824.68,6426.98,159.93,50.81,7462.4
Porto Alegre,47.6,1,1,0,12,not acept,not furnished,322.45,1863.62,75.65,20.56,2282.28
Sao Paulo,81.8,3,2,0,27,not acept,not furnished,468.35,3294.97,42.63,25.23,3831.18
Salvador,61.0,3,2,0,2,acept,not furnished,249.5,1540.42,50.48,15.06,1855.46
Porto Alegre,47.0,3,3,1,7,not acept,furnished,63.83,460.68,14.67,5.06,544.24
Curitiba,78.7,5,6,1,29,not acept,furnished,482.19,29335.605342035444,140.66,46.07,3815.15
Sao Paulo,126.2,3,4,2,16,not acept,not furnished,768.51,5432.3,123.46,62.28,6386.55
Rio de Janeiro,60.5,1,2,1,28,not acept,not furnished,438.39,2202.95,48.83,26.76,2716.93
Sao Paulo,177.9,1,1,2,30,not acept,furnished,779.91,77896.21897495148,102.34,62.88,8380.02
Rio de Janeiro,98.9,3,4,2,9,not acept,furnished,780.7,4175.19,132.48,38.94,5127.31
Sao Paulo,167.2,3,3,2,16,not acept,not furnished,634.77,4676.32,51.26,29.71,5392.06
Fortaleza,64.0,2,2,0,25,acept,furnished,209.17,2519.5,119.64,21.2,2869.51
Belo Horizonte,88.9,2,1,1,6,acept,not furnished,534.43,2707.94,52.75,15.61,3310.73
Rio de Janeiro,135.4,3,2,0,12,acept,not furnished,729.95,3959.88,110.03,34.51,4834.37
Rio de Janeiro,136.2,3,2,1,2,acept,not furnished,431.42,4856.72,78.65,60.0,5426.79
Rio de Janeiro,111.3,3,4,1,19,acept,not furnished,524.61,4162.82,97.57,49.9,4834.9
Belo Horizonte,30.9,2,3,1,0,not acept,furnished,285.5,1554.86,72.31,16.62,1929.29
Belo Horizonte,24.8,3,4,1,12,acept,not furnished,286.01,2031.35,99.94,19.89,2437.19
Fortaleza,18.0,3,3,2,28,acept,not furnished,420.34,2202.23,47.13,29.17,2698.87
Rio de Janeiro,237.8,4,4,2,27,acept,not furnished,1102.08,7272.23,310.34,108.06,8792.71
Recife,43.4,3,4,1,24,acept,furnished,325.45,1836.99,30.29,27.42,2220.15
Salvador,46.1,3,3,0,2,acept,not furnished,271.69,2027.23,31.44,10.5,2340.86
Sao Paulo,115.6,3,3,1,15,not acept,not furnished,377.87,4146.71,64.22,25.25,4614.05
Fortaleza,47.5,3,2,1,21,acept,furnished,200.23,1867.13,89.06,16.06,2172.48
Sao Paulo,41.8,2,3,0,1,acept,not furnished,138.22,1435.65,54.56,16.28,1644.71
Salvador,57.5,4,4,1,2,not acept,furnished,365.51,2074.13,68.75,23.42,2531.81
Rio de Janeiro,104.9,3,3,3,0,acept,not furnished,548.91,2876.25,50.63,39.29,3515.08
Fortaleza,43.2,3,4,2,8,not acept,furnished,174.92,1624.45,50.68,16.83,1866.88
Salvador,77.6,5,6,2,26,not acept,not furnished,328.89,2772.97,137.99,20.7,3260.55
Salvador,54.1,5,4,2,14,acept,furnished,361.45,13063.930686782482,92.16,13.88,2609.17
Porto Alegre,82.0,3,2,2,26,acept,furnished,431.75,3270.65,161.78,32.55,3896.73
Rio de Janeiro,144.4,1,2,1,0,not acept,furnished,1002.9,5658.88,59.34,83.71,6804.83
Sao Paulo,78.0,2,2,1,0,not acept,not furnished,266.33,2252.97,72.62,24.71,2616.63
Rio de Janeiro,90.8,4,3,1,24,acept,not furnished,393.09,2743.0,59.4,16.12,3211.61
Sao Paulo,18.0,2,3,2,14,acept,furnished,82.11,455.98,10.6,2.49,551.18
Curitiba,31.3,5,4,2,13,not acept,not furnished,224.51,1840.39,22.6,22.05,2109.55
Rio de Janeiro,56.2,1,1,0,13,not acept,not furnished,371.99,2370.14,87.51,28.51,2858.15
Recife,20.2,3,3,3,10,acept,furnished,292.88,1858.98,82.09,20.42,2254.37
Curitiba,102.1,3,4,1,27,not acept,not furnished,319.79,2616.27,51.8,31.59,3019.45
Salvador,73.6,2,1,1,15,acept,furnished,366.25,16917.013439882998,66.89,16.47,2613.79
Sao Paulo,189.6,4,4,1,30,not acept,not furnished,827.59,5770.21,69.73,55.57,6723.1
Salvador,81.5,3,3,0,25,not acept,not furnished,484.5,3202.6,67.97,33.64,3788.71
Fortaleza,47.0,2,1,2,22,not acept,furnished,167.41,1319.56,24.93,7.83,1519.73
Rio de Janeiro,137.3,2,3,1,18,not acept,not furnished,387.0,4262.4,208.98,60.97,4919.35
Belo Horizonte,108.8,3,2,1,25,not acept,not furnished,622.5,3800.35,114.13,45.24,4582.22
Porto Alegre,47.9,2,1,1,27,acept,not furnished,286.22,2362.23,44.07,32.37,2724.89
Sao Paulo,211.7,4,3,2,2,acept,not furnished,1169.6,7643.58,116.87,47.82,8977.87
Belo Horizonte,45.1,2,1,1,9,acept,not furnished,344.37,1822.61,74.81,17.52,2259.31
Rio de Janeiro,49.2,2,1,0,24,not acept,not furnished,402.32,2232.66,26.37,29.78,2691.13
Sao Paulo,54.3,1,1,2,5,acept,not furnished,444.35,2857.33,44.29,34.72,3380.69
Rio de Janeiro,96.8,1,2,1,17,acept,not furnished,216.95,2022.02,24.36,21.8,2285.13
Sao Paulo,164.9,2,3,0,23,not acept,not furnished,727.43,5124.18,126.43,26.26,6004.3
Sao Paulo,205.8,5,5,1,5,not acept,not furnished,739.77,5918.98,282.59,61.93,7003.27
Sao Paulo,18.0,1,2,1,11,not acept,not furnished,92.28,611.44,11.87,5.11,720.7
Recife,22.6,2,3,2,28,not acept,furnished,223.2,1330.47,33.26,7.2,1594.13
Belo Horizonte,43.3,2,1,1,9,not acept,not furnished,305.8,1829.49,72.01,14.24,2221.54
Recife,53.8,3,4,1,17,acept,furnished,182.83,2105.5,38.23,26.98,2353.54
Rio de Janeiro,18.0,3,2,0,12,not acept,not furnished,263.9,2115.75,45.41,31.34,2456.4
Rio de Janeiro,37.9,3,4,2,26,not acept,not furnished,216.93,1710.7,43.58,15.59,1986.8
Belo Horizonte,31.1,1,1,1,11,acept,not furnished,192.4,1877.63,90.45,11.2,2171.68
Rio de Janeiro,47.8,3,4,2,9,not acept,not furnished,340.99,2463.79,78.28,34.89,2917.95
Sao Paulo,80.6,3,3,2,3,not acept,not furnished,405.56,3573.53,98.31,20.3,4097.7
Curitiba,18.0,3,2,1,9,not acept,furnished,199.28,1637.67,42.68,13.44,1893.07
Sao Paulo,83.3,2,1,2,19,not acept,not furnished,524.01,3523.7,90.12,23.39,4161.22
Belo Horizonte,91.4,3,2,1,3,acept,not furnished,529.84,2916.11,135.22,21.93,3603.1
Curitiba,47.8,2,1,1,21,not acept,furnished,309.53,2355.62,96.82,27.16,2789.13
Sao Paulo,142.0,2,2,2,0,acept,not furnished,649.48,65433.62021422611,78.51,24.38,5237.31
Sao Paulo,148.0,2,3,2,9,acept,not furnished,711.68,4056.84,92.33,35.76,4896.61
Porto Alegre,86.6,2,1,2,13,not acept,not furnished,314.53,2390.69,104.99,12.07,2822.28
Rio de Janeiro,110.7,2,1,1,0,not acept,not furnished,429.61,3400.35,136.06,31.1,3997.12
Sao Paulo,58.4,3,2,1,20,not acept,furnished,443.48,2773.29,39.23,26.71,3282.71
Recife,62.6,4,4,2,1,not acept,furnished,251.38,2234.38,58.81,29.77,2574.34
Sao Paulo,156.7,3,3,1,0,acept,not furnished,393.21,4713.7,139.66,47.45,5294.02
Curitiba,18.0,2,2,1,9,acept,furnished,96.13,1000.05,44.3,6.58,1147.06
Recife,38.8,3,4,0,22,not acept,not furnished,210.89,1865.29,82.28,20.55,2179.01
Sao Paulo,292.6,3,4,2,29,not acept,furnished,2051.03,11580.07,185.75,86.97,13903.82
Sao Paulo,94.2,2,1,3,23,not acept,not furnished,385.15,3659.0,122.31,36.98,4203.44
Sao Paulo,84.5,3,3,1,13,not acept,furnished,534.78,3461.78,165.22,26.61,4188.39
Rio de Janeiro,87.1,3,4,1,6,not acept,not furnished,394.45,3367.97,44.02,25.16,3831.6
Sao Paulo,121.4,2,3,2,7,acept,furnished,329.83,3788.62,92.22,48.92,4259.59
Curitiba,110.3,2,2,2,7,acept,not furnished,662.68,3684.5,86.56,37.12,4470.86
Sao Paulo,50.4,1,2,3,6,not acept,furnished,285.75,1488.12,25.09,19.0,1817.96
Belo Horizonte,127.4,5,5,1,0,not acept,not furnished,349.72,3498.85,171.97,32.63,4053.17
Recife,92.1,1,1,1,5,not acept,furnished,342.9,2429.01,93.07,19.48,2884.46
Salvador,65.1,2,2,1,1,not acept,furnished,260.73,2276.25,85.04,23.5,2645.52
Belo Horizonte,48.3,3,2,1,0,not acept,furnished,230.41,1578.28,18.88,20.98,1848.55
Rio de Janeiro,136.6,4,5,2,7,acept,not furnished,853.39,5194.3,131.76,31.52,6210.97
Curitiba,43.1,2,1,1,9,acept,not furnished,285.04,1438.56,50.17,21.17,1794.94
Belo Horizonte,67.2,3,3,2,28,acept,furnished,254.55,2089.88,61.56,21.18,2427.17
Rio de Janeiro,106.4,3,4,1,30,acept,not furnished,278.56,2520.11,98.27,24.29,2921.23
Sao Paulo,67.3,3,4,1,16,acept,not furnished,236.87,1478.58,63.72,21.73,1800.9
Fortaleza,18.0,4,3,1,27,acept,not furnished,192.87,1064.61,43.07,9.08,1309.63
Rio de Janeiro,96.5,1,1,1,18,acept,not furnished,296.45,3556.81,169.84,32.31,4055.41
Sao Paulo,18.0,4,5,2,14,acept,not furnished,153.59,1802.7,57.94,11.44,2025.67
Rio de Janeiro,110.6,4,3,1,0,acept,not furnished,477.33,3187.46,140.65,44.2,3849.64
Rio de Janeiro,117.6,4,3,2,0,acept,not furnished,390.02,4077.43,201.16,60.36,4728.97
Salvador,61.1,3,3,1,0,not acept,furnished,373.95,2404.89,73.18,15.81,2867.83
Porto Alegre,18.0,4,5,0,2,not acept,not furnished,116.07,784.73,8.3,11.37,920.47
Porto Alegre,49.0,2,2,1,0,not acept,not furnished,321.92,1827.31,42.14,9.29,2200.66
Sao Paulo,167.5,2,2,2,4,acept,not furnished,936.63,5331.77,167.98,65.95,6502.33
Rio de Janeiro,111.8,2,3,2,14,not acept,not furnished,738.95,4107.7,152.88,47.19,5046.72
Rio de Janeiro,40.5,1,2,2,14,not acept,not furnished,216.9,1129.02,38.03,6.35,1390.3
Sao Paulo,87.8,3,3,1,9,acept,not furnished,715.73,4745.3,170.44,25.65,5657.12
Sao Paulo,51.8,1,2,1,19,not acept,not furnished,223.78,2298.19,89.41,12.82,2624.2
Porto Alegre,43.9,1,1,1,10,acept,furnished,427.24,2251.56,67.24,30.16,2776.2
Sao Paulo,102.4,3,3,2,5,not acept,not furnished,744.72,3731.36,160.9,38.78,4675.76
Belo Horizonte,41.6,4,3,1,20,acept,furnished,191.25,2260.17,82.79,29.03,2563.24
Sao Paulo,54.1,3,3,2,30,not acept,not furnished,403.41,2649.83,108.73,34.85,3196.82
Sao Paulo,139.5,4,5,0,24,acept,not furnished,560.09,4484.12,163.4,53.19,5260.8
Sao Paulo,99.4,3,3,1,11,not acept,not furnished,280.98,2412.89,34.56,34.98,2763.41
Recife,72.7,4,4,2,10,not acept,not furnished,253.9,1473.49,23.87,7.87,1759.13
Salvador,18.0,3,4,1,0,acept,furnished,187.48,1613.87,27.1,12.07,1840.52
Recife,61.8,5,6,1,19,acept,furnished,227.86,2325.99,27.8,22.21,2603.86
Rio de Janeiro,80.1,1,1,2,5,not acept,not furnished,354.8,3251.59,60.96,41.61,3708.96
Sao Paulo,96.6,4,5,0,20,acept,not furnished,540.05,3737.77,121.11,32.12,4431.05
Belo Horizonte,69.1,3,3,1,23,acept,furnished,225.95,2044.73,25.35,18.46,2314.49
Rio de Janeiro,111.5,3,4,2,26,acept,not furnished,423.9,3476.33,74.19,41.29,4015.71
Salvador,39.6,3,4,3,15,acept,not furnished,242.25,1626.1,56.79,13.38,1938.52
Sao Paulo,41.8,4,3,2,25,acept,furnished,334.76,2053.1,36.95,29.97,2454.78
Rio de Janeiro,18.0,4,4,0,21,acept,furnished,41.09,464.75,8.32,3.92,518.08
Sao Paulo,115.6,2,1,2,9,not acept,not furnished,472.57,3652.63,157.36,38.62,4321.18
Rio de Janeiro,86.9,2,1,1,1,acept,furnished,491.07,38436.506207805294,94.72,15.75,3564.47
Porto Alegre,18.0,1,1,2,5,not acept,not furnished,47.74,400.0,9.02,3.4,460.16
Rio de Janeiro,18.0,1,2,1,25,acept,not furnished,116.34,680.75,21.75,3.77,822.61
Rio de Janeiro,108.9,2,2,1,15,acept,furnished,417.07,3444.2,93.42,47.26,4001.95
Rio de Janeiro,107.7,3,2,2,19,acept,furnished,792.64,4632.17,222.51,61.25,5708.57
Rio de Janeiro,76.3,3,2,2,24,acept,furnished,691.9,3553.75,64.16,27.02,4336.83
Porto Alegre,52.5,3,3,1,19,not acept,furnished,248.22,1766.74,64.61,26.43,2106.0
Fortaleza,29.9,3,2,0,26,acept,furnished,96.89,702.43,32.68,7.01,839.01
Recife,57.1,3,4,2,0,not acept,not furnished,196.19,1420.27,55.2,9.85,1681.51
Porto Alegre,47.0,1,2,1,27,acept,furnished,588.92,3031.26,77.27,23.8,3721.25
Rio de Janeiro,49.4,3,3,0,24,not acept,not furnished,230.7,2327.63,92.77,18.9,2670.0
Curitiba,18.0,3,3,1,27,not acept,not furnished,82.27,487.27,9.4,3.19,582.13
Rio de Janeiro,208.2,2,3,1,22,not acept,furnished,1187.49,7295.59,282.19,75.37,8840.64
Sao Paulo,223.8,2,2,0,6,acept,not furnished,1130.4,7251.12,300.63,51.56,8733.71
Salvador,27.9,2,3,3,1,acept,not furnished,209.83,1243.62,31.14,7.28,1491.87
Sao Paulo,147.6,4,5,1,1,not acept,not furnished,574.93,4859.19,156.47,72.8,5663.39
Fortaleza,18.0,3,4,1,14,not acept,furnished,276.6,1445.42,47.09,17.93,1787.04
Rio de Janeiro,229.5,3,4,1,10,not acept,not furnished,1536.37,8131.64,262.18,113.83,10044.02
Curitiba,58.7,2,2,1,19,acept,not furnished,212.54,13003.549191179154,35.56,10.82,2233.18
Curitiba,61.2,2,3,1,14,acept,not furnished,291.56,2057.27,72.53,17.17,2438.53
Fortaleza,69.0,1,2,2,1,not acept,not furnished,294.18,2500.86,65.65,19.02,2879.71
Curitiba,29.3,1,1,0,0,acept,furnished,218.6,1249.93,19.17,17.33,1505.03
Belo Horizonte,76.5,2,1,3,1,not acept,not furnished,316.28,1682.04,20.56,24.15,2043.03
Sao Paulo,171.0,1,1,2,2,acept,not furnished,851.9,57126.57492057143,253.69,54.96,7068.56
Belo Horizonte,18.0,3,2,2,21,not acept,furnished,123.64,1043.62,42.13,10.1,1219.49
Sao Paulo,116.1,2,2,0,7,acept,not furnished,602.6,3827.22,180.86,56.83,4667.51
Porto Alegre,38.4,2,1,1,0,not acept,furnished,176.99,1822.88,53.08,17.21,2070.16
Belo Horizonte,44.3,3,2,0,22,not acept,furnished,262.33,1859.68,64.24,17.96,2204.21
Curitiba,18.0,3,2,2,29,acept,furnished,72.22,422.22,5.29,5.61,505.34
Sao Paulo,100.5,3,3,1,1,not acept,not furnished,297.94,2671.31,58.88,35.13,3063.26
Sao Paulo,70.3,2,3,1,29,not acept,not furnished,296.64,,93.52,14.96,2740.26
Curitiba,98.1,4,3,2,29,acept,not furnished,400.51,2526.54,53.17,30.57,3010.79
Sao Paulo,172.4,4,5,1,15,acept,not furnished,1185.14,6072.64,87.99,69.07,7414.84
Sao Paulo,70.8,2,1,0,7,not acept,not furnished,263.58,2944.13,36.75,37.15,3281.61
Sao Paulo,87.5,1,1,0,2,not acept,not furnished,332.14,3366.09,94.69,35.21,3828.13
Recife,68.4,4,4,2,25,not acept,not furnished,200.11,2098.61,94.42,31.19,2424.33
Porto Alegre,96.7,4,4,1,17,acept,furnished,311.26,2923.33,72.42,33.45,3340.46
Rio de Janeiro,173.8,1,2,1,19,acept,furnished,549.44,6295.63,230.92,55.93,7131.92
Sao Paulo,158.1,1,1,1,26,acept,not furnished,713.46,5779.03,157.39,72.6,6722.48
Rio de Janeiro,163.4,4,5,2,12,not acept,not furnished,565.81,4977.51,206.31,25.6,5775.23
Porto Alegre,83.5,2,2,1,9,acept,not furnished,296.5,2857.15,120.38,23.61,3297.64
Curitiba,18.7,4,3,1,23,acept,furnished,208.91,1883.91,90.17,18.49,2201.48
Sao Paulo,137.2,2,1,2,7,not acept,not furnished,586.11,3727.93,87.67,35.42,4437.13
Sao Paulo,108.3,4,3,1,8,acept,not furnished,527.44,3242.28,93.54,21.59,3884.85
Sao Paulo,146.3,1,1,2,10,acept,furnished,1235.68,6455.43,231.3,47.86,7970.27
Curitiba,45.2,2,3,2,26,not acept,not furnished,380.57,3616.34,108.62,52.29,4157.82
Porto Alegre,18.0,5,5,1,23,not acept,furnished,107.82,1170.47,15.63,16.32,1310.24
Sao Paulo,73.1,2,3,0,7,acept,not furnished,202.31,2324.51,83.34,15.23,2625.39
Sao Paulo,131.4,1,2,1,2,not acept,not furnished,601.51,4322.07,62.24,38.2,5024.02
Sao Paulo,120.2,4,3,2,10,not acept,not furnished,767.54,4872.95,212.6,33.44,5886.53
Recife,31.4,1,1,1,18,not acept,not furnished,89.5,822.91,10.96,10.39,933.76
Sao Paulo,44.7,1,2,1,20,acept,furnished,480.38,3004.53,123.94,22.17,3631.02
Porto Alegre,108.6,2,3,0,4,not acept,furnished,355.46,3468.37,55.64,20.18,3899.65
Curitiba,113.9,3,4,0,5,not acept,not furnished,411.53,39771.25675430125,152.86,52.88,4474.43
Rio de Janeiro,145.7,3,4,1,28,not acept,furnished,707.56,4430.35,48.39,54.74,5241.04
Sao Paulo,97.8,4,4,0,10,not acept,furnished,584.72,3005.73,43.49,38.52,3672.46
Sao Paulo,141.0,3,2,1,8,acept,furnished,1008.33,5352.75,57.9,68.31,6487.29
Belo Horizonte,90.7,2,1,1,20,not acept,not furnished,188.75,2267.48,39.22,22.78,2518.23
Porto Alegre,32.9,2,3,2,13,not acept,furnished,505.44,2555.76,25.59,30.59,3117.38
Curitiba,88.2,4,4,0,5,not acept,not furnished,464.25,3751.93,50.49,43.69,4310.36
Belo Horizonte,90.4,3,3,1,11,acept,furnished,557.25,3803.41,41.84,55.85,4458.35
Sao Paulo,191.7,4,5,1,2,not acept,not furnished,718.53,5916.82,161.98,30.53,6827.86
Recife,67.6,5,5,1,6,not acept,furnished,424.57,18871.97623633545,38.65,26.25,2862.29
Porto Alegre,27.1,2,3,0,11,acept,not furnished,379.1,2359.23,50.7,13.3,2802.33
Sao Paulo,92.3,3,2,1,14,acept,furnished,870.12,4696.64,96.36,63.49,5726.61
Recife,29.2,3,2,2,22,not acept,not furnished,192.27,1823.25,78.83,13.1,2107.45
Belo Horizonte,61.6,2,1,1,10,not acept,not furnished,162.11,1033.54,17.09,8.18,1220.92
Belo Horizonte,87.4,1,2,2,15,acept,not furnished,440.38,3062.5,91.75,20.49,3615.12
Porto Alegre,56.7,4,5,1,29,not acept,furnished,342.94,2276.23,29.06,24.67,2672.9
Salvador,50.1,3,2,2,24,not acept,not furnished,275.86,2227.41,58.86,30.05,2592.18
Curitiba,89.0,3,4,0,5,acept,not furnished,266.04,3293.74,138.88,28.0,3726.66
Sao Paulo,87.4,3,3,2,4,not acept,not furnished,500.97,3044.28,93.33,16.41,3654.99
Rio de Janeiro,72.7,3,2,1,19,not acept,not furnished,383.36,2313.28,47.06,19.64,2763.34
Fortaleza,44.3,1,1,2,17,acept,furnished,268.28,1454.84,38.28,20.16,1781.56
Sao Paulo,156.7,3,3,1,15,not acept,not furnished,1170.83,5988.81,193.04,67.35,7420.03
Rio de Janeiro,95.1,3,4,1,2,not acept,furnished,357.83,3444.24,159.11,35.33,3996.51
Rio de Janeiro,82.0,4,5,2,9,not acept,not furnished,224.51,2546.21,110.8,16.42,2897.94
Rio de Janeiro,136.9,3,2,1,22,acept,furnished,824.93,4735.86,229.43,50.31,5840.53
Belo Horizonte,25.6,4,5,1,21,not acept,furnished,323.37,1743.78,29.9,14.5,2111.55
Recife,22.9,2,3,2,3,acept,not furnished,148.65,1478.54,26.51,19.9,1673.6
Sao Paulo,114.4,5,5,0,11,not acept,furnished,499.68,5367.86,75.21,51.2,5993.95
Sao Paulo,254.5,4,5,1,12,not acept,furnished,1590.83,8747.8,265.4,84.75,10688.78
Sao Paulo,126.6,3,2,2,14,not acept,not furnished,754.32,3822.64,65.86,51.8,4694.62
Fortaleza,63.4,2,3,2,13,acept,not furnished,58.57,454.24,17.05,4.93,534.79
Curitiba,46.4,2,1,0,14,not acept,not furnished,322.45,1709.79,82.5,9.94,2124.68
Sao Paulo,22.8,3,3,2,24,acept,not furnished,79.26,459.32,15.03,2.96,556.57
Salvador,29.8,3,3,0,10,acept,furnished,121.37,1057.75,40.94,14.16,1234.22
Salvador,18.2,2,2,2,16,not acept,not furnished,137.56,1391.79,25.06,16.82,1571.23
Salvador,38.7,3,2,1,17,not acept,not furnished,123.74,8263.115737655893,51.04,13.19,1384.7
Fortaleza,18.0,3,3,1,29,acept,not furnished,100.62,702.96,31.11,10.06,844.75
Sao Paulo,194.7,1,1,0,19,not acept,furnished,709.98,5560.57,252.36,70.84,6593.75
Porto Alegre,50.4,1,2,2,2,not acept,not furnished,469.24,2405.95,107.37,30.74,3013.3
Rio de Janeiro,76.3,1,1,1,17,not acept,not furnished,343.99,2649.33,59.5,36.25,3089.07
Salvador,62.0,2,2,2,19,acept,not furnished,140.96,1537.93,47.85,16.73,1743.47
Porto Alegre,80.6,2,3,1,0,not acept,not furnished,206.12,2184.85,48.88,27.36,2467.21
Porto Alegre,76.0,4,5,2,0,not acept,furnished,397.16,2104.81,95.0,11.53,2608.5
Curitiba,41.5,2,2,1,0,not acept,furnished,368.28,2590.46,120.03,30.91,3109.68
Sao Paulo,184.0,1,1,2,0,not acept,not furnished,1493.3,7719.18,285.38,105.75,9603.61
Belo Horizonte,28.5,3,3,2,0,not acept,not furnished,278.46,1435.14,26.98,20.56,1761.14
Recife,136.3,5,6,1,29,acept,furnished,773.64,3956.53,57.43,25.2,4812.8
Fortaleza,69.0,2,1,1,4,acept,not furnished,504.23,2645.75,122.17,39.65,3311.8
Sao Paulo,240.7,5,6,2,4,not acept,not furnished,1523.54,8167.12,198.04,92.77,9981.47
Sao Paulo,162.4,1,1,2,26,not acept,furnished,946.32,6125.16,220.42,47.25,7339.15
Sao Paulo,101.0,2,1,1,22,not acept,furnished,820.56,4225.21,180.33,33.17,5259.27
Porto Alegre,64.2,3,3,1,20,acept,furnished,381.36,2173.46,79.87,26.56,2661.25
Salvador,58.7,3,3,2,11,not acept,not furnished,335.69,2075.4,102.83,16.38,2530.3
Sao Paulo,126.9,3,3,2,0,acept,not furnished,1220.69,6517.14,214.89,59.75,8012.47
Belo Horizonte,87.5,4,5,0,25,not acept,not furnished,453.02,2558.9,82.93,34.77,3129.62
Salvador,74.7,2,1,0,26,acept,not furnished,334.55,2660.22,92.19,21.55,3108.51
Porto Alegre,81.9,3,2,2,13,acept,not furnished,247.24,2176.73,68.22,31.0,2523.19
Belo Horizonte,92.3,3,4,1,19,acept,furnished,410.03,4180.06,171.73,48.42,4810.24
Belo Horizonte,100.4,4,3,2,13,not acept,furnished,539.08,2777.71,131.98,18.48,3467.25
Belo Horizonte,18.0,2,1,2,7,not acept,not furnished,36.12,2623.0571543693236,18.49,2.99,457.6
Sao Paulo,205.8,1,1,2,15,not acept,furnished,1252.29,7261.57,216.13,63.75,8793.74
Belo Horizonte,64.5,3,3,2,20,not acept,not furnished,324.78,2570.2,121.05,36.05,3052.08
Curitiba,28.7,5,6,1,2,acept,not furnished,192.82,1418.18,22.38,15.11,1648.49
Fortaleza,64.1,1,1,0,15,acept,not furnished,253.71,2683.61,86.47,14.64,3038.43
Curitiba,53.5,2,3,1,23,acept,furnished,247.15,2622.67,79.58,30.85,2980.25
Porto Alegre,66.8,2,3,3,13,not acept,furnished,404.84,3314.32,61.16,23.17,3803.49
Sao Paulo,69.9,3,4,1,2,acept,not furnished,600.1,3624.33,178.77,22.88,4426.08
Rio de Janeiro,22.4,2,3,1,26,not acept,not furnished,87.48,779.95,37.7,6.72,911.85
Sao Paulo,82.5,2,2,2,20,not acept,not furnished,231.38,1414.72,14.25,18.64,1678.99
Sao Paulo,18.0,3,4,0,18,acept,not furnished,79.84,400.0,12.6,5.96,498.4
Porto Alegre,50.2,1,1,2,19,acept,not furnished,263.78,2014.2,32.41,29.21,2339.6
Recife,18.0,2,2,1,5,acept,furnished,207.78,1080.7,25.49,6.51,1320.48
Sao Paulo,51.9,2,2,1,14,acept,furnished,207.1,12886.540666104764,53.84,22.68,2596.77
Rio de Janeiro,176.6,2,3,1,8,not acept,furnished,785.67,6680.02,158.8,56.81,7681.3
Salvador,86.9,2,2,1,25,not acept,not furnished,408.13,2687.18,88.69,17.02,3201.02
Sao Paulo,109.9,1,1,1,17,not acept,not furnished,614.02,5804.95,177.51,39.82,6636.3
Belo Horizonte,78.3,2,2,2,21,not acept,furnished,258.09,2068.21,59.09,21.44,2406.83
Porto Alegre,78.5,3,3,1,19,acept,not furnished,203.12,1514.02,46.76,11.24,1775.14
Belo Horizonte,88.8,2,2,3,13,acept,not furnished,552.77,3435.5,116.56,25.72,4130.55
Sao Paulo,62.4,3,3,3,24,acept,not furnished,307.23,2894.31,58.14,32.18,3291.86
Rio de Janeiro,39.8,2,1,1,18,not acept,not furnished,275.92,2255.61,96.12,14.96,2642.61
Porto Alegre,38.4,1,1,1,5,not acept,not furnished,460.03,2364.49,75.88,21.08,2921.48
Belo Horizonte,88.1,4,4,3,7,not acept,not furnished,295.91,2643.36,54.31,19.2,3012.78
Sao Paulo,54.1,2,3,0,25,not acept,furnished,155.84,926.33,15.63,8.34,1106.14
Porto Alegre,84.6,2,2,1,29,acept,furnished,486.55,2636.89,107.14,20.56,3251.14
Sao Paulo,82.0,4,4,1,15,acept,not furnished,390.86,2434.4,75.56,27.67,2928.49
Porto Alegre,82.5,3,4,2,10,acept,furnished,626.74,3588.95,62.43,26.74,4304.86
Sao Paulo,212.4,3,2,0,18,acept,not furnished,1466.51,63114.09712224289,322.31,54.17,9246.45
Recife,77.9,3,2,1,13,not acept,not furnished,302.11,2521.37,95.9,15.17,2934.55
Rio de Janeiro,83.1,1,1,0,25,acept,not furnished,452.61,4078.28,94.17,25.3,4650.36
Rio de Janeiro,92.6,5,4,0,25,not acept,furnished,628.97,4692.39,99.04,62.04,5482.44
Sao Paulo,99.9,4,3,1,12,not acept,furnished,405.75,2591.0,48.74,32.19,3077.68
Rio de Janeiro,62.2,2,1,1,24,not acept,furnished,294.79,3174.56,40.82,20.03,3530.2
Fortaleza,18.0,4,3,2,4,acept,furnished,129.95,1506.01,71.94,18.68,1726.58
Recife,64.2,2,2,1,10,acept,not furnished,263.71,2732.4,131.94,26.08,3154.13
Rio de Janeiro,141.2,3,3,1,0,not acept,not furnished,399.53,3993.95,104.56,32.99,4531.03
Rio de Janeiro,80.6,2,3,2,24,acept,not furnished,207.53,2449.77,33.65,24.17,2715.12
Porto Alegre,81.0,3,3,1,30,acept,not furnished,169.87,1124.43,26.57,7.79,1328.66
Fortaleza,60.6,1,1,1,16,acept,not furnished,337.52,2255.47,55.03,16.05,2664.07
Belo Horizonte,37.8,3,2,1,23,acept,not furnished,193.14,1404.45,28.63,14.38,1640.6
Rio de Janeiro,115.9,2,1,2,11,acept,not furnished,257.39,2690.02,37.7,32.95,3018.06
Rio de Janeiro,41.6,3,3,0,16,acept,not furnished,263.61,1361.7,19.15,17.56,1662.02
Curitiba,62.8,3,3,3,9,acept,not furnished,375.68,2281.66,108.48,33.13,2798.95
Sao Paulo,100.7,4,3,2,20,acept,not furnished,332.23,3604.49,150.61,29.39,4116.72
Belo Horizonte,94.6,2,2,1,5,not acept,furnished,532.32,3568.03,68.96,32.19,4201.5
Rio de Janeiro,48.7,4,4,1,2,not acept,not furnished,324.54,3828.37,147.51,50.18,4350.6
Porto Alegre,31.3,2,1,2,27,not acept,not furnished,289.85,2254.83,27.64,21.19,2593.51
Sao Paulo,171.3,4,3,1,26,acept,not furnished,878.42,4963.38,99.93,67.97,6009.7
Belo Horizonte,30.9,3,4,1,25,not acept,not furnished,182.05,1266.38,47.59,11.78,1507.8
Rio de Janeiro,90.5,4,4,2,25,acept,not furnished,210.59,2300.97,80.49,15.74,2607.79
Curitiba,103.0,3,2,1,21,not acept,not furnished,434.95,2395.03,83.82,15.76,2929.56
Sao Paulo,134.7,3,2,1,26,not acept,furnished,436.31,4905.71,122.47,63.2,5527.69
Belo Horizonte,78.1,2,2,0,4,not acept,not furnished,299.27,2161.39,49.49,22.49,2532.64
Belo Horizonte,18.0,5,5,0,26,not acept,furnished,91.93,648.95,16.72,7.1,764.7
Belo Horizonte,72.7,4,3,1,28,acept,not furnished,352.06,2036.96,43.68,22.15,2454.85
Belo Horizonte,34.4,2,2,0,21,not acept,furnished,402.56,2030.29,27.2,21.1,2481.15
Curitiba,44.3,2,3,1,17,not acept,not furnished,295.03,2307.35,41.65,12.2,2656.23
Salvador,26.0,3,2,1,5,acept,furnished,70.39,448.67,5.31,3.98,528.35
Sao Paulo,147.7,5,4,0,26,acept,not furnished,689.72,4842.31,81.59,51.42,5665.04
Salvador,66.0,2,2,0,16,not acept,furnished,288.9,3225.58,68.9,45.46,3628.84
Rio de Janeiro,28.7,4,3,0,18,not acept,not furnished,185.04,1053.33,25.17,8.09,1271.63
Sao Paulo,73.9,1,1,1,17,not acept,not furnished,453.09,3174.5,151.11,20.28,3798.98
Sao Paulo,92.2,5,6,0,26,not acept,not furnished,558.67,3656.27,154.3,38.16,4407.4
Rio de Janeiro,18.0,3,4,2,2,acept,furnished,59.35,492.05,14.98,3.98,570.36
Porto Alegre,34.2,2,3,1,0,not acept,furnished,221.27,1165.95,42.38,13.84,1443.44
Curitiba,69.2,2,1,0,5,not acept,furnished,284.67,1751.91,29.61,18.98,2085.17
Porto Alegre,109.7,3,4,0,14,not acept,not furnished,413.14,3363.29,106.43,36.97,3919.83
Belo Horizonte,50.2,3,3,2,13,not acept,furnished,122.75,879.19,37.03,9.42,1048.39
Rio de Janeiro,159.3,4,4,0,14,not acept,not furnished,649.15,5563.58,90.63,81.94,6385.3
Sao Paulo,165.6,3,4,2,1,acept,not furnished,968.37,6181.27,254.77,69.11,7473.52
Rio de Janeiro,18.0,3,4,1,24,not acept,not furnished,70.93,400.63,11.16,4.11,486.83
Rio de Janeiro,135.7,4,4,1,7,not acept,not furnished,701.9,5793.95,104.45,30.42,6630.72
Sao Paulo,109.2,3,4,0,28,acept,not furnished,677.08,3799.14,45.73,23.6,4545.55
Sao Paulo,73.3,4,5,1,25,not acept,not furnished,550.09,2876.65,138.76,39.14,3604.64
Belo Horizonte,50.6,4,5,1,0,acept,not furnished,275.83,2165.02,36.73,31.53,2509.11
Porto Alegre,26.9,4,4,2,0,acept,not furnished,85.24,791.25,33.49,4.25,914.23
Recife,88.0,1,1,2,18,acept,not furnished,477.79,2472.82,77.98,15.05,3043.64
Fortaleza,18.0,3,4,1,0,acept,furnished,109.75,1267.72,59.36,17.29,1454.12
Curitiba,89.0,3,3,3,16,acept,not furnished,278.18,2015.81,86.42,14.38,2394.79
Rio de Janeiro,133.2,3,4,0,0,acept,not furnished,723.26,4168.4,82.04,23.45,4997.15
Curitiba,99.6,3,4,1,13,not acept,not furnished,272.77,3189.86,158.24,43.47,3664.34
Porto Alegre,73.3,4,5,2,11,not acept,furnished,373.16,2379.07,61.01,30.35,2843.59
Sao Paulo,52.2,2,1,1,17,acept,furnished,582.09,3221.6,137.09,36.22,3977.0
Rio de Janeiro,147.2,3,2,1,9,not acept,furnished,582.36,5030.55,248.54,29.56,5891.01
Salvador,43.9,2,3,1,2,not acept,not furnished,112.71,961.33,21.37,10.88,1106.29
Rio de Janeiro,163.4,2,1,0,25,not acept,furnished,570.53,6787.33,270.39,47.64,7675.89
Belo Horizonte,41.4,3,4,0,7,not acept,not furnished,199.28,1363.8,23.05,17.55,1603.68
Belo Horizonte,33.5,1,1,0,0,not acept,not furnished,140.19,1604.52,54.3,18.74,1817.75
Sao Paulo,98.8,2,3,0,14,not acept,not furnished,367.6,4579.73,121.51,55.89,5124.73
Rio de Janeiro,29.9,3,2,0,26,acept,not furnished,98.48,1034.11,23.86,9.72,1166.17
Rio de Janeiro,97.3,1,1,0,7,acept,not furnished,418.49,3166.54,43.65,27.91,3656.59
Sao Paulo,207.1,1,1,1,12,not acept,not furnished,1216.99,7175.41,118.69,56.17,8567.26
Sao Paulo,119.8,4,3,0,11,not acept,furnished,829.89,5154.15,246.07,74.6,6304.71
Salvador,57.4,4,5,1,0,acept,furnished,338.17,2878.5,100.02,17.58,3334.27
Sao Paulo,110.1,2,1,0,26,not acept,not furnished,465.61,3928.56,63.32,35.99,4493.48
Belo Horizonte,60.4,2,1,1,22,acept,not furnished,481.45,3029.68,88.37,39.17,3638.67
Sao Paulo,18.0,4,4,2,0,not acept,not furnished,65.95,400.0,15.75,4.42,486.12
Recife,61.3,1,1,0,2,acept,not furnished,339.72,2037.34,85.94,28.81,2491.81
Sao Paulo,180.7,3,3,2,0,not acept,furnished,701.03,7080.56,278.83,88.64,8149.06
Rio de Janeiro,20.8,3,2,2,30,not acept,furnished,238.24,37780.58165879526,44.41,27.46,3023.2
Fortaleza,61.5,3,3,2,11,acept,not furnished,201.53,1433.88,67.4,18.99,1721.8
Salvador,43.6,5,5,2,28,acept,furnished,233.73,1828.3,54.63,25.81,2142.47
Sao Paulo,109.9,2,2,2,11,not acept,not furnished,873.0,4558.45,172.37,51.1,5654.92
Salvador,97.5,2,3,0,1,acept,furnished,207.65,2573.35,54.8,18.74,2854.54
Rio de Janeiro,61.4,3,4,2,9,acept,furnished,616.99,3484.38,123.5,42.43,4267.3
Rio de Janeiro,44.1,5,4,1,11,acept,not furnished,617.0,3100.1,96.4,18.02,3831.52
Sao Paulo,134.9,4,4,1,3,not acept,not furnished,802.17,4406.43,79.14,44.97,5332.71
Sao Paulo,190.9,3,2,0,0,not acept,furnished,1405.65,7907.0,363.27,46.41,9722.33
Porto Alegre,49.8,4,3,0,8,acept,not furnished,194.11,2347.21,83.29,12.6,2637.21
Rio de Janeiro,45.6,1,1,1,15,acept,furnished,519.61,2826.29,66.05,21.89,3433.84
Rio de Janeiro,77.0,2,1,2,6,acept,not furnished,436.46,2907.82,99.79,37.98,3482.05
Porto Alegre,51.9,1,1,1,29,acept,not furnished,357.26,2254.32,100.85,26.67,2739.1
Porto Alegre,52.5,2,2,0,13,acept,not furnished,264.31,2070.84,66.65,12.01,2413.81
Sao Paulo,93.1,3,4,0,2,not acept,furnished,689.66,3568.21,95.42,30.95,4384.24
Belo Horizonte,76.3,4,3,0,11,not acept,not furnished,305.02,2136.47,76.64,26.96,2545.09
Sao Paulo,95.4,3,2,0,21,not acept,not furnished,552.18,3582.84,84.56,30.12,4249.7
Porto Alegre,38.5,3,3,1,13,not acept,not furnished,193.99,1846.31,59.16,26.74,2126.2
Curitiba,96.1,1,2,1,8,not acept,furnished,356.3,2424.15,65.71,36.06,2882.22
Recife,24.2,3,4,1,1,not acept,not furnished,111.04,1042.87,19.81,5.46,1179.18
Sao Paulo,83.7,3,2,0,12,acept,not furnished,290.85,3102.52,52.61,29.61,3475.59
Sao Paulo,97.1,3,4,2,0,not acept,furnished,500.07,3526.44,103.69,36.08,4166.28
Sao Paulo,41.4,2,1,1,10,not acept,furnished,148.65,818.88,15.46,11.69,994.68
Sao Paulo,116.2,3,2,1,1,not acept,furnished,973.6,5254.49,179.35,47.03,6454.47
Sao Paulo,18.0,2,3,1,20,not acept,not furnished,76.98,400.0,18.62,2.31,497.91
Fortaleza,92.5,3,3,1,23,acept,not furnished,275.09,1430.13,40.46,12.3,1757.98
Sao Paulo,100.4,1,1,0,5,acept,not furnished,937.6,4777.86,215.06,47.65,5978.17
Sao Paulo,72.0,2,1,2,0,not acept,not furnished,426.29,2558.62,121.24,17.77,3123.92
Porto Alegre,37.0,2,1,1,9,acept,not furnished,206.9,2215.63,75.24,19.9,2517.67
Rio de Janeiro,71.3,3,2,1,16,acept,not furnished,462.04,2997.51,100.03,16.73,3576.31
Porto Alegre,35.5,3,4,1,23,acept,not furnished,162.53,1061.81,40.48,15.35,1280.17
Sao Paulo,165.2,4,5,1,11,acept,not furnished,482.25,5192.98,80.96,57.89,5814.08
Rio de Janeiro,106.1,3,4,2,9,acept,furnished,826.97,5032.11,173.05,71.97,6104.1
Sao Paulo,151.5,2,3,0,27,not acept,not furnished,659.58,5086.19,164.51,64.14,5974.42
Sao Paulo,103.2,3,2,2,12,acept,furnished,432.85,4895.04,93.43,48.78,5470.1
Fortaleza,37.3,3,3,0,12,acept,not furnished,240.68,1252.19,47.8,9.84,1550.51
Sao Paulo,240.1,2,2,1,11,not acept,not furnished,843.88,8191.77,344.65,89.12,9469.42
Belo Horizonte,27.6,3,4,2,9,not acept,not furnished,147.05,1549.93,29.48,15.02,1741.48
Rio de Janeiro,113.9,1,1,1,21,not acept,not furnished,256.89,2462.35,27.55,12.5,2759.29
Rio de Janeiro,92.5,2,3,2,7,not acept,not furnished,446.65,2601.12,80.25,29.57,3157.59
Fortaleza,43.4,3,3,3,10,acept,not furnished,230.67,1336.85,22.65,18.01,1608.18
Sao Paulo,137.9,3,4,3,7,not acept,furnished,521.35,5774.23,64.92,80.51,6441.01
Curitiba,80.6,3,2,2,16,not acept,furnished,290.15,2050.05,54.74,24.83,2419.77
Recife,84.6,2,1,1,29,not acept,not furnished,392.21,2408.91,78.06,23.07,2902.25
Belo Horizonte,89.4,4,3,1,10,not acept,furnished,481.91,2975.6,119.32,27.22,3604.05
Fortaleza,86.9,3,4,1,29,acept,not furnished,483.53,3012.44,74.05,28.33,3598.35
Sao Paulo,109.2,4,4,1,19,acept,furnished,768.76,5872.1,108.77,80.15,6829.78
Rio de Janeiro,32.1,3,2,1,24,not acept,not furnished,253.36,1962.56,45.37,20.01,2281.3
Sao Paulo,123.0,3,3,3,8,not acept,not furnished,1159.72,6093.31,182.98,34.98,7470.99
Porto Alegre,18.0,1,1,1,5,acept,furnished,366.72,1886.5,69.53,18.25,2341.0
Recife,21.7,3,4,1,16,not acept,furnished,132.96,1314.27,46.58,17.15,1510.96
Sao Paulo,187.7,3,4,1,30,not acept,furnished,1560.32,7822.74,243.75,58.56,9685.37
Curitiba,63.2,2,2,0,21,acept,not furnished,141.57,1466.86,29.66,17.83,1655.92
Sao Paulo,110.2,3,2,0,20,acept,not furnished,668.2,3832.1,124.5,28.28,4653.08
Belo Horizonte,18.0,3,2,2,12,not acept,furnished,100.11,1082.09,40.63,12.54,1235.37
Rio de Janeiro,57.0,3,4,0,26,not acept,not furnished,303.94,1962.35,89.84,19.87,2376.0
Recife,81.1,2,1,2,20,acept,furnished,297.18,,20.51,19.86,2366.2
Belo Horizonte,18.0,1,1,0,20,not acept,not furnished,488.93,2446.55,81.56,29.07,3046.11
Rio de Janeiro,73.7,2,1,1,7,acept,not furnished,511.01,3593.96,125.31,35.24,4265.52
Sao Paulo,42.6,3,4,2,29,acept,not furnished,321.65,2061.25,38.18,24.44,2445.52
Sao Paulo,47.0,2,2,2,6,not acept,not furnished,433.79,2605.99,84.38,37.63,3161.79
Sao Paulo,90.8,1,1,2,15,not acept,not furnished,696.03,4166.27,165.58,33.25,5061.13
Sao Paulo,171.7,5,4,1,8,acept,not furnished,695.28,4442.0,192.2,23.43,5352.91
Salvador,18.0,2,1,2,3,not acept,furnished,162.56,933.44,33.93,9.69,1139.62
Belo Horizonte,18.0,3,3,0,2,not acept,not furnished,67.14,400.0,19.6,3.12,489.86
Belo Horizonte,90.9,4,5,2,7,acept,furnished,384.0,3092.18,133.98,31.78,3641.94
Sao Paulo,130.3,3,4,2,20,acept,not furnished,372.46,3939.25,101.55,44.22,4457.48
Salvador,140.2,3,2,2,30,not acept,not furnished,698.77,3709.54,166.26,39.79,4614.36
Porto Alegre,18.0,5,6,1,26,not acept,not furnished,126.29,1555.86,28.77,17.77,1728.69
Sao Paulo,68.7,4,4,0,4,acept,furnished,379.19,3630.65,138.75,32.23,4180.82
Curitiba,55.0,3,4,1,0,not acept,not furnished,401.7,2751.35,45.96,28.0,3227.01
Belo Horizonte,74.9,2,2,1,20,acept,not furnished,355.04,2034.46,99.43,19.73,2508.66
Sao Paulo,84.5,3,2,1,0,not acept,not furnished,382.25,3618.75,128.96,26.63,4156.59
Rio de Janeiro,104.2,4,5,1,26,acept,not furnished,774.98,4962.22,197.52,49.02,5983.74
Rio de Janeiro,76.5,4,4,0,25,acept,not furnished,339.52,2708.31,93.95,37.07,3178.85
Sao Paulo,113.0,4,3,2,24,not acept,not furnished,307.87,3828.64,105.43,31.59,4273.53
Recife,60.4,3,3,2,16,not acept,furnished,423.2,2552.21,61.13,29.0,3065.54
Salvador,35.4,3,4,2,30,acept,not furnished,236.21,1523.96,32.34,9.34,1801.85
Curitiba,64.0,2,2,1,12,not acept,not furnished,146.33,1688.48,70.29,9.17,1914.27
Rio de Janeiro,80.7,1,1,1,30,acept,not furnished,411.12,2230.21,42.9,33.07,2717.3
Rio de Janeiro,81.8,3,2,0,27,not acept,not furnished,324.24,3228.5,142.73,25.72,3721.19
Curitiba,68.8,2,3,2,1,not acept,furnished,574.69,3255.64,131.03,43.14,4004.5
Belo Horizonte,80.7,2,1,2,27,not acept,furnished,383.57,2990.27,78.68,42.1,3494.62
Sao Paulo,88.5,4,5,1,7,acept,not furnished,289.51,2726.62,97.25,23.88,3137.26
Belo Horizonte,97.2,1,1,1,23,not acept,not furnished,389.45,2591.93,109.82,13.23,3104.43
Salvador,82.0,4,5,2,0,not acept,not furnished,338.64,2524.61,26.94,20.81,2911.0
Rio de Janeiro,92.1,1,1,0,6,not acept,not furnished,283.7,1508.61,31.43,20.53,1844.27
Sao Paulo,55.4,4,5,1,22,acept,furnished,238.64,21333.954661857493,74.07,20.77,1850.52
Porto Alegre,44.1,3,3,1,30,acept,not furnished,422.29,2366.59,62.12,33.57,2884.57
Sao Paulo,100.6,1,1,1,3,not acept,not furnished,304.17,3576.26,135.45,46.96,4062.84
Sao Paulo,161.4,3,4,3,12,acept,furnished,983.85,7179.13,124.16,48.18,8335.32
Sao Paulo,48.4,4,3,2,17,acept,furnished,472.0,3964.68,98.3,38.53,4573.51
Rio de Janeiro,144.4,2,1,1,29,not acept,furnished,698.21,7040.01,296.52,65.83,8100.57
Porto Alegre,63.1,3,4,1,12,not acept,furnished,545.74,2771.56,79.53,27.72,3424.55
Belo Horizonte,73.7,5,4,1,28,not acept,furnished,352.27,2163.98,99.47,23.59,2639.31
Sao Paulo,199.6,2,3,3,30,acept,not furnished,797.18,6808.27,72.71,59.51,7737.67
Fortaleza,65.4,4,4,0,29,acept,not furnished,271.22,2058.55,65.71,24.3,2419.78
Fortaleza,56.8,2,3,3,22,not acept,not furnished,328.17,2312.27,97.5,12.31,2750.25
Fortaleza,89.4,2,1,0,1,not acept,not furnished,192.52,2352.77,61.8,28.86,2635.95
Sao Paulo,151.0,2,1,2,17,not acept,not furnished,994.02,5748.57,120.72,59.42,6922.73
Rio de Janeiro,89.0,2,3,2,22,acept,furnished,552.58,3123.72,62.42,20.46,3759.18
Recife,52.3,1,2,2,29,not acept,not furnished,119.17,712.99,17.64,7.74,857.54
Porto Alegre,62.5,2,3,2,23,not acept,furnished,298.72,2385.13,94.61,13.46,2791.92
Sao Paulo,52.4,2,3,1,15,acept,furnished,313.35,3408.0,58.4,39.28,3819.03
Sao Paulo,81.9,3,3,2,4,not acept,not furnished,218.64,2712.75,90.9,28.84,3051.13
Rio de Janeiro,123.5,3,2,2,12,not acept,furnished,585.46,4423.01,48.14,65.81,5122.42
Fortaleza,45.9,3,2,2,18,acept,not furnished,357.42,1842.71,25.84,12.22,2238.19
Belo Horizonte,102.4,2,3,1,8,acept,furnished,382.01,2810.72,52.04,39.13,3283.9
Rio de Janeiro,137.8,4,5,1,12,acept,not furnished,799.43,4257.18,133.9,39.45,5229.96
Sao Paulo,93.6,2,3,2,0,not acept,not furnished,655.44,4329.23,176.3,26.17,5187.14
Curitiba,45.0,2,2,1,26,not acept,not furnished,194.04,1255.33,19.22,15.9,1484.49
Salvador,60.0,3,3,2,0,acept,furnished,392.15,2225.36,73.68,32.86,2724.05
Rio de Janeiro,177.8,3,4,1,11,not acept,furnished,704.5,6148.56,238.38,78.47,7169.91
Porto Alegre,89.6,1,1,0,14,not acept,not furnished,440.74,3070.05,134.78,34.64,3680.21
Recife,30.8,2,2,1,30,not acept,not furnished,101.72,1118.8,21.93,6.49,1248.94
Sao Paulo,98.4,4,3,2,28,not acept,not furnished,457.61,2351.45,36.49,21.57,2867.12
Belo Horizonte,90.7,3,3,2,19,not acept,not furnished,560.41,2811.35,97.55,15.76,3485.07
Sao Paulo,131.7,2,3,3,17,acept,not furnished,894.28,6024.7,148.61,52.51,7120.1
Porto Alegre,45.2,4,5,0,9,acept,not furnished,476.48,2499.92,87.13,25.31,3088.84
Belo Horizonte,53.6,1,1,1,0,not acept,not furnished,377.33,2093.47,41.52,24.84,2537.16
Curitiba,89.2,3,4,1,6,acept,not furnished,423.77,2961.74,57.32,23.23,3466.06
Porto Alegre,77.8,2,1,0,25,acept,not furnished,485.51,3143.35,127.4,44.75,3801.01
Rio de Janeiro,125.1,1,2,0,19,acept,not furnished,714.13,4263.67,90.69,42.57,5111.06
Fortaleza,18.0,2,3,0,24,not acept,furnished,62.58,3700.983632016361,25.14,5.06,615.21
Belo Horizonte,78.4,3,2,1,25,not acept,not furnished,230.22,1965.11,77.61,12.23,2285.17
Sao Paulo,109.1,1,2,2,0,not acept,not furnished,831.68,4634.7,221.82,51.7,5739.9
Curitiba,102.1,3,3,2,8,not acept,not furnished,221.68,2159.68,77.1,18.64,2477.1
Porto Alegre,53.3,5,6,1,20,acept,furnished,281.53,2598.1,107.31,37.26,3024.2
Rio de Janeiro,127.8,3,2,1,26,not acept,not furnished,594.88,3937.61,100.25,54.51,4687.25
Salvador,51.7,2,3,0,24,not acept,not furnished,186.15,1457.87,72.44,13.34,1729.8
Fortaleza,53.5,1,1,0,11,acept,furnished,155.78,1627.16,33.74,21.16,1837.84
Sao Paulo,126.9,3,4,1,28,not acept,not furnished,813.16,4105.45,55.02,41.92,5015.55
Recife,18.0,2,3,1,7,acept,not furnished,157.77,1153.39,51.79,11.33,1374.28
Sao Paulo,155.6,5,5,1,10,not acept,not furnished,1099.68,5501.9,177.32,66.3,6845.2
Sao Paulo,117.1,5,6,3,3,not acept,not furnished,578.65,4313.06,113.88,56.13,5061.72
Sao Paulo,142.6,2,3,1,5,acept,furnished,1054.53,6052.91,137.41,68.73,7313.58
Fortaleza,58.7,1,1,1,0,acept,not furnished,247.54,1505.08,72.72,20.31,1845.65
Curitiba,88.8,4,3,1,7,not acept,not furnished,413.78,3472.97,162.28,23.55,4072.58
Sao Paulo,215.6,3,2,1,7,acept,furnished,822.81,9142.82,408.51,81.04,10455.18
Rio de Janeiro,54.1,3,2,1,0,not acept,not furnished,160.63,1635.61,58.23,13.99,1868.46
Belo Horizonte,58.8,2,2,0,9,acept,furnished,177.22,2095.03,40.43,27.19,2339.87
Sao Paulo,107.9,2,1,0,7,acept,not furnished,591.39,41752.488055889255,165.65,33.08,4512.98
Fortaleza,47.3,4,3,1,24,acept,not furnished,84.52,961.88,44.56,6.88,1097.84
Salvador,18.0,2,3,1,2,not acept,furnished,117.01,1012.8,23.39,14.46,1167.66
Belo Horizonte,101.5,4,4,0,21,not acept,not furnished,227.88,2430.62,86.0,19.4,2763.9
Recife,55.3,1,1,2,1,acept,not furnished,216.96,1446.13,14.5,20.23,1697.82
Rio de Janeiro,153.7,4,3,0,14,not acept,not furnished,789.73,4810.01,199.21,56.89,5855.84
Recife,20.3,3,4,2,22,acept,not furnished,196.98,1475.93,57.06,17.0,1746.97
Curitiba,18.0,2,2,0,17,acept,not furnished,77.98,400.0,7.19,3.21,488.38
Curitiba,76.9,1,1,1,19,acept,not furnished,390.52,3478.09,68.79,48.17,3985.57
Sao Paulo,125.6,3,2,1,4,acept,furnished,1062.15,5335.84,155.46,68.53,6621.98
Fortaleza,62.0,2,1,1,25,acept,furnished,270.99,1804.06,65.58,11.4,2152.03
Rio de Janeiro,66.6,3,2,3,29,acept,not furnished,405.12,2210.76,86.91,31.56,2734.35
Sao Paulo,101.3,2,3,1,2,not acept,not furnished,288.18,3052.84,33.14,27.51,3401.67
Sao Paulo,121.8,1,1,1,27,not acept,not furnished,836.43,4223.57,48.79,55.27,5164.06
Belo Horizonte,113.3,3,3,2,10,not acept,not furnished,597.55,26829.544352912533,116.56,25.24,4241.86
Belo Horizonte,40.5,3,3,1,20,acept,not furnished,223.81,9254.956452635668,27.73,8.49,1738.71
Curitiba,65.2,3,2,0,14,not acept,not furnished,179.23,2224.1,61.03,29.88,2494.24
Fortaleza,103.6,3,3,2,24,not acept,furnished,331.68,4119.9,44.44,50.87,4546.89
Sao Paulo,18.0,3,4,1,0,acept,furnished,48.75,486.17,14.4,2.84,552.16
Porto Alegre,18.0,3,2,2,8,acept,furnished,58.37,452.92,4.73,2.77,518.79
Sao Paulo,18.0,1,1,1,0,not acept,not furnished,46.2,400.0,19.83,3.91,469.94
Salvador,26.5,2,2,1,29,acept,not furnished,120.0,659.46,10.62,6.14,796.22
Salvador,57.5,1,1,3,3,not acept,not furnished,306.37,1800.4,76.14,16.57,2199.48
Belo Horizonte,29.4,3,3,2,11,not acept,not furnished,375.17,2005.9,48.92,28.72,2458.71
Curitiba,118.8,3,3,2,19,not acept,furnished,388.73,3112.99,62.89,29.27,3593.88
Rio de Janeiro,100.4,2,1,1,13,not acept,not furnished,665.17,3813.82,58.64,29.79,4567.42
Rio de Janeiro,18.0,3,4,0,15,not acept,not furnished,191.62,1057.9,47.44,11.61,1308.57
Salvador,82.6,2,2,2,4,not acept,not furnished,427.21,2139.78,48.97,29.85,2645.81
Rio de Janeiro,118.6,3,4,0,0,acept,not furnished,622.15,3591.3,142.18,45.22,4400.85
Rio de Janeiro,131.9,1,2,2,6,acept,not furnished,780.02,4261.52,61.83,63.51,5166.88
Rio de Janeiro,66.7,3,4,2,8,acept,not furnished,257.65,2212.29,108.98,18.86,2597.78
Salvador,33.6,3,4,2,11,acept,not furnished,186.64,1163.72,38.55,7.34,1396.25
Rio de Janeiro,139.2,4,5,1,7,acept,furnished,698.9,4384.78,183.06,63.47,5330.21
Sao Paulo,50.8,4,4,0,0,not acept,furnished,260.1,1733.88,17.81,23.24,2035.03
Curitiba,123.2,3,3,2,0,not acept,furnished,819.18,4187.88,154.76,37.61,5199.43
Salvador,81.0,4,5,3,20,not acept,not furnished,315.42,2424.71,111.63,19.82,2871.58
Sao Paulo,153.6,2,1,2,0,not acept,furnished,1264.65,6867.32,212.4,82.66,8427.03
Sao Paulo,37.2,2,3,2,0,not acept,not furnished,113.19,1305.33,56.9,11.85,1487.27
Sao Paulo,36.0,4,3,1,24,acept,not furnished,51.66,4290.177060338099,12.3,3.02,466.98
Rio de Janeiro,135.1,4,4,0,0,acept,furnished,506.47,5706.59,279.3,29.5,6521.86
Rio de Janeiro,74.1,3,2,2,0,not acept,not furnished,399.99,2643.84,40.85,29.71,3114.39
Porto Alegre,60.9,2,2,1,15,not acept,not furnished,308.85,2044.22,96.27,24.9,2474.24
Curitiba,78.2,4,3,1,12,acept,not furnished,347.58,2858.23,95.74,40.54,3342.09
Curitiba,101.6,2,3,2,29,not acept,not furnished,612.1,3243.19,148.06,22.53,4025.88
Rio de Janeiro,92.1,2,2,2,28,not acept,furnished,282.09,2835.19,42.58,36.47,3196.33
Salvador,20.5,3,2,0,19,not acept,not furnished,106.03,781.31,36.37,4.21,927.92
Rio de Janeiro,118.4,1,2,1,0,not acept,not furnished,701.31,4650.38,138.09,32.68,5522.46
Recife,65.8,2,1,2,14,acept,not furnished,199.58,1922.88,54.42,27.45,2204.33
Curitiba,39.7,4,3,3,0,acept,not furnished,256.68,1439.48,47.2,11.06,1754.42
Sao Paulo,89.5,2,1,1,27,not acept,furnished,514.72,3822.03,172.15,41.43,4550.33
Curitiba,116.2,4,4,2,19,not acept,not furnished,657.02,4601.67,199.61,49.86,5508.16
Rio de Janeiro,126.6,5,5,1,16,not acept,furnished,730.27,5670.99,84.89,47.59,6533.74
Curitiba,36.7,4,5,1,11,acept,not furnished,185.31,1213.36,12.71,12.23,1423.61
Sao Paulo,160.4,5,4,2,14,acept,furnished,991.06,5577.81,170.21,46.21,6785.29
Sao Paulo,247.8,3,2,1,11,not acept,not furnished,794.95,6612.08,328.02,71.55,7806.6
Salvador,43.5,3,3,2,0,not acept,not furnished,231.64,1987.89,60.23,13.7,2293.46
Sao Paulo,126.5,4,4,1,19,acept,not furnished,874.24,4615.17,72.89,67.63,5629.93
Salvador,45.3,3,2,1,30,not acept,furnished,586.39,2933.26,80.31,30.08,3630.04
Sao Paulo,247.5,2,1,1,1,not acept,furnished,1005.71,9369.63,231.83,86.53,10693.7
Curitiba,18.0,3,2,1,30,not acept,not furnished,65.32,616.0,29.69,4.09,715.1
Curitiba,112.6,3,3,2,27,acept,not furnished,304.63,3116.08,149.57,33.3,3603.58
Belo Horizonte,41.5,3,2,1,27,not acept,not furnished,109.95,,12.3,6.01,1083.25
Rio de Janeiro,18.0,3,2,2,25,acept,furnished,60.68,434.75,8.41,5.22,509.06
Sao Paulo,154.7,3,3,1,28,not acept,not furnished,467.51,5801.68,164.31,65.81,6499.31
Sao Paulo,34.0,3,3,0,5,acept,not furnished,118.45,1087.54,35.63,11.4,1253.02
Rio de Janeiro,78.1,3,3,2,12,not acept,furnished,450.77,2462.87,43.25,22.12,2979.01
Curitiba,25.0,1,1,1,13,not acept,not furnished,134.2,1414.67,47.26,13.57,1609.7
Fortaleza,18.0,3,2,2,0,not acept,furnished,79.86,442.32,8.03,4.54,534.75
Fortaleza,18.7,1,1,2,30,not acept,not furnished,218.94,1487.37,39.92,10.74,1756.97
Porto Alegre,82.4,5,5,2,20,not acept,not furnished,242.08,2164.73,66.97,17.51,2491.29
Porto Alegre,57.3,4,3,1,12,acept,not furnished,244.76,1816.77,89.04,24.56,2175.13
Curitiba,49.4,3,4,2,30,not acept,not furnished,258.63,2573.31,32.81,14.61,2879.36
Sao Paulo,204.9,5,4,2,6,not acept,furnished,1239.72,8181.75,384.91,106.03,9912.41
Fortaleza,74.2,3,2,0,8,not acept,furnished,229.25,2552.73,39.44,22.37,2843.79
Curitiba,73.9,1,1,0,4,acept,not furnished,331.24,2160.4,29.98,19.44,2541.06
Belo Horizonte,38.0,3,2,1,3,acept,not furnished,318.02,2321.24,50.54,20.3,2710.1
Sao Paulo,79.2,2,1,1,3,acept,not furnished,256.59,3201.91,104.18,35.22,3597.9
Rio de Janeiro,45.6,2,1,2,18,not acept,not furnished,480.12,2507.38,66.8,24.03,3078.33
Rio de Janeiro,171.7,3,2,1,7,acept,not furnished,408.56,4889.65,151.07,45.71,5494.99
Salvador,97.8,3,4,1,29,not acept,furnished,539.44,2960.36,121.83,18.36,3639.99
Belo Horizonte,38.4,3,2,0,24,not acept,furnished,237.16,2144.16,92.69,30.93,2504.94
Rio de Janeiro,70.9,3,2,0,3,not acept,not furnished,402.05,2032.12,98.55,26.13,2558.85
Recife,51.7,2,1,1,25,acept,furnished,432.25,2161.6,101.7,21.2,2716.75
Sao Paulo,183.3,3,2,2,9,acept,not furnished,662.17,6131.27,108.24,40.39,6942.07
Rio de Janeiro,41.9,2,1,2,5,acept,furnished,253.13,2295.84,88.72,32.93,2670.62
Sao Paulo,164.5,2,3,2,23,acept,not furnished,913.85,5027.59,201.03,34.08,6176.55
Porto Alegre,108.5,3,3,1,26,not acept,not furnished,239.17,2468.93,71.96,16.15,2796.21
Fortaleza,87.2,2,2,1,29,acept,furnished,261.04,3246.55,147.45,22.2,3677.24
Sao Paulo,39.2,1,1,0,11,not acept,not furnished,356.38,2290.55,92.38,13.56,2752.87
Salvador,58.2,2,3,3,16,not acept,not furnished,170.01,1509.46,39.37,10.04,1728.88
Sao Paulo,210.9,3,4,1,18,not acept,not furnished,880.73,7087.96,190.51,81.03,8240.23
Fortaleza,64.2,4,5,2,18,not acept,furnished,392.63,2936.61,73.29,20.86,3423.39
Porto Alegre,88.7,5,5,2,11,acept,furnished,298.42,2666.81,80.68,25.2,3071.11
Salvador,18.0,3,3,2,2,acept,not furnished,37.7,400.0,15.71,4.19,457.6
Sao Paulo,162.9,2,3,1,0,not acept,furnished,989.25,5997.75,136.22,71.14,7194.36
Recife,18.0,2,2,2,27,not acept,not furnished,116.68,838.51,16.04,5.65,976.88
Porto Alegre,46.8,1,1,2,9,not acept,furnished,338.29,1964.05,22.31,20.0,2344.65
Rio de Janeiro,56.4,3,2,1,3,not acept,furnished,383.88,2033.08,85.15,29.77,2531.88
Salvador,75.7,3,2,2,30,acept,furnished,271.87,2537.47,62.14,24.04,2895.52
Sao Paulo,18.0,3,2,3,24,acept,furnished,89.11,475.54,19.09,5.33,589.07
Fortaleza,51.1,2,3,0,30,acept,not furnished,270.13,1386.76,20.06,20.59,1697.54
Sao Paulo,143.2,2,1,1,6,acept,furnished,598.93,5175.77,161.92,48.97,5985.59
Curitiba,48.2,2,3,2,13,not acept,not furnished,349.81,1916.58,49.71,18.57,2334.67
Belo Horizonte,56.6,3,2,2,24,not acept,not furnished,162.83,1444.5,41.86,17.93,1667.12
Sao Paulo,78.2,2,3,1,16,acept,furnished,440.87,2443.23,114.87,21.03,3020.0
Sao Paulo,118.4,3,3,2,9,not acept,not furnished,788.34,4174.14,52.6,28.19,5043.27
Sao Paulo,47.7,1,2,2,2,not acept,not furnished,513.49,2617.92,70.15,15.86,3217.42
Rio de Janeiro,57.1,3,3,1,16,not acept,not furnished,331.68,14972.99998607804,96.15,27.73,2684.08
Rio de Janeiro,18.0,1,1,1,17,acept,furnished,64.17,440.56,15.3,4.37,524.4
Belo Horizonte,95.1,2,2,1,21,not acept,not furnished,270.23,2931.92,144.58,24.07,3370.8
Sao Paulo,84.0,1,1,3,24,not acept,furnished,454.0,3136.75,124.71,19.45,3734.91
Sao Paulo,82.9,2,1,2,1,not acept,furnished,629.4,3482.97,48.09,50.11,4210.57
Porto Alegre,113.9,2,3,2,18,not acept,not furnished,268.36,3309.09,83.12,20.43,3681.0
Sao Paulo,125.5,4,5,2,23,acept,furnished,980.8,5188.13,120.16,77.16,6366.25
Fortaleza,27.0,2,3,0,10,not acept,not furnished,316.92,2124.96,62.96,23.62,2528.46
Salvador,57.7,1,1,1,6,acept,not furnished,253.03,1610.73,56.15,21.36,1941.27
Curitiba,100.3,3,4,2,13,not acept,not furnished,509.54,3040.42,61.03,27.13,3638.12
Belo Horizonte,63.7,3,3,1,8,not acept,not furnished,452.76,2365.35,83.13,16.63,2917.87
Fortaleza,37.4,2,1,1,14,not acept,furnished,350.05,2143.32,44.06,14.32,2551.75
Sao Paulo,66.4,3,4,2,7,not acept,not furnished,302.7,2279.58,34.13,29.48,2645.89
Sao Paulo,81.0,3,3,1,11,acept,not furnished,752.65,4111.76,125.41,34.83,5024.65
Sao Paulo,147.4,2,2,1,28,not acept,not furnished,896.62,4619.26,136.39,37.3,5689.57
Porto Alegre,102.8,3,4,0,28,acept,not furnished,298.94,1934.31,50.8,20.21,2304.26
Sao Paulo,66.2,1,1,3,30,acept,not furnished,441.65,2570.72,80.39,27.63,3120.39
Belo Horizonte,48.3,1,1,3,13,acept,not furnished,255.2,1744.44,52.33,12.78,2064.75
Recife,18.0,5,5,1,3,acept,not furnished,136.57,1463.32,48.86,20.28,1669.03
Salvador,37.8,2,2,2,27,acept,not furnished,213.11,1390.09,67.67,19.93,1690.8
Belo Horizonte,135.6,2,2,2,17,acept,not furnished,475.64,,122.65,23.52,3827.52
Sao Paulo,161.7,5,6,0,22,acept,not furnished,868.77,6203.85,276.74,71.58,7420.94
Salvador,33.3,3,2,0,3,acept,not furnished,188.82,13538.771422563588,38.21,11.45,1516.62
Belo Horizonte,102.6,3,3,0,8,not acept,not furnished,447.29,3706.1,139.71,25.64,4318.74
Sao Paulo,30.3,3,3,0,6,not acept,not furnished,248.49,1410.49,17.76,12.87,1689.61
Sao Paulo,161.3,3,3,1,16,not acept,not furnished,563.63,5162.7,219.65,63.42,6009.4
Fortaleza,55.4,3,2,1,30,not acept,not furnished,192.48,1459.85,69.85,14.9,1737.08
Curitiba,18.0,1,1,3,18,not acept,not furnished,66.25,400.0,19.58,3.7,489.53
Salvador,53.2,2,1,1,16,acept,furnished,433.04,2936.36,51.1,26.53,3447.03
Fortaleza,18.0,2,1,2,22,not acept,furnished,114.1,1192.73,57.95,11.25,1376.03
Belo Horizonte,86.5,1,1,1,8,acept,furnished,544.65,3905.64,123.81,32.99,4607.09
Belo Horizonte,78.3,2,1,0,6,acept,not furnished,393.02,2316.94,102.33,12.96,2825.25
Rio de Janeiro,153.2,3,4,2,25,not acept,not furnished,483.63,5468.1,218.71,75.26,6245.7
Rio de Janeiro,71.8,2,3,1,29,not acept,furnished,532.06,2920.23,135.07,42.52,3629.88
Rio de Janeiro,143.1,2,3,2,11,acept,not furnished,724.56,5126.12,177.33,62.64,6090.65
Porto Alegre,18.0,3,3,3,0,not acept,furnished,188.96,1317.76,30.39,9.48,1546.59
Belo Horizonte,45.9,3,2,2,3,acept,not furnished,147.8,1000.83,40.44,11.69,1200.76
Fortaleza,27.2,4,3,0,26,not acept,furnished,165.54,1515.53,32.59,20.78,1734.44
Rio de Janeiro,62.4,3,4,3,1,not acept,not furnished,267.23,2126.05,43.91,25.54,2462.73
Belo Horizonte,48.4,5,6,0,23,not acept,furnished,367.14,2290.83,38.58,28.84,2725.39
Curitiba,135.0,3,2,3,18,acept,furnished,560.45,4399.2,57.6,35.71,5052.96
Belo Horizonte,25.2,3,4,1,21,not acept,not furnished,125.34,650.98,27.46,8.39,812.17
Curitiba,38.6,4,4,1,6,acept,furnished,308.62,1634.95,36.11,11.11,1990.79
Sao Paulo,120.2,4,4,2,0,acept,furnished,508.35,5027.24,130.36,60.46,5726.41
Belo Horizonte,79.4,3,3,1,0,not acept,furnished,276.97,2667.61,109.36,19.43,3073.37
Sao Paulo,110.8,3,2,2,21,acept,furnished,658.69,5093.37,58.2,56.54,5866.8
Rio de Janeiro,35.7,2,3,1,18,acept,not furnished,338.38,2256.2,52.41,20.19,2667.18
Rio de Janeiro,94.1,4,4,1,25,not acept,not furnished,356.74,1919.12,89.9,20.93,2386.69
Curitiba,19.2,3,3,1,10,acept,furnished,168.86,1776.13,32.19,13.77,1990.95
Recife,52.9,4,4,1,16,acept,furnished,422.7,2409.29,32.14,35.34,2899.47
Belo Horizonte,83.2,1,1,1,23,acept,furnished,214.1,2263.92,110.54,30.11,2618.67
Porto Alegre,59.9,2,2,0,14,acept,not furnished,361.73,2466.76,91.22,30.67,2950.38
Belo Horizonte,39.0,2,3,2,30,not acept,furnished,301.71,2017.53,86.19,21.38,2426.81
Curitiba,84.5,4,4,1,22,not acept,not furnished,621.24,3174.74,52.43,41.63,3890.04
Sao Paulo,18.0,4,4,1,20,not acept,not furnished,97.42,572.32,5.98,6.89,682.61
Sao Paulo,73.2,2,2,1,24,not acept,not furnished,172.37,1033.35,33.52,8.57,1247.81
Rio de Janeiro,46.8,3,2,2,23,not acept,not furnished,145.38,1751.5,63.75,11.62,1972.25
Rio de Janeiro,96.7,1,2,2,4,not acept,furnished,686.01,4017.71,76.14,38.32,4818.18
Sao Paulo,102.1,2,2,3,4,not acept,not furnished,528.97,3277.95,35.26,38.25,3880.43
Sao Paulo,202.4,3,4,1,17,not acept,not furnished,1057.38,6547.19,319.28,60.03,7983.88
Sao Paulo,163.7,3,3,0,12,acept,furnished,600.11,6971.61,171.76,90.14,7833.62
Recife,58.2,4,3,1,26,not acept,furnished,261.73,2060.39,79.82,16.25,2418.19
Rio de Janeiro,134.0,2,1,2,7,acept,not furnished,349.49,3726.64,107.6,33.07,4216.8
Rio de Janeiro,73.9,3,2,1,8,acept,furnished,590.53,3117.2,63.2,44.55,3815.48
Sao Paulo,100.5,3,2,1,3,acept,not furnished,590.5,4761.17,229.21,35.52,5616.4
Belo Horizonte,51.2,2,2,2,30,not acept,not furnished,349.34,1886.83,60.42,12.57,2309.16
Sao Paulo,82.4,5,6,2,1,not acept,furnished,302.26,2558.7,60.41,17.02,2938.39
Sao Paulo,51.2,4,4,2,30,acept,not furnished,303.09,1887.97,74.5,13.01,2278.57
Belo Horizonte,94.6,2,1,1,21,not acept,not furnished,191.79,2363.84,82.37,12.65,2650.65
Sao Paulo,126.8,3,2,1,0,not acept,not furnished,619.01,3781.0,144.26,35.11,4579.38
Sao Paulo,147.1,2,2,1,2,acept,furnished,947.8,5790.8,250.22,60.44,7049.26
Sao Paulo,23.8,3,3,1,8,not acept,not furnished,177.53,1838.88,30.34,22.01,2068.76
Sao Paulo,103.2,3,4,1,6,not acept,not furnished,533.67,3991.71,49.69,22.37,4597.44
Sao Paulo,170.8,1,2,1,30,not acept,not furnished,883.58,5454.67,155.52,56.61,6550.38
Rio de Janeiro,60.4,4,5,1,18,not acept,not furnished,420.05,2923.08,31.85,37.7,3412.68
Salvador,42.0,3,4,2,0,acept,not furnished,417.06,2183.05,40.15,23.46,2663.72
Belo Horizonte,20.9,5,4,1,15,not acept,furnished,165.56,,26.14,11.86,1775.81
Belo Horizonte,79.8,1,1,2,27,acept,furnished,443.54,2265.19,92.0,26.1,2826.83
Sao Paulo,99.4,4,5,2,11,not acept,not furnished,527.54,40576.43694679011,156.69,32.54,4507.7
Fortaleza,26.2,3,4,2,19,acept,furnished,125.44,627.29,9.62,6.96,769.31
Rio de Janeiro,60.3,1,1,0,23,not acept,not furnished,266.18,2029.39,45.61,29.6,2370.78
Sao Paulo,107.1,2,1,0,3,acept,not furnished,582.66,3162.41,121.44,24.05,3890.56
Belo Horizonte,54.8,4,3,1,26,not acept,not furnished,353.19,1958.49,35.48,23.31,2370.47
Sao Paulo,175.7,3,4,2,12,acept,furnished,719.41,4972.81,118.92,52.5,5863.64
Rio de Janeiro,127.7,2,3,1,0,not acept,not furnished,777.45,4532.67,111.91,40.38,5462.41
Belo Horizonte,49.6,4,3,0,26,not acept,not furnished,355.67,2102.88,27.08,10.57,2496.2
Fortaleza,18.0,1,1,2,16,acept,not furnished,89.69,935.0,16.77,13.05,1054.51
Rio de Janeiro,71.4,3,3,1,4,not acept,not furnished,343.29,2041.78,38.05,27.47,2450.59
Curitiba,61.8,3,3,2,8,not acept,not furnished,205.49,1228.81,48.18,17.72,1500.2
Recife,64.5,3,2,2,16,acept,not furnished,295.09,2241.47,48.25,25.77,2610.58
Sao Paulo,97.4,2,1,2,10,acept,not furnished,374.15,3800.57,150.89,39.22,4364.83
Sao Paulo,144.2,3,3,1,5,not acept,not furnished,574.97,4286.15,131.43,27.97,5020.52
Rio de Janeiro,30.6,3,4,0,13,not acept,not furnished,363.9,2145.27,28.38,20.63,2558.18
Rio de Janeiro,128.1,3,2,1,3,not acept,not furnished,789.5,4254.83,79.77,39.04,5163.14
Rio de Janeiro,28.8,3,2,0,5,not acept,not furnished,188.86,1519.7,17.93,11.42,1737.91
Fortaleza,18.0,2,1,0,25,acept,furnished,129.76,1076.19,52.33,14.29,1272.57
Curitiba,51.1,4,5,3,5,not acept,not furnished,204.78,1976.32,85.06,23.03,2289.19
Belo Horizonte,28.1,2,2,3,20,not acept,not furnished,187.79,1514.29,31.4,18.62,1752.1
Rio de Janeiro,85.0,5,6,1,6,acept,not furnished,310.45,2856.82,68.8,34.25,3270.32
Salvador,67.8,1,2,2,4,not acept,not furnished,188.17,1562.78,59.98,9.42,1820.35
Recife,27.2,2,1,1,6,acept,not furnished,299.27,2065.82,58.37,25.84,2449.3
Salvador,74.8,2,1,1,13,not acept,furnished,387.23,2613.77,88.88,35.21,3125.09
Sao Paulo,56.3,3,3,2,2,not acept,furnished,592.69,3507.31,38.78,33.92,4172.7
Curitiba,65.8,2,3,1,1,acept,furnished,488.97,2470.01,116.06,32.77,3107.81
Sao Paulo,21.9,3,3,2,22,not acept,furnished,196.68,2167.34,44.08,19.46,2427.56
Sao Paulo,99.4,4,5,3,0,acept,not furnished,394.37,3642.4,132.08,45.21,4214.06
Sao Paulo,85.4,2,1,0,10,acept,furnished,435.8,3373.53,161.93,39.8,4011.06
Belo Horizonte,22.9,2,2,2,10,not acept,not furnished,217.2,1107.5,40.34,15.38,1380.42
Curitiba,74.0,4,5,1,27,acept,furnished,395.27,3474.8,139.56,35.58,4045.21
Sao Paulo,18.0,2,1,1,23,acept,not furnished,146.44,790.45,38.45,5.36,980.7
Rio de Janeiro,50.9,2,1,0,14,acept,not furnished,205.27,1594.76,58.95,12.54,1871.52
Rio de Janeiro,71.9,2,3,2,13,not acept,not furnished,717.42,3678.26,111.26,35.61,4542.55
Rio de Janeiro,101.7,2,1,2,16,not acept,furnished,441.95,5239.16,163.7,50.56,5895.37
Sao Paulo,187.8,2,3,2,9,acept,furnished,793.14,7274.17,84.87,83.77,8235.95
Rio de Janeiro,18.0,3,4,0,21,not acept,not furnished,112.66,1330.41,17.71,6.98,1467.76
Porto Alegre,57.8,3,4,1,20,acept,furnished,411.08,2415.27,78.28,23.75,2928.38
Sao Paulo,135.9,3,4,1,16,acept,furnished,712.5,4502.86,141.68,48.57,5405.61
Sao Paulo,73.8,2,1,1,0,acept,furnished,333.45,3091.92,93.71,35.27,3554.35
Rio de Janeiro,157.7,3,4,1,1,not acept,furnished,544.96,6292.06,98.04,77.46,7012.52
Recife,25.6,2,3,1,0,not acept,not furnished,95.11,543.25,25.61,6.43,670.4
Curitiba,60.6,4,5,0,21,not acept,not furnished,194.65,1137.0,52.65,14.21,1398.51
Curitiba,101.6,3,2,0,13,acept,furnished,319.82,1680.39,36.84,22.75,2059.8
Rio de Janeiro,138.4,2,2,1,29,acept,not furnished,540.44,5401.06,140.74,31.59,6113.83
Belo Horizonte,75.6,2,3,1,29,not acept,not furnished,315.32,2118.01,53.8,19.94,2507.07
Sao Paulo,157.7,1,1,2,24,not acept,not furnished,990.96,5210.59,98.84,36.11,6336.5
Curitiba,99.0,1,1,2,12,acept,not furnished,371.79,3552.16,82.5,18.01,4024.46
Fortaleza,31.4,3,4,2,8,not acept,not furnished,205.36,1343.3,66.84,11.53,1627.03
Belo Horizonte,89.4,2,2,2,4,not acept,not furnished,439.07,2872.54,94.25,42.99,3448.85
Fortaleza,67.4,5,5,0,5,not acept,not furnished,153.36,1803.9,82.89,13.83,2053.98
Porto Alegre,18.0,2,3,1,30,not acept,furnished,76.62,440.67,17.31,4.25,538.85
Sao Paulo,153.2,3,2,1,15,not acept,furnished,853.76,4885.85,220.46,68.49,6028.56
Fortaleza,46.3,2,2,1,0,not acept,furnished,59.7,579.64,14.28,3.94,657.56
Sao Paulo,122.2,2,3,2,0,acept,not furnished,334.94,3935.74,140.43,25.56,4436.67
Belo Horizonte,114.3,5,6,2,12,acept,not furnished,600.44,3608.33,89.75,30.1,4328.62
Sao Paulo,134.0,4,4,0,12,acept,not furnished,434.79,4520.66,193.02,51.95,5200.42
Sao Paulo,83.1,3,3,0,11,not acept,not furnished,476.77,2929.74,119.07,32.32,3557.9
Rio de Janeiro,59.9,3,3,1,25,acept,not furnished,208.5,2126.73,87.69,16.78,2439.7
Sao Paulo,20.0,5,6,0,21,not acept,not furnished,73.3,400.0,7.14,5.62,486.06
Rio de Janeiro,79.5,3,4,2,1,not acept,not furnished,462.8,3017.39,133.74,17.9,3631.83
Belo Horizonte,37.0,1,1,2,9,not acept,not furnished,342.86,2297.78,114.7,31.65,2786.99
Sao Paulo,205.7,1,1,1,17,not acept,not furnished,1048.13,7272.69,314.27,48.97,8684.06
Sao Paulo,81.8,3,4,2,10,acept,furnished,366.38,4312.88,126.45,44.29,4850.0
Belo Horizonte,88.4,3,2,0,4,acept,not furnished,383.27,2121.55,47.14,23.56,2575.52
Rio de Janeiro,152.9,3,3,1,18,not acept,not furnished,638.83,4753.87,72.24,68.24,5533.18
Porto Alegre,63.2,1,1,2,17,acept,not furnished,306.59,2464.44,65.19,19.42,2855.64
Curitiba,20.3,4,3,3,30,not acept,not furnished,132.34,849.84,17.67,12.04,1011.89
Salvador,67.4,3,4,3,16,acept,not furnished,227.19,1623.1,44.28,23.83,1918.4
Curitiba,106.8,3,4,0,26,acept,not furnished,298.79,2609.39,31.62,38.08,2977.88
Rio de Janeiro,133.6,1,1,1,29,acept,furnished,603.02,6167.22,134.08,62.54,6966.86
Curitiba,42.1,5,4,0,12,acept,not furnished,46.53,504.87,24.46,3.33,579.19
Sao Paulo,151.2,3,4,2,0,acept,furnished,743.21,6857.39,101.33,70.37,7772.3
Rio de Janeiro,163.8,3,4,2,2,not acept,furnished,1230.61,6673.1,86.43,87.66,8077.8
Porto Alegre,93.3,4,5,2,14,not acept,furnished,246.44,2644.8,99.37,22.78,3013.39
Rio de Janeiro,162.1,4,4,1,27,not acept,not furnished,927.73,5217.03,225.01,66.3,6436.07
Porto Alegre,81.0,2,2,2,19,not acept,furnished,487.47,2646.63,36.71,28.64,3199.45
Salvador,41.8,4,3,2,4,not acept,furnished,296.33,1655.41,79.92,17.18,2048.84
Salvador,25.4,3,3,1,21,not acept,not furnished,206.26,1123.26,12.89,10.0,1352.41
Fortaleza,25.7,1,1,1,27,acept,not furnished,142.13,1343.36,60.5,15.9,1561.89
Rio de Janeiro,90.8,2,1,1,0,not acept,not furnished,679.15,3405.12,147.22,29.62,4261.11
Rio de Janeiro,80.5,2,1,1,5,acept,not furnished,573.78,3953.35,145.23,37.61,4709.97
Belo Horizonte,59.7,3,4,2,2,not acept,not furnished,354.19,1997.98,70.62,12.26,2435.05
Rio de Janeiro,74.7,3,4,0,23,acept,not furnished,377.92,2734.06,113.03,34.6,3259.61
Belo Horizonte,26.4,2,3,1,27,not acept,not furnished,69.29,673.28,8.83,7.45,758.85
Curitiba,94.1,4,4,1,16,not acept,not furnished,535.11,2947.61,73.94,36.2,3592.86
Curitiba,99.4,4,5,1,25,acept,not furnished,463.67,3338.73,45.69,48.74,3896.83
Rio de Janeiro,115.1,3,2,1,19,acept,furnished,849.14,4317.54,69.83,32.61,5269.12
Sao Paulo,112.4,4,4,1,19,not acept,not furnished,893.46,5037.59,217.39,61.28,6209.72
Rio de Janeiro,84.9,4,4,2,16,acept,not furnished,316.25,1859.63,70.8,15.43,2262.11
Sao Paulo,18.0,2,3,1,0,acept,furnished,77.16,464.01,11.45,3.26,555.88
Fortaleza,67.3,3,4,3,28,not acept,not furnished,370.59,2420.59,63.53,25.12,2879.83
Rio de Janeiro,76.7,5,6,1,9,not acept,not furnished,486.53,2592.48,96.2,37.91,3213.12
Sao Paulo,91.0,1,2,1,24,not acept,not furnished,488.99,3164.38,112.5,46.02,3811.89
Sao Paulo,95.6,5,5,1,24,not acept,furnished,566.57,2839.68,83.76,39.99,3530.0
Curitiba,103.7,1,1,2,29,acept,not furnished,531.27,3723.26,148.79,37.06,4440.38
Curitiba,18.0,3,2,1,8,not acept,not furnished,82.04,913.51,16.8,10.47,1022.82
Rio de Janeiro,93.7,3,3,1,30,acept,not furnished,499.69,2924.02,64.54,16.61,3504.86
Sao Paulo,41.3,3,3,1,7,acept,not furnished,169.33,1985.58,25.0,13.2,2193.11
Rio de Janeiro,132.1,3,4,1,12,not acept,furnished,589.41,4667.27,153.77,35.92,5446.37
Rio de Janeiro,38.1,3,2,1,21,acept,furnished,370.6,2767.07,111.73,20.72,3270.12
Curitiba,175.2,3,3,1,2,acept,not furnished,1041.71,5584.12,173.19,77.69,6876.71
Belo Horizonte,70.5,3,4,1,6,acept,furnished,317.19,2152.88,53.16,21.72,2544.95
Rio de Janeiro,103.4,3,4,3,21,not acept,not furnished,582.46,3013.32,54.19,27.97,3677.94
Sao Paulo,118.6,3,2,1,30,not acept,not furnished,444.73,4086.91,132.42,24.1,4688.16
Recife,18.0,4,4,1,22,acept,furnished,204.35,1797.8,27.86,22.98,2052.99
Rio de Janeiro,155.7,2,2,1,26,not acept,furnished,901.67,7282.02,230.83,36.67,8451.19
Curitiba,22.6,3,3,2,0,acept,not furnished,157.52,939.98,16.37,12.65,1126.52
Sao Paulo,58.1,1,1,2,16,not acept,furnished,397.75,2461.0,34.02,16.76,2909.53
Rio de Janeiro,140.8,3,2,1,28,not acept,not furnished,443.04,4231.65,205.66,42.28,4922.63
Sao Paulo,144.4,2,3,2,20,not acept,not furnished,676.46,5266.52,65.18,44.94,6053.1
Belo Horizonte,69.4,3,4,2,20,acept,furnished,316.26,2587.69,117.2,37.05,3058.2
Recife,23.8,2,1,0,4,acept,not furnished,74.33,434.39,20.99,6.37,536.08
Rio de Janeiro,69.8,1,1,1,26,not acept,furnished,153.1,1233.09,46.55,16.18,1448.92
Sao Paulo,84.1,3,4,2,26,not acept,furnished,617.68,3618.35,175.93,40.43,4452.39
Sao Paulo,56.4,2,2,0,18,acept,furnished,425.1,2915.62,117.56,29.45,3487.73
Rio de Janeiro,207.7,2,3,1,11,not acept,not furnished,1276.68,6611.14,113.66,48.55,8050.03
Sao Paulo,59.0,2,2,2,25,not acept,not furnished,199.58,1011.44,32.69,11.07,1254.78
Sao Paulo,164.3,4,3,3,13,acept,furnished,1117.0,7181.28,278.21,83.45,8659.94
Porto Alegre,64.3,1,1,2,25,acept,furnished,452.32,2376.14,80.13,34.11,2942.7
Rio de Janeiro,160.0,4,4,1,13,not acept,not furnished,1026.06,6158.87,165.3,68.5,7418.73
Sao Paulo,107.5,3,2,1,16,acept,not furnished,655.52,4062.82,94.3,55.03,4867.67
Fortaleza,60.9,2,1,0,22,not acept,not furnished,81.09,596.87,27.7,5.46,711.12
Sao Paulo,52.2,3,3,1,6,acept,not furnished,246.34,1673.18,73.46,17.32,2010.3
Recife,18.0,5,5,2,5,not acept,not furnished,56.61,446.7,19.75,6.33,529.39
Rio de Janeiro,93.0,3,3,0,19,acept,not furnished,387.11,3832.95,97.08,47.81,4364.95
Fortaleza,52.1,1,2,1,29,acept,not furnished,383.99,2010.76,54.77,28.6,2478.12
Belo Horizonte,117.1,3,3,1,12,acept,not furnished,331.46,3144.07,154.09,20.1,3649.72
Salvador,40.4,3,4,0,27,acept,furnished,225.13,1552.31,69.55,10.92,1857.91
Recife,64.7,4,5,1,14,acept,not furnished,308.62,1832.09,67.17,14.47,2222.35
Sao Paulo,113.1,4,5,1,30,not acept,furnished,835.37,4671.45,104.49,62.36,5673.67
Recife,45.9,1,1,1,24,acept,not furnished,187.05,1524.75,37.46,13.64,1762.9
Rio de Janeiro,160.0,2,1,1,26,acept,not furnished,818.08,5146.91,197.05,26.61,6188.65
Rio de Janeiro,135.9,2,3,2,20,not acept,not furnished,566.27,4251.88,49.83,33.78,4901.76
Rio de Janeiro,91.2,5,6,1,26,not acept,furnished,598.72,3352.15,157.03,20.31,4128.21
Belo Horizonte,57.5,3,4,2,17,not acept,not furnished,178.45,1123.34,25.4,14.14,1341.33
Sao Paulo,18.0,4,3,0,16,acept,not furnished,34.24,400.0,9.07,3.27,446.58
Belo Horizonte,62.1,2,1,1,26,not acept,not furnished,479.01,3126.81,31.41,36.55,3673.78
Belo Horizonte,56.7,3,2,1,0,not acept,not furnished,404.12,2459.8,89.57,21.32,2974.81
Porto Alegre,67.1,2,3,1,13,acept,not furnished,318.81,1686.52,51.91,24.24,2081.48
Salvador,18.0,4,5,1,26,not acept,furnished,201.52,2341.01,68.61,17.69,2628.83
Rio de Janeiro,69.1,3,3,2,4,acept,furnished,324.75,2141.55,57.65,23.06,2547.01
Rio de Janeiro,145.6,4,4,1,29,not acept,not furnished,542.62,3873.41,84.58,41.48,4542.09
Sao Paulo,188.3,2,1,1,22,acept,not furnished,1071.66,,183.91,74.81,8159.15
Sao Paulo,237.8,3,2,2,23,not acept,furnished,1584.77,9222.49,94.05,66.24,10967.55
Sao Paulo,46.4,2,2,0,19,not acept,not furnished,198.7,21306.940804553906,45.41,17.04,2328.35
Rio de Janeiro,43.6,1,1,2,12,not acept,not furnished,58.01,400.0,18.81,2.84,479.66
Sao Paulo,170.3,2,3,2,13,not acept,not furnished,950.38,6670.57,286.23,34.91,7942.09
Recife,45.8,3,3,0,25,not acept,not furnished,217.81,1535.92,54.12,17.53,1825.38
Belo Horizonte,18.0,2,3,1,2,not acept,furnished,188.52,1454.62,62.74,21.76,1727.64
Rio de Janeiro,76.0,2,2,1,15,not acept,not furnished,524.82,2884.46,91.41,34.46,3535.15
Belo Horizonte,54.5,3,3,3,7,acept,not furnished,153.33,1750.43,24.17,22.69,1950.62
Sao Paulo,176.0,2,1,1,30,acept,not furnished,804.17,6373.14,181.31,34.73,7393.35
Rio de Janeiro,113.3,2,3,1,0,not acept,not furnished,521.84,3455.66,162.25,42.52,4182.27
Curitiba,69.3,3,4,1,0,not acept,not furnished,539.63,2854.14,35.94,29.54,3459.25
Rio de Janeiro,106.5,1,2,2,29,acept,not furnished,520.47,3344.57,131.98,26.07,4023.09
Rio de Janeiro,68.3,2,3,1,15,not acept,furnished,178.71,1866.66,70.92,20.53,2136.82
Recife,63.6,4,3,1,2,acept,not furnished,441.61,2730.74,62.64,33.06,3268.05
Fortaleza,62.4,2,3,2,12,not acept,not furnished,209.56,1735.57,77.52,24.96,2047.61
Curitiba,59.8,3,2,2,8,acept,not furnished,263.94,1754.39,63.99,12.28,2094.6
Belo Horizonte,34.8,2,2,3,28,acept,furnished,384.14,2586.32,48.44,30.74,3049.64
Curitiba,56.8,5,6,2,20,not acept,not furnished,277.8,2759.16,98.24,29.58,3164.78
Sao Paulo,143.4,1,1,2,2,acept,not furnished,978.77,5490.57,236.7,59.95,6765.99
Rio de Janeiro,112.0,4,4,3,15,acept,not furnished,428.35,2958.07,133.37,17.66,3537.45
Sao Paulo,112.5,3,4,0,2,acept,not furnished,593.1,4693.49,225.2,44.13,5555.92
Rio de Janeiro,35.9,1,2,1,19,not acept,not furnished,175.66,,20.03,18.89,1892.21
Belo Horizonte,77.3,2,1,1,21,acept,furnished,503.32,2650.11,43.25,18.69,3215.37
Sao Paulo,41.9,2,2,1,16,not acept,not furnished,248.89,2282.42,38.36,16.76,2586.43
Recife,50.7,2,2,2,29,not acept,not furnished,365.68,1902.74,37.28,20.93,2326.63
Fortaleza,89.6,2,2,3,29,not acept,not furnished,450.87,3110.05,116.3,37.16,3714.38
Porto Alegre,77.8,4,4,2,4,not acept,not furnished,497.1,3542.11,94.49,24.87,4158.57
Belo Horizonte,18.0,2,3,0,0,not acept,not furnished,93.46,684.11,10.14,7.47,795.18
Salvador,112.0,2,2,2,19,not acept,not furnished,500.14,2691.85,131.87,25.05,3348.91
Sao Paulo,59.1,3,2,2,13,not acept,not furnished,425.02,2392.08,33.59,15.92,2866.61
Porto Alegre,18.0,3,2,1,8,not acept,furnished,196.69,1220.55,55.22,7.34,1479.8
Sao Paulo,150.0,1,2,2,28,not acept,furnished,851.81,5962.62,140.45,76.22,7031.1
Porto Alegre,29.4,3,2,2,30,acept,furnished,368.86,2322.63,34.68,18.61,2744.78
Sao Paulo,182.8,3,4,3,28,acept,furnished,794.69,7278.51,88.05,46.13,8207.38
Fortaleza,27.3,1,1,0,14,acept,not furnished,275.55,1973.54,57.18,22.52,2328.79
Recife,50.5,2,3,1,21,acept,furnished,179.91,1856.78,49.3,15.68,2101.67
Sao Paulo,128.5,1,1,3,3,not acept,furnished,468.92,4915.51,145.06,26.45,5555.94
Rio de Janeiro,90.0,2,1,1,29,not acept,furnished,728.17,4412.07,162.04,63.71,5365.99
Recife,54.9,2,3,0,7,not acept,not furnished,355.81,1842.11,38.43,21.6,2257.95
Rio de Janeiro,102.8,2,2,1,4,not acept,furnished,682.45,3870.92,38.95,26.76,4619.08
Salvador,18.0,3,4,1,0,acept,not furnished,162.83,845.09,26.66,4.64,1039.22
Belo Horizonte,27.8,3,3,1,16,not acept,not furnished,42.65,400.0,4.82,3.97,451.44
Rio de Janeiro,143.8,3,4,2,29,acept,not furnished,494.78,4441.49,189.65,66.44,5192.36
Sao Paulo,81.7,3,4,1,2,acept,not furnished,569.56,4352.22,184.25,37.93,5143.96
Sao Paulo,59.2,4,5,1,1,acept,not furnished,245.9,1951.92,28.94,26.93,2253.69
Porto Alegre,56.0,4,5,3,6,not acept,not furnished,244.88,2115.19,101.75,25.67,2487.49
Rio de Janeiro,107.5,4,4,2,19,acept,furnished,490.13,4258.84,111.18,32.25,4892.4
Belo Horizonte,50.3,2,2,2,15,not acept,furnished,463.94,2447.39,79.2,13.31,3003.84
Rio de Janeiro,124.9,2,3,1,0,not acept,not furnished,475.28,4673.02,186.98,64.61,5399.89
Belo Horizonte,18.0,3,4,2,12,acept,not furnished,166.88,902.42,15.89,11.81,1097.0
Salvador,63.8,2,1,1,0,acept,furnished,271.12,1920.19,20.02,23.18,2234.51
Recife,44.0,1,1,1,26,not acept,not furnished,319.27,1669.57,65.99,24.68,2079.51
Rio de Janeiro,53.6,2,2,2,1,not acept,not furnished,109.0,1327.0,55.25,19.12,1510.37
Salvador,35.5,5,5,1,13,not acept,furnished,167.03,1566.34,56.99,10.86,1801.22
Porto Alegre,103.3,2,2,1,14,not acept,not furnished,455.71,3258.16,113.64,33.41,3860.92
Belo Horizonte,18.0,2,1,2,15,acept,furnished,75.36,777.08,35.82,5.5,893.76
Recife,23.0,1,2,1,17,acept,not furnished,174.97,1653.7,74.97,23.0,1926.64
Sao Paulo,142.8,3,4,1,21,not acept,not furnished,680.07,4967.38,68.58,26.91,5742.94
Sao Paulo,102.9,2,3,0,0,acept,not furnished,705.33,4097.69,74.06,49.2,4926.28
Salvador,145.6,1,1,2,0,not acept,furnished,601.57,3452.65,123.39,40.6,4218.21
Rio de Janeiro,86.6,5,4,1,18,not acept,not furnished,428.08,2782.12,36.83,20.05,3267.08
Salvador,48.3,3,4,1,3,acept,furnished,400.12,2116.11,67.47,30.1,2613.8
Fortaleza,18.0,3,2,0,25,acept,not furnished,158.26,1017.55,15.86,11.12,1202.79
Sao Paulo,58.3,5,4,0,18,acept,furnished,153.36,1850.82,88.51,26.09,2118.78
Fortaleza,18.0,2,1,1,30,not acept,not furnished,175.74,1236.23,31.7,11.95,1455.62
Rio de Janeiro,109.7,3,2,2,21,acept,furnished,817.16,4166.81,80.33,54.57,5118.87
Belo Horizonte,102.1,2,3,1,0,not acept,furnished,571.55,3600.66,144.85,47.3,4364.36
Curitiba,18.0,3,2,2,3,acept,not furnished,133.56,821.33,14.97,9.55,979.41
Fortaleza,18.8,1,2,1,0,not acept,not furnished,102.72,1096.37,48.5,10.16,1257.75
Sao Paulo,156.9,1,1,1,22,not acept,not furnished,677.11,5497.69,236.76,77.17,6488.73
Rio de Janeiro,113.5,2,1,2,1,not acept,not furnished,889.76,4900.53,98.95,65.31,5954.55
Curitiba,107.7,1,1,2,19,not acept,not furnished,304.45,3265.26,76.06,23.85,3669.62
Porto Alegre,37.9,3,3,1,16,acept,not furnished,72.28,400.0,4.54,3.72,480.54
Curitiba,76.2,3,2,1,18,acept,not furnished,356.09,2393.46,52.56,15.34,2817.45
Sao Paulo,89.6,3,4,2,14,acept,not furnished,285.48,2243.19,37.09,11.79,2577.55
Sao Paulo,64.2,1,2,1,0,not acept,not furnished,319.14,1665.47,19.03,9.61,2013.25
Rio de Janeiro,107.1,2,3,0,6,not acept,furnished,413.11,4945.49,237.56,29.58,5625.74
Salvador,98.6,3,2,1,27,not acept,furnished,719.99,3765.4,179.55,31.93,4696.87
Sao Paulo,111.7,3,2,1,28,acept,not furnished,922.79,4977.01,174.1,70.99,6144.89
Sao Paulo,193.0,1,2,2,0,not acept,not furnished,1510.37,7611.91,217.3,82.78,9422.36
Recife,49.8,3,4,2,29,not acept,not furnished,316.95,2437.92,70.12,33.64,2858.63
Sao Paulo,92.5,3,3,1,20,acept,not furnished,363.34,2685.82,94.83,14.7,3158.69
Recife,44.3,1,1,1,28,acept,not furnished,401.69,2439.84,48.44,27.64,2917.61
Curitiba,117.8,2,1,1,11,not acept,furnished,364.24,3906.9,146.45,39.88,4457.47
Salvador,63.3,2,3,1,1,not acept,not furnished,119.77,1096.53,12.14,7.24,1235.68
Sao Paulo,21.2,4,5,1,7,acept,not furnished,156.68,1177.66,42.5,8.44,1385.28
Sao Paulo,116.1,2,1,1,20,acept,furnished,870.96,5242.81,161.19,34.2,6309.16
Porto Alegre,68.4,2,3,2,24,not acept,not furnished,310.45,2224.25,84.11,16.44,2635.25
Salvador,64.1,4,3,2,0,not acept,not furnished,178.5,1659.69,57.27,8.32,1903.78
Porto Alegre,56.2,2,2,0,13,not acept,furnished,247.36,2150.76,43.52,17.53,2459.17
Sao Paulo,183.3,3,4,0,0,acept,furnished,1227.78,7223.9,227.57,106.97,8786.22
Porto Alegre,53.2,1,2,1,26,acept,not furnished,471.48,2668.11,97.14,30.08,3266.81
Porto Alegre,52.3,5,4,1,13,not acept,not furnished,323.71,18673.136615667172,26.05,25.42,2821.25
Curitiba,27.7,4,3,1,28,not acept,furnished,131.08,1270.15,61.89,13.32,1476.44
Porto Alegre,51.0,3,2,1,0,not acept,furnished,214.61,1440.47,36.07,15.84,1706.99
Salvador,30.8,1,1,2,8,acept,furnished,376.44,2940.62,61.4,36.47,3414.93
Belo Horizonte,18.0,1,1,1,20,not acept,not furnished,212.22,1354.53,52.17,17.55,1636.47
Sao Paulo,93.9,3,2,1,7,acept,not furnished,531.1,2967.27,123.25,15.71,3637.33
Rio de Janeiro,69.2,2,3,1,25,not acept,not furnished,406.67,2836.57,75.77,19.47,3338.48
Sao Paulo,129.3,3,4,2,30,acept,not furnished,1155.76,6140.32,210.01,40.86,7546.95
Rio de Janeiro,133.6,3,4,1,7,not acept,not furnished,628.1,5055.31,103.97,44.46,5831.84
Rio de Janeiro,77.5,4,5,0,9,not acept,not furnished,424.49,3082.84,117.45,23.6,3648.38
Sao Paulo,163.3,2,2,1,29,acept,not furnished,976.58,6577.2,196.65,86.73,7837.16
Rio de Janeiro,102.5,3,3,3,9,not acept,not furnished,534.99,3217.6,50.13,29.31,3832.03
Sao Paulo,18.0,3,3,2,16,not acept,not furnished,129.13,900.2,38.58,12.07,1079.98
Salvador,30.5,3,2,1,23,not acept,furnished,360.16,2030.96,93.42,24.67,2509.21
Recife,24.8,4,5,0,12,acept,furnished,222.08,1357.48,32.31,12.76,1624.63
Sao Paulo,135.1,1,2,1,10,acept,not furnished,606.27,4969.25,123.5,72.44,5771.46
Recife,50.8,3,3,2,14,acept,not furnished,388.29,2476.47,101.25,31.95,2997.96
Belo Horizonte,66.3,4,3,2,23,not acept,not furnished,114.85,973.27,43.07,11.7,1142.89
Sao Paulo,48.5,2,2,1,8,acept,not furnished,434.17,2615.68,81.07,33.56,3164.48
Sao Paulo,40.5,2,3,2,9,acept,not furnished,105.24,664.3,29.62,6.11,805.27
Belo Horizonte,46.1,1,2,3,3,acept,furnished,225.94,2230.88,23.95,13.63,2494.4
Porto Alegre,73.5,3,3,1,21,not acept,not furnished,305.93,1864.68,30.94,16.99,2218.54
Curitiba,107.5,3,4,1,27,acept,not furnished,202.89,2120.47,94.47,21.53,2439.36
Sao Paulo,136.7,1,1,1,3,acept,not furnished,367.84,4040.77,149.03,24.51,4582.15
Sao Paulo,149.3,3,3,1,0,not acept,not furnished,824.88,5249.43,187.07,45.69,6307.07
Rio de Janeiro,72.9,4,4,1,10,not acept,not furnished,278.37,2319.54,84.02,33.11,2715.04
Sao Paulo,123.4,4,4,1,11,not acept,furnished,574.79,5789.09,83.55,36.61,6484.04
Sao Paulo,141.9,3,4,1,19,acept,not furnished,813.7,4099.41,182.7,46.17,5141.98
Sao Paulo,232.1,3,2,0,0,not acept,not furnished,1387.71,7525.91,104.68,101.19,9119.49
Salvador,78.8,4,5,3,25,acept,furnished,399.32,3944.85,71.72,48.61,4464.5
Fortaleza,86.5,2,2,0,16,not acept,not furnished,404.11,2091.32,82.7,14.53,2592.66
Rio de Janeiro,43.3,3,4,3,15,acept,furnished,334.01,2187.02,42.8,19.86,2583.69
Fortaleza,61.0,3,2,3,8,acept,not furnished,401.04,2816.53,118.74,29.9,3366.21
Rio de Janeiro,64.5,2,3,1,9,acept,not furnished,145.95,1188.3,46.41,7.53,1388.19
Rio de Janeiro,151.4,1,1,1,0,not acept,not furnished,592.25,4995.14,198.26,37.98,5823.63
Sao Paulo,97.5,1,1,0,22,acept,not furnished,343.37,3717.72,100.09,43.1,4204.28
Curitiba,105.4,2,3,0,17,not acept,not furnished,262.77,2581.95,83.56,34.45,2962.73
Recife,96.8,3,2,1,30,acept,not furnished,210.18,1871.77,52.2,26.98,2161.13
Belo Horizonte,36.5,4,5,1,9,acept,not furnished,217.48,1291.85,51.14,9.18,1569.65
Rio de Janeiro,53.7,2,1,2,19,not acept,not furnished,515.4,2640.41,39.21,27.58,3222.6
Curitiba,69.7,2,2,1,28,acept,furnished,322.31,2372.27,66.85,26.97,2788.4
Sao Paulo,178.9,3,3,2,21,acept,not furnished,590.7,4743.61,197.68,57.77,5589.76
Fortaleza,78.0,2,1,1,0,acept,not furnished,352.48,1925.13,36.22,22.21,2336.04
Belo Horizonte,95.3,1,2,0,18,not acept,not furnished,349.17,2159.48,59.34,27.69,2595.68
Rio de Janeiro,204.8,1,1,0,15,acept,not furnished,743.5,6797.67,147.11,61.28,7749.56
Belo Horizonte,23.5,2,3,1,14,not acept,not furnished,174.45,1206.61,33.66,12.28,1427.0
Curitiba,82.9,1,1,0,16,not acept,not furnished,480.28,2581.93,31.03,17.15,3110.39
Sao Paulo,153.7,2,3,1,13,acept,not furnished,805.09,60955.3668839289,146.7,26.72,6035.68
Curitiba,53.2,3,2,1,20,acept,not furnished,287.8,2306.98,60.6,15.39,2670.77
Sao Paulo,166.3,2,3,2,0,not acept,not furnished,594.14,4522.05,214.8,54.67,5385.66
Curitiba,105.5,1,1,1,3,acept,furnished,750.98,3998.15,80.6,31.16,4860.89
Salvador,66.1,4,3,2,9,acept,furnished,491.74,2980.83,60.7,37.26,3570.53
Salvador,25.6,3,2,1,12,not acept,not furnished,200.34,1418.8,22.73,7.52,1649.39
Belo Horizonte,48.3,1,1,2,2,not acept,furnished,357.29,2213.99,44.25,18.05,2633.58
Belo Horizonte,81.6,1,2,0,25,not acept,furnished,555.78,3425.43,163.51,18.91,4163.63
Sao Paulo,106.1,3,3,1,28,not acept,not furnished,348.74,2355.1,82.66,29.57,2816.07
Porto Alegre,49.3,3,2,1,22,not acept,not furnished,251.03,1616.33,17.17,14.68,1899.21
Sao Paulo,109.0,1,1,1,28,acept,not furnished,564.41,4612.38,52.48,31.4,5260.67
Rio de Janeiro,157.1,2,2,3,22,not acept,not furnished,616.29,5053.23,55.99,54.28,5779.79
Sao Paulo,175.1,4,4,0,12,not acept,not furnished,797.23,6605.09,132.91,96.94,7632.17
Sao Paulo,114.5,3,2,0,10,acept,not furnished,336.74,3978.43,48.94,21.87,4385.98
Curitiba,44.2,2,1,0,3,acept,not furnished,459.91,2563.89,32.52,28.42,3084.74
Sao Paulo,85.7,2,3,0,0,not acept,not furnished,395.54,3999.51,110.04,47.78,4552.87
Porto Alegre,23.3,1,1,0,4,not acept,not furnished,210.42,2304.58,23.75,30.98,2569.73
Rio de Janeiro,28.4,2,3,2,15,acept,not furnished,55.25,422.62,4.5,3.51,485.88
Sao Paulo,60.7,4,3,0,2,not acept,not furnished,387.22,2815.69,97.97,32.47,3333.35
Belo Horizonte,99.2,1,1,0,29,acept,not furnished,361.94,3243.76,122.96,18.91,3747.57
Sao Paulo,150.1,5,4,1,4,acept,not furnished,1045.95,5369.76,260.93,32.57,6709.21
Sao Paulo,234.3,2,1,1,25,acept,not furnished,862.29,8623.33,253.1,105.11,9843.83
Curitiba,114.3,2,2,0,24,not acept,furnished,717.05,4817.25,157.64,46.08,5738.02
Sao Paulo,33.1,1,2,3,2,acept,furnished,153.6,1002.1,33.77,10.06,1199.53
Salvador,37.1,3,3,1,21,not acept,furnished,364.55,2297.78,91.75,31.51,2785.59
Sao Paulo,60.6,3,2,1,25,not acept,not furnished,375.07,2140.01,56.95,13.84,2585.87
Sao Paulo,77.1,3,4,2,27,not acept,not furnished,814.17,4429.55,218.83,30.46,5493.01
Porto Alegre,72.8,3,2,2,29,acept,not furnished,332.94,2895.15,86.73,25.82,3340.64
Rio de Janeiro,53.2,2,2,0,28,not acept,furnished,278.54,1404.46,21.22,12.31,1716.53
Sao Paulo,131.7,3,2,0,8,not acept,furnished,532.89,4109.54,164.0,43.57,4850.0
Rio de Janeiro,110.2,1,1,2,6,acept,not furnished,671.48,3856.93,118.71,36.11,4683.23
Sao Paulo,110.4,3,3,2,10,acept,furnished,352.23,4148.12,149.33,32.88,4682.56
Salvador,25.5,1,1,1,13,acept,not furnished,252.45,1489.85,45.54,20.15,1807.99
Rio de Janeiro,114.7,2,1,1,5,acept,not furnished,739.25,4114.86,148.26,26.8,5029.17
Porto Alegre,79.7,3,3,1,0,not acept,not furnished,188.66,2028.53,57.04,10.34,2284.57
Fortaleza,43.7,1,2,2,19,acept,furnished,197.39,1691.0,43.34,10.9,1942.63
Rio de Janeiro,74.3,4,4,1,3,not acept,not furnished,307.65,2300.53,40.38,22.53,2671.09
Fortaleza,70.7,4,5,2,28,acept,not furnished,316.72,1844.88,42.93,20.04,2224.57
Rio de Janeiro,57.5,2,2,1,7,not acept,not furnished,334.68,2331.31,26.82,15.27,2708.08
Recife,69.9,1,1,1,4,not acept,not furnished,353.65,2270.34,67.74,24.38,2716.11
Sao Paulo,88.1,3,3,0,4,not acept,not furnished,269.46,2168.81,59.04,11.64,2508.95
Curitiba,32.9,4,5,3,7,not acept,not furnished,110.91,601.55,8.8,6.74,728.0
Rio de Janeiro,74.9,2,3,2,18,not acept,not furnished,161.44,1302.18,42.3,13.39,1519.31
Rio de Janeiro,48.3,4,5,2,30,not acept,furnished,131.42,959.83,43.86,8.81,1143.92
Curitiba,56.0,4,5,0,13,not acept,furnished,344.03,2585.7,78.73,36.77,3045.23
Curitiba,83.6,3,4,2,17,not acept,not furnished,433.14,2485.4,29.7,23.24,2971.48
Sao Paulo,45.7,3,3,2,25,acept,not furnished,387.76,2172.08,57.84,18.89,2636.57
Sao Paulo,107.8,2,1,2,8,acept,not furnished,937.72,4969.29,231.04,35.9,6173.95
Curitiba,109.8,3,2,2,3,acept,not furnished,184.6,1715.77,82.52,13.95,1996.84
Curitiba,61.0,2,2,1,12,not acept,furnished,296.75,1567.43,68.72,11.27,1944.17
Recife,46.7,2,1,2,8,not acept,not furnished,146.7,1278.12,34.82,8.63,1468.27
Porto Alegre,95.6,3,3,1,26,not acept,furnished,579.92,3128.55,78.76,28.66,3815.89
Recife,84.2,1,2,1,30,not acept,furnished,317.39,1735.76,37.28,9.69,2100.12
Curitiba,53.6,3,3,3,20,acept,furnished,256.68,1907.43,30.0,21.59,2215.7
Sao Paulo,98.7,4,3,0,19,acept,furnished,870.63,4952.06,227.94,48.09,6098.72
Sao Paulo,97.1,2,1,2,21,acept,not furnished,555.88,3285.43,122.08,22.95,3986.34
Porto Alegre,95.5,2,1,1,13,not acept,furnished,163.91,1919.3,82.28,9.72,2175.21
Curitiba,65.3,3,3,1,18,acept,furnished,147.05,1768.61,24.74,18.98,1959.38
Sao Paulo,152.3,2,2,1,0,not acept,furnished,527.52,5826.14,98.26,33.09,6485.01
Rio de Janeiro,39.0,4,4,1,14,not acept,not furnished,368.63,1902.19,21.66,28.19,2320.67
Recife,18.0,2,1,2,8,not acept,furnished,252.79,1526.98,42.53,15.05,1837.35
Belo Horizonte,18.0,3,3,0,0,not acept,not furnished,155.28,1196.88,32.79,12.44,1397.39
Rio de Janeiro,161.5,2,2,2,15,not acept,not furnished,555.79,5218.81,226.17,72.68,6073.45
Rio de Janeiro,136.9,1,1,1,9,acept,furnished,939.39,4848.83,54.19,70.2,5912.61
Sao Paulo,146.4,2,3,3,17,acept,furnished,513.12,4693.84,143.97,67.26,5418.19
Rio de Janeiro,67.4,1,2,1,14,acept,furnished,380.06,2616.64,103.72,24.66,3125.08
Rio de Janeiro,97.0,3,2,0,6,not acept,not furnished,471.73,4320.59,153.49,31.11,4976.92
Sao Paulo,268.4,3,2,2,15,acept,not furnished,1567.43,9373.86,455.38,130.41,11527.08
Porto Alegre,85.7,1,2,2,10,not acept,not furnished,213.55,2120.69,95.87,16.08,2446.19
Rio de Janeiro,131.4,1,1,0,28,not acept,not furnished,692.51,4572.43,77.33,37.48,5379.75
Salvador,24.1,3,2,3,10,acept,not furnished,299.74,1897.6,48.75,11.66,2257.75
Salvador,49.8,3,4,1,0,not acept,not furnished,270.55,1382.65,55.13,18.74,1727.07
Sao Paulo,155.8,3,3,2,23,not acept,not furnished,700.66,4599.01,123.5,64.93,5488.1
Curitiba,34.5,1,1,1,29,acept,not furnished,301.22,2179.5,58.66,28.62,2568.0
Rio de Janeiro,165.4,4,5,0,3,acept,furnished,713.33,5611.09,103.88,45.14,6473.44
Fortaleza,60.4,4,4,2,30,not acept,not furnished,206.6,2228.77,37.09,29.15,2501.61
Sao Paulo,230.9,2,2,2,18,not acept,not furnished,946.48,5679.89,206.09,35.31,6867.77
Curitiba,42.8,3,4,0,25,acept,not furnished,264.85,25520.69723305919,119.6,30.94,2830.54
Belo Horizonte,57.4,3,3,1,13,not acept,furnished,194.25,22914.719901883625,77.89,23.84,1949.0
Sao Paulo,29.4,4,5,2,18,acept,not furnished,74.2,911.35,40.7,6.73,1032.98
Sao Paulo,158.8,3,4,1,25,acept,not furnished,713.42,35018.965573369744,220.78,45.77,5464.58
Curitiba,120.4,5,5,2,30,acept,furnished,709.09,4145.21,71.46,46.04,4971.8
Porto Alegre,29.8,2,3,1,3,acept,furnished,43.76,479.21,13.08,4.55,540.6
Rio de Janeiro,126.8,2,3,2,27,not acept,not furnished,410.68,4258.27,66.4,32.91,4768.26
Curitiba,18.0,3,2,2,19,acept,not furnished,101.85,569.78,16.54,5.42,693.59
Rio de Janeiro,18.0,3,4,1,29,not acept,not furnished,243.8,1449.77,19.46,16.29,1729.32
Curitiba,49.7,3,3,2,8,not acept,furnished,234.27,2469.85,91.65,22.56,2818.33
Sao Paulo,240.2,4,5,2,5,acept,not furnished,1114.52,8525.55,237.24,102.31,9979.62
Fortaleza,40.2,3,3,1,9,acept,furnished,360.27,3068.43,137.77,17.37,3583.84
Sao Paulo,83.2,3,2,1,27,acept,furnished,346.1,46436.04328211589,66.82,35.28,3920.82
Rio de Janeiro,44.1,3,3,2,12,acept,furnished,276.34,2083.93,53.69,29.06,2443.02
Sao Paulo,92.7,3,4,1,29,not acept,not furnished,621.0,3407.69,34.26,50.85,4113.8
Sao Paulo,211.5,2,2,1,5,acept,not furnished,1270.44,7139.21,204.48,75.97,8690.1
Belo Horizonte,83.1,3,2,3,5,acept,not furnished,380.58,2531.56,33.75,25.61,2971.5
Sao Paulo,138.4,2,1,1,20,not acept,furnished,770.48,74331.00727064189,247.53,44.06,6297.68
Salvador,47.9,1,1,2,7,not acept,furnished,295.7,1864.95,89.63,13.48,2263.76
Sao Paulo,190.6,1,1,1,1,not acept,not furnished,1159.03,5882.25,189.2,43.79,7274.27
Rio de Janeiro,96.5,4,4,1,10,not acept,not furnished,507.67,2839.4,78.04,14.96,3440.07
Rio de Janeiro,83.8,1,1,1,6,not acept,furnished,371.74,33047.83133857526,102.18,52.07,4046.44
Sao Paulo,80.6,1,1,1,11,not acept,furnished,486.46,3576.43,85.38,24.79,4173.06
Sao Paulo,179.4,2,2,2,3,not acept,not furnished,1053.82,6214.39,170.76,64.89,7503.86
Rio de Janeiro,68.3,2,1,3,29,acept,furnished,667.0,3669.29,110.26,20.19,4466.74
Rio de Janeiro,73.3,2,1,2,24,not acept,not furnished,246.65,2736.13,132.69,16.63,3132.1
Rio de Janeiro,56.3,1,2,3,25,not acept,furnished,366.87,2247.06,58.45,29.13,2701.51
Belo Horizonte,50.6,1,2,2,7,not acept,not furnished,168.54,24962.06739377469,68.69,18.96,1969.93
Belo Horizonte,44.0,4,3,0,26,not acept,furnished,242.68,2617.37,102.84,16.33,2979.22
Sao Paulo,89.6,3,2,1,17,acept,furnished,644.75,3557.79,172.08,35.16,4409.78
Rio de Janeiro,147.3,1,1,1,0,acept,not furnished,867.86,4976.45,59.85,41.24,5945.4
Recife,42.9,3,4,0,2,not acept,not furnished,207.48,1223.41,16.49,12.05,1459.43
Belo Horizonte,122.2,3,2,2,12,acept,not furnished,301.5,3636.79,120.15,22.1,4080.54
Curitiba,95.9,3,4,2,10,not acept,furnished,387.09,3492.89,101.55,48.63,4030.16
Rio de Janeiro,174.7,3,4,1,24,not acept,not furnished,706.08,5359.93,186.17,57.0,6309.18
Porto Alegre,92.3,2,2,1,26,not acept,not furnished,460.63,2481.75,77.79,25.77,3045.94
Porto Alegre,18.0,3,3,1,26,acept,not furnished,154.29,1080.6,43.88,7.3,1286.07
Belo Horizonte,65.4,2,2,3,10,not acept,not furnished,313.43,2241.39,102.12,23.45,2680.39
Recife,53.9,2,3,2,18,not acept,not furnished,105.4,1308.38,41.0,19.41,1474.19
Sao Paulo,18.0,2,1,2,14,acept,not furnished,80.24,446.85,6.06,2.77,535.92
Sao Paulo,50.9,3,3,3,27,not acept,not furnished,439.68,2927.08,42.06,35.26,3444.08
Porto Alegre,66.3,3,4,1,27,not acept,not furnished,407.39,3270.52,61.96,29.0,3768.87
Salvador,57.0,2,1,2,0,not acept,not furnished,134.87,1358.74,60.37,17.34,1571.32
Sao Paulo,119.6,4,4,1,16,acept,not furnished,646.76,4962.88,164.71,50.54,5824.89
Sao Paulo,149.5,4,5,3,14,acept,not furnished,546.33,5028.48,126.02,70.57,5771.4
Sao Paulo,236.6,2,2,2,23,not acept,furnished,1157.33,8635.29,211.55,50.43,10054.6
Sao Paulo,84.2,2,2,2,4,acept,not furnished,414.07,3545.76,44.14,32.73,4036.7
Porto Alegre,22.6,3,4,1,20,not acept,not furnished,116.61,1367.39,28.89,11.28,1524.17
Belo Horizonte,95.6,1,1,1,22,acept,furnished,736.18,3697.67,90.23,51.23,4575.31
Rio de Janeiro,145.9,3,4,1,0,acept,not furnished,541.36,4047.87,54.36,21.82,4665.41
Rio de Janeiro,37.0,3,4,2,12,not acept,furnished,83.75,471.48,12.57,3.2,571.0
Sao Paulo,120.1,2,2,1,30,acept,not furnished,366.32,3899.71,99.66,37.66,4403.35
Sao Paulo,50.9,2,1,2,7,acept,furnished,392.21,2562.63,123.14,26.59,3104.57
Curitiba,127.4,1,1,1,27,not acept,not furnished,398.78,2788.85,80.72,27.49,3295.84
Recife,94.5,3,2,2,17,not acept,not furnished,470.99,2422.39,88.08,26.6,3008.06
Salvador,35.3,2,3,2,7,acept,not furnished,292.17,1656.0,74.8,23.67,2046.64
Sao Paulo,58.7,3,3,1,25,acept,furnished,356.28,2749.2,124.69,31.51,3261.68
Fortaleza,18.0,2,1,0,30,not acept,not furnished,70.13,400.0,13.9,3.87,487.9
Porto Alegre,40.0,2,2,1,22,not acept,not furnished,196.5,1523.7,46.97,16.86,1784.03
Porto Alegre,67.6,3,2,1,0,not acept,not furnished,361.78,2111.99,48.21,15.04,2537.02
Rio de Janeiro,79.2,3,2,1,0,acept,not furnished,365.35,3177.61,89.25,17.67,3649.88
Rio de Janeiro,18.0,3,3,2,14,not acept,furnished,54.07,433.39,5.62,5.16,498.24
Rio de Janeiro,59.1,2,2,1,0,not acept,not furnished,265.86,1741.32,28.86,21.91,2057.95
Sao Paulo,174.1,2,2,0,20,not acept,furnished,839.8,5795.5,144.68,83.86,6863.84
Sao Paulo,144.8,4,4,2,0,not acept,furnished,711.08,5578.98,60.96,81.43,6432.45
Sao Paulo,66.8,3,2,1,30,acept,not furnished,550.69,2860.48,110.54,39.38,3561.09
Rio de Janeiro,46.7,3,3,1,27,not acept,furnished,163.75,1165.59,39.1,16.49,1384.93
Porto Alegre,28.0,1,2,2,24,not acept,furnished,330.25,1982.9,87.67,24.98,2425.8
Rio de Janeiro,38.7,2,1,2,24,acept,not furnished,254.9,1960.26,32.73,27.35,2275.24
Sao Paulo,132.1,3,4,2,25,not acept,not furnished,646.73,3877.44,183.34,19.46,4726.97
Recife,18.0,4,3,1,12,not acept,furnished,302.68,1728.76,79.65,9.15,2120.24
Recife,41.6,4,3,1,24,not acept,not furnished,227.77,1563.79,49.26,19.82,1860.64
Porto Alegre,39.1,4,5,2,9,not acept,not furnished,151.8,1808.82,44.63,24.13,2029.38
Recife,54.4,1,1,0,25,not acept,not furnished,260.85,1856.56,82.88,14.63,2214.92
Belo Horizonte,67.6,4,5,1,18,acept,not furnished,390.32,2077.65,98.98,11.44,2578.39
Recife,30.0,4,3,2,9,acept,not furnished,125.23,1390.52,22.9,7.22,1545.87
Sao Paulo,190.7,1,1,1,22,not acept,furnished,1090.18,7262.78,240.6,41.8,8635.36
Rio de Janeiro,151.4,2,1,2,5,acept,not furnished,373.46,4440.42,133.76,43.08,4990.72
Sao Paulo,154.2,3,4,1,29,not acept,not furnished,657.27,4746.7,149.3,69.18,5622.45
Sao Paulo,31.4,2,2,1,19,acept,not furnished,156.05,957.18,12.22,5.17,1130.62
Sao Paulo,132.7,3,3,1,11,acept,furnished,507.42,4038.01,102.05,37.09,4684.57
Curitiba,79.6,4,4,2,16,acept,furnished,360.56,3849.11,61.43,40.03,4311.13
Porto Alegre,69.6,4,4,1,22,acept,furnished,479.33,2474.75,111.09,27.98,3093.15
Belo Horizonte,51.3,4,3,3,24,not acept,not furnished,481.64,2508.9,70.65,22.72,3083.91
Sao Paulo,122.5,3,4,1,30,acept,furnished,832.89,4747.8,206.52,62.34,5849.55
Salvador,43.0,2,2,0,4,not acept,not furnished,211.09,2011.84,37.62,13.36,2273.91
Curitiba,72.5,3,4,2,14,not acept,furnished,312.43,1808.62,80.63,9.32,2211.0
Rio de Janeiro,26.8,2,3,2,0,acept,not furnished,195.03,1622.68,25.28,20.17,1863.16
Curitiba,48.8,1,1,1,0,not acept,not furnished,344.21,2248.42,36.35,32.47,2661.45
Sao Paulo,65.2,3,4,0,1,not acept,furnished,315.07,2357.02,116.69,31.75,2820.53
Rio de Janeiro,18.0,2,3,1,6,not acept,furnished,114.81,1043.22,11.63,13.03,1182.69
Fortaleza,96.0,1,2,1,20,not acept,not furnished,481.1,3037.87,34.21,18.37,3571.55
Sao Paulo,78.5,1,2,1,26,acept,furnished,440.03,2646.21,37.6,34.26,3158.1
Rio de Janeiro,135.6,4,3,1,12,not acept,furnished,677.25,4722.82,82.94,47.69,5530.7
Fortaleza,62.7,2,1,0,16,not acept,furnished,184.38,1854.11,23.62,14.76,2076.87
Curitiba,18.0,2,1,0,4,not acept,not furnished,55.74,400.0,19.21,5.91,480.86
Sao Paulo,123.6,5,6,1,24,acept,not furnished,705.48,4094.97,90.35,55.83,4946.63
Sao Paulo,66.9,3,2,2,27,acept,furnished,479.38,,128.34,24.04,3271.78
Sao Paulo,70.9,1,1,1,13,not acept,furnished,277.08,3328.97,150.0,23.45,3779.5
Curitiba,113.2,3,4,1,3,not acept,not furnished,340.43,3324.77,135.05,46.48,3846.73
Rio de Janeiro,27.6,1,1,1,0,acept,furnished,404.12,2109.1,23.37,19.29,2555.88
Sao Paulo,86.9,1,1,2,15,not acept,furnished,603.73,3473.61,135.8,49.63,4262.77
Recife,55.9,4,5,3,14,acept,furnished,232.95,1401.44,35.17,11.34,1680.9
Belo Horizonte,77.1,2,3,2,28,not acept,furnished,266.98,2765.09,124.46,25.29,3181.82
Sao Paulo,66.8,3,4,2,0,not acept,not furnished,122.41,1520.23,48.79,21.38,1712.81
Belo Horizonte,28.1,3,3,1,2,acept,furnished,66.42,440.85,8.51,2.47,518.25
Curitiba,83.8,2,1,2,4,acept,furnished,653.21,3551.5,121.67,52.46,4378.84
Sao Paulo,172.8,3,3,3,15,acept,not furnished,539.38,6091.24,190.23,33.16,6854.01
Sao Paulo,118.6,1,1,1,7,not acept,furnished,401.38,4544.31,171.27,50.11,5167.07
Salvador,146.6,2,3,0,4,not acept,not furnished,837.26,4189.93,84.41,40.9,5152.5
Rio de Janeiro,103.2,3,2,2,14,not acept,not furnished,460.74,4251.7,210.85,45.9,4969.19
Belo Horizonte,47.4,2,3,2,0,not acept,not furnished,356.31,2229.23,81.99,19.42,2686.95
Rio de Janeiro,129.5,3,2,3,30,acept,not furnished,651.4,4433.17,112.74,55.16,5252.47
Sao Paulo,52.4,1,1,1,26,acept,furnished,268.58,2070.09,69.5,26.34,2434.51
Sao Paulo,67.9,3,2,3,6,acept,furnished,466.36,2644.52,69.58,32.03,3212.49
Rio de Janeiro,55.2,3,4,1,8,not acept,not furnished,207.47,1911.38,85.33,10.21,2214.39
Sao Paulo,146.1,2,2,3,5,not acept,not furnished,585.05,5150.85,245.33,26.04,6007.27
Sao Paulo,92.5,4,4,2,28,acept,not furnished,346.69,3096.4,143.52,36.34,3622.95
Salvador,44.2,3,2,2,19,acept,furnished,384.26,2638.07,71.56,16.28,3110.17
Recife,80.3,5,4,1,15,not acept,not furnished,299.62,1887.67,35.3,10.44,2233.03
Porto Alegre,72.2,2,2,1,14,not acept,furnished,243.42,2671.52,91.45,14.77,3021.16
Salvador,74.2,4,3,1,3,not acept,furnished,252.33,2585.3,84.03,13.33,2934.99
Sao Paulo,106.8,3,4,1,29,acept,not furnished,485.67,5156.48,64.77,61.64,5768.56
Recife,36.7,3,4,3,28,acept,furnished,110.61,699.33,30.79,10.35,851.08
Sao Paulo,39.2,4,3,1,29,acept,not furnished,169.08,1090.5,12.55,11.55,1283.68
Recife,21.4,3,3,0,7,not acept,furnished,281.88,1569.36,17.93,18.11,1887.28
Recife,59.8,4,3,1,13,not acept,not furnished,223.24,1951.75,76.87,23.53,2275.39
Curitiba,113.5,3,3,1,14,acept,not furnished,740.55,4410.34,210.55,25.75,5387.19
Recife,85.2,3,3,0,13,acept,not furnished,312.61,2736.88,103.8,31.6,3184.89
Belo Horizonte,59.0,2,3,1,0,acept,furnished,307.19,1804.87,74.55,24.46,2211.07
Sao Paulo,138.4,1,1,0,25,acept,not furnished,737.0,4818.33,224.97,64.06,5844.36
Rio de Janeiro,90.9,3,3,1,22,not acept,not furnished,466.75,3599.44,82.86,28.68,4177.73
Belo Horizonte,54.0,5,5,1,13,not acept,not furnished,211.94,1356.79,46.95,6.97,1622.65
Sao Paulo,95.5,3,3,0,6,not acept,not furnished,616.33,3396.91,82.73,39.54,4135.51
Curitiba,79.0,3,3,2,18,acept,furnished,310.02,2907.45,120.65,35.2,3373.32
Recife,44.9,3,4,0,2,not acept,not furnished,103.18,670.88,28.08,9.64,811.78
Sao Paulo,110.8,2,3,2,30,not acept,furnished,874.26,4388.86,129.23,25.69,5418.04
Porto Alegre,72.3,2,3,1,1,acept,not furnished,415.72,2366.22,96.37,34.55,2912.86
Fortaleza,71.8,2,3,2,0,not acept,furnished,304.92,2630.39,67.26,13.67,3016.24
Recife,90.4,1,2,0,18,acept,furnished,427.81,2456.59,91.43,23.16,2998.99
Recife,63.5,3,2,2,13,acept,not furnished,325.63,,52.58,21.16,2735.58
Belo Horizonte,64.5,4,3,1,21,acept,not furnished,189.22,1089.39,16.36,5.58,1300.55
Recife,34.2,2,3,0,1,not acept,not furnished,140.24,1528.84,65.8,19.15,1754.03
Porto Alegre,21.7,1,1,2,9,acept,not furnished,95.66,523.78,5.93,2.71,628.08
Sao Paulo,85.9,2,2,2,14,acept,not furnished,810.88,4068.0,118.69,53.38,5050.95
Rio de Janeiro,100.9,2,1,1,12,not acept,not furnished,516.08,3879.91,187.21,31.72,4614.92
Curitiba,131.2,3,2,1,17,acept,not furnished,706.14,4990.32,50.11,34.48,5781.05
Sao Paulo,68.7,2,1,1,1,acept,furnished,332.91,3249.5,154.06,32.4,3768.87
Curitiba,94.8,2,3,0,14,acept,furnished,695.67,4293.53,58.25,22.58,5070.03
Curitiba,59.1,4,4,2,16,acept,furnished,174.3,1951.77,64.3,12.96,2203.33
Sao Paulo,50.1,2,2,3,27,acept,not furnished,194.67,1315.36,36.29,18.84,1565.16
Belo Horizonte,117.1,3,2,1,16,not acept,not furnished,482.22,3703.26,66.24,52.29,4304.01
Porto Alegre,90.0,3,2,0,15,not acept,not furnished,264.38,2542.21,97.64,18.3,2922.53
Rio de Janeiro,188.9,2,1,1,24,acept,not furnished,1031.83,5764.56,125.39,36.69,6958.47
Sao Paulo,149.3,4,3,2,0,not acept,furnished,893.7,5252.92,209.3,53.22,6409.14
Sao Paulo,78.5,3,4,1,19,acept,furnished,296.02,2552.73,65.76,30.08,2944.59
Rio de Janeiro,41.0,1,1,1,24,acept,not furnished,213.75,1691.67,19.79,12.95,1938.16
Fortaleza,19.5,1,2,1,0,not acept,furnished,55.04,498.97,13.59,3.6,571.2
Sao Paulo,97.7,3,3,1,24,not acept,furnished,301.8,2869.47,103.58,42.75,3317.6
Curitiba,99.3,2,3,0,23,not acept,not furnished,286.68,2690.19,40.03,26.56,3043.46
Sao Paulo,73.6,2,2,2,0,not acept,not furnished,177.66,1849.53,79.49,25.62,2132.3
Rio de Janeiro,197.0,1,2,2,5,acept,furnished,815.74,6759.9,230.58,59.55,7865.77
Salvador,71.8,2,2,2,2,acept,not furnished,390.62,2392.76,110.52,13.43,2907.33
Porto Alegre,59.6,3,4,2,14,not acept,furnished,201.13,1802.69,84.3,13.94,2102.06
Sao Paulo,22.8,4,4,1,28,acept,not furnished,178.98,1089.05,52.96,12.53,1333.52
Rio de Janeiro,18.0,3,2,1,17,acept,not furnished,93.38,543.41,14.8,5.67,657.26
Sao Paulo,151.7,2,2,1,17,not acept,not furnished,597.58,4955.68,115.84,42.54,5711.64
Rio de Janeiro,97.0,4,4,1,1,acept,not furnished,284.79,16643.654915692026,144.04,33.24,3738.44
Curitiba,18.0,3,4,0,19,acept,not furnished,68.8,414.14,15.16,6.2,504.3
Sao Paulo,60.3,3,2,1,27,acept,furnished,307.1,27487.213184195763,77.63,38.01,3599.69
Sao Paulo,122.2,1,2,1,11,not acept,furnished,582.79,5163.15,236.46,59.63,6042.03
Rio de Janeiro,23.8,3,3,1,20,not acept,not furnished,346.22,2292.98,46.52,24.2,2709.92
Fortaleza,18.1,4,4,3,7,acept,furnished,324.53,1704.95,79.11,11.66,2120.25
Recife,31.2,2,2,1,6,not acept,not furnished,299.79,1757.03,73.93,19.64,2150.39
Sao Paulo,111.1,3,3,1,3,acept,furnished,500.89,4459.98,118.14,48.09,5127.1
Porto Alegre,107.7,3,4,0,5,not acept,not furnished,607.38,3421.24,83.18,44.03,4155.83
Rio de Janeiro,18.0,2,1,0,9,acept,furnished,60.43,467.84,21.2,3.87,553.34
Rio de Janeiro,75.2,3,3,3,16,acept,not furnished,319.41,3282.81,96.54,29.58,3728.34
Porto Alegre,38.4,1,2,1,23,not acept,furnished,56.79,484.88,19.73,7.24,568.64
Fortaleza,70.5,3,4,0,7,not acept,furnished,409.1,30363.0451356032,82.0,19.4,2800.88
Recife,44.6,5,6,0,3,not acept,not furnished,157.23,1262.73,21.58,13.26,1454.8
Belo Horizonte,46.0,5,6,1,12,acept,furnished,222.49,1771.49,81.61,14.52,2090.11
Rio de Janeiro,82.3,4,5,1,23,acept,not furnished,358.68,1819.13,63.23,20.86,2261.9
Porto Alegre,43.7,3,3,0,10,acept,furnished,109.54,771.7,17.78,9.82,908.84
Sao Paulo,100.8,3,3,0,28,not acept,furnished,610.12,4369.95,106.85,51.8,5138.72
Belo Horizonte,79.0,3,2,3,5,acept,furnished,429.47,2562.65,49.85,27.18,3069.15
Rio de Janeiro,156.3,1,1,1,22,not acept,not furnished,1025.89,5250.12,176.03,42.61,6494.65
Curitiba,41.4,1,1,0,13,not acept,furnished,341.73,1719.67,30.07,18.65,2110.12
Sao Paulo,229.0,3,2,1,1,not acept,furnished,1457.31,8393.25,205.11,106.87,10162.54
Sao Paulo,171.2,1,2,1,7,acept,not furnished,1003.33,5435.77,258.65,35.6,6733.35
Fortaleza,82.9,4,5,3,26,not acept,furnished,455.12,2409.59,28.33,22.72,2915.76
Sao Paulo,58.0,3,4,1,0,not acept,not furnished,504.48,2978.07,115.67,40.96,3639.18
Belo Horizonte,45.4,2,3,0,22,acept,not furnished,319.41,2162.1,33.25,21.65,2536.41
Sao Paulo,39.9,2,3,1,24,not acept,not furnished,209.13,1900.96,46.54,26.6,2183.23
Sao Paulo,239.1,4,5,0,1,acept,not furnished,1385.39,8273.57,272.57,48.28,9979.81
Sao Paulo,102.7,4,5,1,29,not acept,not furnished,624.18,4451.43,219.56,34.23,5329.4
Sao Paulo,18.0,1,2,2,26,not acept,furnished,97.67,513.88,11.72,5.17,628.44
Salvador,88.9,3,2,1,3,acept,not furnished,230.77,2878.65,50.81,19.89,3180.12
Sao Paulo,154.1,3,3,1,5,not acept,furnished,1085.27,5699.14,199.66,61.24,7045.31
Recife,64.2,3,2,0,24,acept,not furnished,247.19,1274.23,36.98,12.5,1570.9
Belo Horizonte,71.9,3,4,1,15,not acept,not furnished,162.74,1530.47,31.26,21.98,1746.45
Rio de Janeiro,74.6,2,3,0,28,acept,not furnished,716.61,3863.45,151.75,44.67,4776.48
Belo Horizonte,18.0,3,4,1,30,not acept,furnished,239.67,1589.12,65.27,8.17,1902.23
Belo Horizonte,89.4,2,2,2,9,not acept,furnished,433.84,3765.8,148.04,50.58,4398.26
Porto Alegre,18.9,1,2,0,0,not acept,not furnished,64.42,400.0,17.34,4.59,486.35
Sao Paulo,51.3,1,2,2,21,acept,furnished,526.13,2994.43,111.33,21.05,3652.94
Rio de Janeiro,165.5,1,1,1,28,not acept,not furnished,746.53,,213.48,42.71,6719.67
Fortaleza,31.9,3,2,0,3,acept,furnished,240.13,1553.78,43.13,18.45,1855.49
Recife,18.0,1,2,0,30,acept,not furnished,63.6,610.44,20.25,6.57,700.86
Fortaleza,61.9,3,3,2,4,acept,not furnished,209.73,2499.44,93.18,23.47,2825.82
Rio de Janeiro,51.5,3,3,2,0,not acept,furnished,723.93,3765.36,116.0,30.72,4636.01
Porto Alegre,37.3,4,3,2,14,not acept,not furnished,86.65,879.62,33.0,11.67,1010.94
Rio de Janeiro,142.7,3,2,2,24,acept,not furnished,533.54,23179.270267260505,170.75,48.73,4519.59
Rio de Janeiro,144.4,5,5,1,9,not acept,furnished,501.35,5556.75,150.67,75.84,6284.61
Sao Paulo,126.6,1,1,0,8,not acept,furnished,913.26,4998.85,138.22,65.23,6115.56
Belo Horizonte,135.8,3,4,1,4,not acept,furnished,772.77,4477.81,183.95,64.63,5499.16
Sao Paulo,121.3,1,2,1,30,not acept,not furnished,423.72,4105.43,92.93,25.08,4647.16
Rio de Janeiro,164.9,3,4,2,9,not acept,furnished,1037.42,5839.57,76.4,59.18,7012.57
Salvador,41.0,2,3,1,19,not acept,not furnished,359.11,2968.97,75.11,24.14,3427.33
Sao Paulo,122.0,3,2,0,2,acept,not furnished,836.69,4630.21,141.47,41.06,5649.43
Sao Paulo,229.8,2,3,2,12,not acept,not furnished,766.34,6961.48,147.28,98.96,7974.06
Sao Paulo,141.0,2,3,2,24,acept,not furnished,527.11,3859.1,142.63,49.68,4578.52
Recife,86.7,3,4,3,30,not acept,furnished,353.82,3176.57,100.07,16.91,3647.37
Belo Horizonte,122.9,4,5,1,3,acept,not furnished,693.65,4324.74,95.1,41.08,5154.57
Rio de Janeiro,99.6,2,2,0,0,acept,furnished,271.75,3140.53,52.93,23.39,3488.6
Salvador,45.6,4,5,1,30,not acept,not furnished,229.41,1534.66,60.32,16.61,1841.0
Salvador,82.0,1,1,1,16,acept,furnished,516.21,3063.68,30.77,25.11,3635.77
Rio de Janeiro,26.1,3,4,0,9,acept,furnished,81.24,785.3,19.36,7.72,893.62
Curitiba,63.1,5,5,1,29,not acept,not furnished,173.9,1603.71,36.17,14.01,1827.79
Porto Alegre,103.5,1,2,1,10,not acept,not furnished,433.03,2591.76,38.56,13.9,3077.25
Curitiba,113.4,2,1,0,5,acept,furnished,487.15,3750.69,181.83,29.81,4449.48
Sao Paulo,90.2,2,1,1,24,not acept,not furnished,401.67,2595.63,60.08,30.69,3088.07
Fortaleza,71.3,2,2,1,8,acept,not furnished,390.7,2977.92,131.1,39.66,3539.38
Belo Horizonte,95.3,3,2,1,8,not acept,furnished,511.56,3927.32,111.53,51.07,4601.48
Sao Paulo,70.7,3,2,0,12,not acept,not furnished,263.06,2266.45,75.42,17.01,2621.94
Rio de Janeiro,140.3,5,4,1,20,not acept,not furnished,641.96,4273.87,144.27,56.12,5116.22
Sao Paulo,67.8,2,2,2,25,acept,furnished,385.91,2540.24,82.23,33.69,3042.07
Sao Paulo,43.5,3,3,2,5,not acept,not furnished,436.89,2566.0,122.06,26.31,3151.26
Porto Alegre,19.6,2,2,2,9,acept,furnished,192.32,1371.75,45.67,11.33,1621.07
Sao Paulo,158.4,4,4,2,14,not acept,furnished,762.48,5171.82,256.9,68.18,6259.38
Rio de Janeiro,35.3,1,1,2,0,acept,furnished,195.98,1078.56,25.8,6.52,1306.86
Belo Horizonte,42.3,5,5,2,20,not acept,furnished,110.25,1299.39,45.22,18.92,1473.78
Sao Paulo,55.5,3,3,0,16,acept,furnished,405.56,2849.27,136.21,23.79,3414.83
Recife,53.3,3,3,1,2,acept,furnished,229.19,2408.69,88.93,15.21,2742.02
Sao Paulo,47.9,2,2,3,2,acept,not furnished,524.3,3231.26,64.86,40.18,3860.6
Rio de Janeiro,148.4,4,5,0,27,acept,furnished,972.1,5189.48,225.71,48.87,6436.16
Rio de Janeiro,61.1,3,3,2,20,acept,not furnished,420.14,3208.19,99.44,32.87,3760.64
Sao Paulo,157.4,3,4,2,10,not acept,not furnished,934.17,5976.86,233.68,32.29,7177.0
Sao Paulo,131.5,3,3,3,8,not acept,furnished,459.24,3693.61,40.81,30.09,4223.75
Porto Alegre,54.9,2,2,2,8,not acept,not furnished,239.32,1401.91,36.39,10.11,1687.73
Recife,67.9,1,1,2,19,not acept,furnished,364.63,2419.26,86.11,22.12,2892.12
Sao Paulo,130.6,4,5,2,3,acept,not furnished,658.42,4307.6,159.62,24.85,5150.49
Curitiba,72.4,2,3,1,30,acept,not furnished,259.27,2571.94,81.02,19.01,2931.24
Porto Alegre,67.6,4,4,1,20,not acept,not furnished,265.46,3284.59,38.18,22.24,3610.47
Salvador,89.8,3,3,3,1,not acept,not furnished,397.98,2566.09,107.83,20.37,3092.27
Rio de Janeiro,143.7,2,3,3,2,acept,furnished,427.48,4573.42,161.15,44.87,5206.92
Rio de Janeiro,50.1,3,3,1,19,not acept,not furnished,293.92,3061.1,42.35,44.67,3442.04
Rio de Janeiro,68.5,3,3,1,10,not acept,furnished,353.07,3543.39,157.98,35.17,4089.61
Curitiba,20.0,3,4,1,19,acept,not furnished,200.71,1568.14,54.8,22.79,1846.44
Salvador,29.3,4,5,1,21,not acept,not furnished,157.71,1441.99,63.29,13.2,1676.19
Sao Paulo,25.4,2,3,2,15,not acept,furnished,90.56,465.79,20.2,2.63,579.18
Rio de Janeiro,198.7,4,4,1,6,acept,not furnished,1052.86,6530.48,246.09,46.38,7875.81
Fortaleza,40.6,2,3,2,16,not acept,not furnished,150.61,1457.95,31.29,12.94,1652.79
Salvador,44.2,4,4,2,11,acept,not furnished,261.92,1484.26,60.69,21.93,1828.8
Recife,31.0,2,1,3,27,acept,furnished,230.58,2029.08,46.96,26.58,2333.2
Porto Alegre,68.3,1,1,2,22,acept,furnished,723.17,4109.43,97.19,23.43,4953.22
Rio de Janeiro,120.2,3,3,1,18,not acept,furnished,627.14,,168.8,31.0,5428.63
Belo Horizonte,115.7,2,2,2,0,acept,not furnished,524.35,3810.75,176.14,41.37,4552.61
Curitiba,50.5,5,6,1,30,not acept,not furnished,244.24,1940.09,54.04,28.38,2266.75
Sao Paulo,87.8,1,1,3,16,not acept,furnished,469.27,4280.74,139.0,38.94,4927.95
Belo Horizonte,18.0,1,1,0,6,not acept,not furnished,229.02,1409.82,26.81,18.78,1684.43
Curitiba,41.2,1,2,1,17,acept,not furnished,193.34,1377.02,50.68,11.38,1632.42
Sao Paulo,84.4,2,2,0,24,acept,furnished,410.86,5068.31,113.12,35.21,5627.5
Porto Alegre,65.1,3,2,1,15,not acept,not furnished,223.35,1883.37,85.68,15.42,2207.82
Belo Horizonte,43.1,3,3,1,23,acept,not furnished,335.88,1953.38,19.68,21.89,2330.83
Recife,29.3,2,3,0,11,acept,furnished,174.02,1507.26,43.92,16.45,1741.65
Sao Paulo,79.3,1,1,3,17,not acept,furnished,515.19,3175.8,137.39,30.07,3858.45
Sao Paulo,212.4,2,2,2,11,acept,furnished,1012.38,9701.46,211.05,115.29,11040.18
Belo Horizonte,50.8,2,2,2,15,not acept,furnished,379.29,2220.63,65.29,16.38,2681.59
Sao Paulo,95.2,3,2,3,3,not acept,not furnished,336.56,2562.76,36.47,14.88,2950.67
Curitiba,18.0,3,4,2,17,not acept,furnished,39.56,488.61,7.15,5.45,540.77
Porto Alegre,71.1,3,2,1,30,not acept,furnished,519.83,3290.95,116.8,21.05,3948.63
Sao Paulo,75.2,5,4,2,23,not acept,not furnished,346.41,2322.49,98.3,23.5,2790.7
Belo Horizonte,87.5,4,5,1,8,not acept,not furnished,432.7,2915.71,36.21,24.5,3409.12
Belo Horizonte,48.5,3,4,1,26,not acept,not furnished,267.82,1378.9,25.55,7.34,1679.61
Rio de Janeiro,89.1,2,1,1,27,acept,not furnished,324.27,2596.93,70.71,24.99,3016.9
Fortaleza,23.3,4,3,1,3,not acept,not furnished,496.16,2638.28,127.52,36.32,3298.28
Salvador,19.1,3,3,1,0,acept,not furnished,151.18,,26.05,26.02,2086.55
Curitiba,126.1,2,3,1,16,not acept,not furnished,927.13,4741.79,192.25,58.17,5919.34
Curitiba,86.3,3,2,1,13,acept,not furnished,445.43,3046.37,104.98,29.83,3626.61
Rio de Janeiro,38.6,5,5,1,21,not acept,not furnished,281.66,1995.37,53.5,16.88,2347.41
Fortaleza,96.5,4,3,2,7,acept,furnished,588.94,3150.04,68.44,16.72,3824.14
Curitiba,122.4,2,1,2,10,acept,furnished,773.18,4945.53,123.61,60.42,5902.74
Porto Alegre,58.8,5,6,1,6,not acept,not furnished,320.07,2244.73,60.42,31.68,2656.9
Salvador,24.4,5,4,3,7,not acept,not furnished,199.86,1584.69,71.34,17.19,1873.08
Sao Paulo,97.1,2,3,1,0,not acept,not furnished,628.65,44324.51171809937,195.34,59.21,4834.42
Salvador,64.3,4,3,1,14,acept,furnished,195.52,2263.55,109.25,26.06,2594.38
Sao Paulo,156.9,4,4,1,13,not acept,furnished,543.46,4952.3,78.5,32.72,5606.98
Rio de Janeiro,104.9,1,2,0,9,not acept,not furnished,289.51,3143.42,35.08,31.57,3499.58
Rio de Janeiro,205.5,3,4,1,15,acept,not furnished,883.02,6277.26,116.2,66.81,7343.29
Recife,66.2,2,2,0,10,not acept,furnished,251.23,2743.57,60.76,35.03,3090.59
Salvador,30.0,3,4,0,12,not acept,not furnished,349.8,1972.23,55.97,22.98,2400.98
Curitiba,85.5,4,4,2,0,acept,not furnished,321.76,2798.91,85.36,15.43,3221.46
Porto Alegre,78.3,3,4,1,0,acept,furnished,383.6,2479.75,61.57,17.61,2942.53
Belo Horizonte,61.6,2,3,0,2,acept,not furnished,121.62,1013.0,47.57,5.65,1187.84
Recife,65.7,4,5,2,3,acept,furnished,428.79,2615.66,102.0,24.77,3171.22
Rio de Janeiro,94.7,5,6,2,12,acept,not furnished,364.5,2976.91,112.45,27.07,3480.93
Rio de Janeiro,158.6,1,1,1,26,acept,furnished,843.6,6720.9,222.38,65.95,7852.83
Sao Paulo,116.3,4,3,2,11,not acept,not furnished,558.59,4059.26,131.21,60.87,4809.93
Porto Alegre,93.0,1,1,2,18,acept,not furnished,417.65,3514.72,95.81,18.43,4046.61
Porto Alegre,85.7,2,3,1,0,not acept,furnished,246.86,2457.24,67.76,35.99,2807.85
Rio de Janeiro,120.5,3,2,2,26,not acept,not furnished,452.99,3420.52,162.72,48.06,4084.29
Sao Paulo,57.6,3,4,1,1,not acept,furnished,416.91,2611.77,87.54,21.28,3137.5
Salvador,69.7,3,4,1,7,acept,furnished,396.31,3326.5,88.47,46.84,3858.12
Sao Paulo,105.9,1,1,3,24,acept,furnished,750.86,4238.43,125.41,39.78,5154.48
Curitiba,29.2,1,1,2,6,not acept,not furnished,233.97,1310.85,61.84,16.86,1623.52
Recife,51.8,4,4,1,6,not acept,furnished,221.99,2113.5,50.35,10.62,2396.46
Rio de Janeiro,177.1,1,2,3,17,acept,not furnished,575.5,5120.53,255.52,71.87,6023.42
Sao Paulo,66.8,1,1,2,27,not acept,not furnished,181.35,2259.05,57.62,25.41,2523.43
Curitiba,115.3,4,4,0,4,acept,not furnished,363.83,2974.25,123.99,19.13,3481.2
Salvador,72.6,3,4,2,18,not acept,furnished,484.7,2557.28,32.53,36.19,3110.7
Belo Horizonte,90.6,2,3,3,17,not acept,not furnished,469.46,14212.634075675589,71.17,14.64,3255.16
Recife,33.3,2,1,1,19,not acept,not furnished,201.51,1032.05,16.37,5.42,1255.35
Sao Paulo,179.5,4,5,1,29,not acept,not furnished,679.33,6426.49,139.28,92.27,7337.37
Belo Horizonte,58.5,5,4,1,3,not acept,not furnished,329.54,2216.5,58.08,23.31,2627.43
Curitiba,18.0,1,2,0,19,acept,furnished,55.02,444.54,14.4,2.67,516.63
Salvador,47.6,3,3,2,3,not acept,not furnished,311.86,2026.34,31.56,12.36,2382.12
Sao Paulo,31.6,2,3,1,8,acept,not furnished,291.46,1721.65,47.76,21.33,2082.2
Salvador,107.3,4,3,1,10,not acept,not furnished,216.89,2373.14,112.14,25.78,2727.95
Belo Horizonte,68.7,2,3,2,25,not acept,not furnished,302.78,3344.19,101.34,34.96,3783.27
Rio de Janeiro,114.8,3,4,2,0,acept,not furnished,417.07,4481.94,56.96,52.34,5008.31
Sao Paulo,69.4,3,3,0,22,acept,furnished,347.22,3053.9,54.54,36.54,3492.2
Salvador,85.7,3,4,2,28,not acept,not furnished,394.55,2329.55,97.98,18.31,2840.39
Sao Paulo,101.9,4,4,1,0,not acept,furnished,631.06,4029.0,89.55,60.29,4809.9
Rio de Janeiro,122.7,3,2,3,24,not acept,not furnished,452.13,3896.4,171.29,21.97,4541.79
Sao Paulo,143.4,4,5,1,1,acept,furnished,1178.67,6450.48,142.15,82.69,7853.99
Fortaleza,24.8,2,1,1,29,not acept,not furnished,270.24,1614.02,52.23,12.29,1948.78
Curitiba,59.7,2,3,1,24,acept,not furnished,442.48,2249.06,75.21,31.2,2797.95
Porto Alegre,40.0,3,3,1,20,not acept,furnished,393.25,2423.32,87.59,15.09,2919.25
Sao Paulo,18.0,3,4,1,16,not acept,furnished,212.25,1278.11,50.72,19.04,1560.12
Curitiba,53.3,3,3,2,28,acept,furnished,445.68,2492.55,124.22,24.23,3086.68
Belo Horizonte,69.1,4,3,1,1,acept,furnished,333.36,1744.86,17.92,15.37,2111.51
Salvador,61.3,3,2,3,1,acept,not furnished,130.89,1155.42,47.39,7.07,1340.77
Fortaleza,39.2,4,4,2,25,acept,furnished,491.85,3122.6,131.02,26.37,3771.84
Sao Paulo,105.3,3,4,0,13,not acept,not furnished,513.54,3966.29,73.55,29.48,4582.86
Curitiba,18.0,2,2,0,25,not acept,not furnished,43.01,400.0,8.41,5.77,457.19
Sao Paulo,188.8,1,1,1,10,not acept,not furnished,535.36,5194.88,176.44,60.44,5967.12
Belo Horizonte,89.7,4,4,3,12,not acept,not furnished,267.26,2912.41,53.61,24.82,3258.1
Sao Paulo,141.1,1,1,2,8,not acept,not furnished,683.9,3761.6,128.28,22.3,4596.08
Rio de Janeiro,171.8,1,1,2,29,not acept,not furnished,522.6,6422.36,110.75,64.11,7119.82
Rio de Janeiro,18.0,1,1,1,13,not acept,not furnished,79.75,400.0,12.88,5.04,497.67
Curitiba,102.5,2,2,0,22,not acept,not furnished,709.03,3621.88,150.56,48.19,4529.66
Rio de Janeiro,63.5,3,2,0,20,not acept,not furnished,499.31,3474.86,170.11,36.12,4180.4
Porto Alegre,32.9,1,1,2,5,acept,furnished,279.59,1653.07,45.74,24.7,2003.1
Rio de Janeiro,92.4,3,2,0,28,not acept,not furnished,474.08,3511.76,85.76,33.43,4105.03
Sao Paulo,39.5,2,3,0,15,acept,not furnished,205.55,1932.81,81.22,11.25,2230.83
Porto Alegre,91.4,3,4,2,26,acept,not furnished,510.63,3027.07,62.41,23.9,3624.01
Sao Paulo,122.1,4,3,0,25,acept,not furnished,655.91,4901.88,137.37,56.72,5751.88
Rio de Janeiro,18.0,3,3,2,0,not acept,not furnished,73.57,400.0,7.0,4.51,485.08
Curitiba,47.9,3,3,0,18,not acept,furnished,313.89,1712.87,70.66,14.26,2111.68
Rio de Janeiro,246.1,2,1,1,23,not acept,furnished,1922.79,9860.65,263.58,136.85,12183.87
Sao Paulo,260.7,4,3,0,27,acept,furnished,1668.42,10184.85,347.9,77.56,12278.73
Rio de Janeiro,71.4,2,3,2,14,acept,not furnished,313.66,2255.17,37.09,17.57,2623.49
Recife,121.8,2,1,1,22,not acept,not furnished,439.29,2982.06,141.62,30.25,3593.22
Curitiba,54.3,4,5,0,29,not acept,not furnished,212.23,1724.66,85.48,16.15,2038.52
Curitiba,41.4,5,4,0,25,acept,not furnished,138.56,870.73,22.31,8.57,1040.17
Curitiba,110.9,4,4,3,26,acept,not furnished,350.91,3853.35,168.36,44.16,4416.78
Sao Paulo,81.5,5,4,2,11,acept,not furnished,517.14,2598.71,41.08,37.74,3194.67
Rio de Janeiro,110.9,4,4,2,0,acept,furnished,356.76,4073.6,163.93,45.83,4640.12
Porto Alegre,58.0,3,2,1,29,acept,furnished,372.81,2447.65,104.59,19.2,2944.25
Sao Paulo,174.5,2,3,1,20,acept,furnished,783.44,80728.32519417578,217.93,101.53,7922.67
Sao Paulo,37.8,5,4,2,3,acept,not furnished,362.75,2030.41,66.75,27.64,2487.55
Sao Paulo,110.2,4,4,2,30,not acept,not furnished,520.0,3342.13,138.15,28.83,4029.11
Rio de Janeiro,84.9,2,2,0,21,not acept,furnished,607.1,3970.94,79.16,37.69,4694.89
Recife,47.3,3,3,2,0,not acept,not furnished,320.68,1888.29,32.33,12.26,2253.56
Sao Paulo,160.5,1,1,2,3,acept,furnished,534.66,48617.87107335594,225.09,55.75,6493.09
Belo Horizonte,56.5,5,6,1,26,acept,not furnished,213.24,10089.403357508058,53.84,16.43,2099.76
Sao Paulo,164.8,3,4,1,29,not acept,not furnished,867.75,6167.09,280.39,83.24,7398.47
Recife,55.4,2,3,2,9,acept,not furnished,235.6,17778.57109825997,98.92,15.85,2340.28
Sao Paulo,117.4,2,2,2,11,acept,not furnished,425.88,4568.57,201.7,53.89,5250.04
Rio de Janeiro,118.3,5,5,0,10,not acept,not furnished,394.26,3365.5,58.98,23.92,3842.66
Porto Alegre,18.0,3,4,1,25,not acept,not furnished,162.49,1203.54,33.43,10.32,1409.78
Curitiba,18.0,2,3,3,12,acept,not furnished,98.57,1008.54,36.34,9.43,1152.88
Rio de Janeiro,88.8,3,2,2,10,not acept,not furnished,652.5,4092.98,89.2,60.86,4895.54
Rio de Janeiro,91.0,1,1,3,18,acept,not furnished,244.25,2753.16,119.88,32.73,3150.02
Rio de Janeiro,101.6,1,1,2,14,acept,not furnished,715.25,3824.99,106.58,34.2,4681.02
Sao Paulo,120.5,3,4,1,15,not acept,not furnished,511.93,4143.66,59.55,48.37,4763.51
Sao Paulo,92.8,3,4,1,11,not acept,not furnished,417.99,3396.37,66.42,18.75,3899.53
Rio de Janeiro,203.4,2,3,2,13,not acept,furnished,755.94,7187.09,243.1,49.36,8235.49
Sao Paulo,226.2,3,3,2,0,not acept,furnished,1245.86,9039.01,337.84,117.68,10740.39
Sao Paulo,77.6,1,2,2,28,not acept,furnished,771.93,4291.84,162.79,62.9,5289.46
Curitiba,80.6,4,3,3,0,not acept,not furnished,224.17,1490.43,24.69,16.81,1756.1
Recife,76.2,2,1,1,23,not acept,not furnished,234.66,1324.14,53.73,9.44,1621.97
Belo Horizonte,18.0,1,1,2,7,not acept,not furnished,192.52,980.97,13.61,14.08,1201.18
Sao Paulo,89.7,2,1,1,1,acept,furnished,588.99,32429.76953098493,183.14,23.33,4594.6
Sao Paulo,165.1,1,1,2,17,acept,furnished,658.1,6565.29,267.85,76.13,7567.37
Recife,37.3,2,2,1,21,acept,furnished,189.34,1627.62,61.95,15.17,1894.08
Sao Paulo,73.9,2,1,3,18,not acept,not furnished,514.07,3225.69,60.26,47.44,3847.46
Sao Paulo,83.5,3,3,1,16,acept,furnished,464.82,2673.84,41.87,23.06,3203.59
Belo Horizonte,45.3,2,1,0,15,acept,not furnished,72.08,454.65,7.21,4.39,538.33
Curitiba,40.5,2,2,1,15,acept,not furnished,292.52,1957.01,37.66,26.58,2313.77
Curitiba,116.6,4,4,2,26,acept,not furnished,581.31,3039.76,131.95,24.76,3777.78
Sao Paulo,176.1,2,3,2,0,not acept,furnished,929.96,6662.32,242.55,60.2,7895.03
Sao Paulo,130.1,3,3,2,2,acept,not furnished,921.01,5756.35,280.45,59.77,7017.58
Recife,19.6,2,1,0,24,acept,furnished,175.04,1489.96,20.42,15.91,1701.33
Sao Paulo,163.9,2,3,3,7,acept,not furnished,760.52,6004.35,229.56,36.83,7031.26
Curitiba,100.6,3,4,1,23,not acept,not furnished,340.12,3145.41,138.75,25.72,3650.0
Curitiba,29.3,2,3,1,9,acept,not furnished,253.08,1437.69,42.03,10.16,1742.96
Belo Horizonte,77.8,4,4,1,28,not acept,not furnished,339.17,3264.44,40.33,48.04,3691.98
Rio de Janeiro,81.1,1,1,2,7,not acept,not furnished,365.43,3387.3,121.7,26.25,3900.68
Sao Paulo,91.5,3,4,2,11,acept,furnished,349.4,3762.58,131.12,19.33,4262.43
Belo Horizonte,20.7,3,3,1,2,not acept,furnished,261.35,1554.27,74.18,9.39,1899.19
Salvador,40.7,1,1,0,19,acept,furnished,219.46,2462.76,105.88,25.08,2813.18
Recife,18.0,3,2,1,11,not acept,not furnished,97.29,1116.33,35.46,12.8,1261.88
Sao Paulo,123.4,3,2,1,29,acept,furnished,600.94,3876.25,56.33,22.39,4555.91
Sao Paulo,171.5,3,3,0,0,acept,not furnished,814.37,6511.75,79.57,35.04,7440.73
Recife,72.7,4,3,1,10,not acept,not furnished,621.22,3248.22,149.77,28.59,4047.8
Porto Alegre,69.0,2,1,1,0,not acept,not furnished,541.14,2921.02,84.63,27.39,3574.18
Fortaleza,18.0,3,3,2,8,not acept,not furnished,138.26,990.35,35.33,7.7,1171.64
Sao Paulo,117.5,2,2,2,10,not acept,not furnished,332.94,3705.59,143.22,29.0,4210.75
Belo Horizonte,58.3,2,1,1,6,acept,not furnished,394.74,,87.07,30.88,3215.57
Curitiba,19.1,1,2,1,6,not acept,furnished,291.32,1461.58,64.98,15.14,1833.02
Curitiba,58.3,5,6,0,6,acept,not furnished,348.53,2188.65,27.14,14.69,2579.01
Rio de Janeiro,56.1,2,2,1,6,acept,not furnished,311.11,1774.74,72.01,15.62,2173.48
Sao Paulo,214.8,1,1,2,7,acept,not furnished,1011.06,7872.62,318.79,50.12,9252.59
Belo Horizonte,60.0,1,1,2,26,not acept,not furnished,152.06,1709.84,32.97,10.08,1904.95
Sao Paulo,93.2,2,3,1,0,not acept,not furnished,538.65,2794.13,41.41,33.64,3407.83
Rio de Janeiro,97.3,1,1,0,30,acept,not furnished,253.73,2122.19,75.41,29.27,2480.6
Recife,43.3,2,3,0,7,acept,furnished,206.82,2107.1,49.1,18.5,2381.52
Rio de Janeiro,55.9,1,1,0,0,acept,not furnished,228.55,2316.96,24.59,13.97,2584.07
Salvador,55.5,1,2,1,3,acept,furnished,308.22,3199.47,88.22,22.25,3618.16
Sao Paulo,63.0,3,3,0,29,acept,not furnished,341.73,2597.7,92.33,35.22,3066.98
Curitiba,59.8,4,3,0,30,acept,not furnished,418.5,2284.31,106.69,15.27,2824.77
Recife,18.0,2,2,2,5,not acept,furnished,74.41,761.9,20.81,5.22,862.34
Sao Paulo,90.9,4,3,0,5,not acept,not furnished,617.87,3620.81,57.08,24.93,4320.69
Sao Paulo,162.3,1,1,2,25,acept,furnished,473.38,5337.14,145.29,64.43,6020.24
Rio de Janeiro,92.7,3,4,1,28,not acept,furnished,336.46,3561.97,144.5,20.15,4063.08
Sao Paulo,18.0,1,1,2,19,not acept,not furnished,37.58,400.0,5.55,5.56,448.69
Porto Alegre,73.1,4,5,0,28,not acept,not furnished,405.2,2854.1,49.74,33.05,3342.09
Fortaleza,76.5,4,4,0,29,acept,not furnished,201.13,1083.92,22.72,9.8,1317.57
Rio de Janeiro,178.7,3,3,0,22,not acept,not furnished,1003.7,5928.62,167.53,29.97,7129.82
Sao Paulo,122.6,4,4,3,9,acept,furnished,1336.16,7274.63,339.55,60.14,9010.48
Rio de Janeiro,48.3,3,4,1,2,acept,furnished,421.01,,93.04,19.11,2825.06
Porto Alegre,41.6,2,3,1,14,not acept,not furnished,168.63,1799.42,62.89,13.86,2044.8
Sao Paulo,19.1,3,3,3,7,not acept,not furnished,58.45,400.0,16.92,3.15,478.52
Belo Horizonte,106.0,2,3,2,1,acept,not furnished,452.27,2589.29,117.34,18.88,3177.78
Belo Horizonte,22.3,1,1,0,10,not acept,not furnished,269.7,1390.52,39.63,15.95,1715.8
Curitiba,18.0,3,4,1,13,acept,furnished,76.49,471.91,18.73,5.49,572.62
Sao Paulo,142.7,3,4,2,19,acept,not furnished,991.05,5422.0,254.81,77.34,6745.2
Curitiba,121.8,1,1,2,5,acept,not furnished,553.72,4443.44,138.99,47.3,5183.45
Sao Paulo,88.9,3,4,1,26,not acept,not furnished,669.47,4064.59,164.75,37.0,4935.81
Sao Paulo,83.8,3,3,2,3,not acept,not furnished,537.24,4317.0,212.79,49.92,5116.95
Fortaleza,74.1,2,3,1,30,not acept,not furnished,215.6,2085.59,60.27,15.58,2377.04
Porto Alegre,69.8,2,3,2,16,not acept,furnished,333.79,3800.39,140.17,52.44,4326.79
Sao Paulo,128.1,5,5,1,2,not acept,not furnished,761.14,4089.01,113.94,45.64,5009.73
Sao Paulo,114.0,4,5,1,25,acept,not furnished,403.27,4596.11,177.53,45.27,5222.18
Sao Paulo,18.4,2,1,2,6,acept,furnished,99.8,499.11,12.74,3.45,615.1
Sao Paulo,89.4,2,1,2,3,not acept,not furnished,498.1,3525.5,53.25,18.07,4094.92
Sao Paulo,147.0,1,1,1,2,not acept,furnished,863.15,6145.2,279.77,41.96,7330.08
Sao Paulo,18.0,1,1,0,16,acept,furnished,148.23,1668.93,64.17,21.3,1902.63
Rio de Janeiro,90.9,2,2,1,26,not acept,not furnished,134.01,1506.56,75.02,14.04,1729.63
Porto Alegre,78.5,4,4,0,27,acept,furnished,530.97,3195.21,124.84,41.67,3892.69
Belo Horizonte,50.4,5,4,1,23,not acept,not furnished,257.83,1936.51,84.82,14.33,2293.49
Curitiba,89.3,4,4,1,17,not acept,not furnished,351.27,3467.2,167.36,22.36,4008.19
Sao Paulo,131.3,2,3,1,15,acept,not furnished,504.66,4838.46,59.85,34.26,5437.23
Recife,103.3,1,2,1,10,not acept,not furnished,333.87,3096.91,137.12,38.35,3606.25
Salvador,66.4,3,4,0,0,not acept,furnished,542.18,3058.92,44.15,34.47,3679.72
Salvador,67.9,3,2,1,25,not acept,furnished,438.51,2858.69,129.06,38.69,3464.95
Salvador,86.5,2,1,1,30,acept,not furnished,166.93,1882.53,77.05,20.1,2146.61
Fortaleza,28.9,3,3,1,28,acept,not furnished,141.71,870.06,24.92,9.78,1046.47
Belo Horizonte,81.7,3,3,1,28,not acept,not furnished,355.12,2494.2,106.06,21.55,2976.93
Sao Paulo,127.1,3,3,2,8,acept,furnished,499.51,3339.57,87.09,39.88,3966.05
Belo Horizonte,55.9,3,2,2,0,acept,not furnished,108.66,934.56,36.58,8.1,1087.9
Porto Alegre,124.7,3,3,0,26,acept,not furnished,249.12,3032.81,54.37,30.15,3366.45
Porto Alegre,18.0,1,2,1,23,not acept,not furnished,91.68,650.01,8.35,3.69,753.73
Belo Horizonte,60.8,3,4,1,10,not acept,not furnished,521.29,3442.75,126.09,28.36,4118.49
Sao Paulo,18.0,2,3,1,25,not acept,not furnished,143.01,908.37,24.1,5.7,1081.18
Rio de Janeiro,131.5,2,1,1,2,not acept,not furnished,464.1,3487.99,65.67,33.84,4051.6
Fortaleza,29.8,1,1,1,19,not acept,not furnished,216.56,1470.31,24.25,8.26,1719.38
Belo Horizonte,77.4,2,2,1,29,not acept,furnished,380.18,2616.93,117.69,22.4,3137.2
Belo Horizonte,67.8,5,4,1,28,not acept,furnished,356.35,2865.68,68.57,28.25,3318.85
Sao Paulo,18.0,2,1,1,23,not acept,furnished,83.74,473.26,20.39,4.98,582.37
Rio de Janeiro,156.0,4,5,3,6,not acept,furnished,862.0,6531.12,110.54,48.44,7552.1
Fortaleza,61.6,2,1,2,1,not acept,not furnished,149.07,1374.23,39.06,7.53,1569.89
Curitiba,28.9,2,3,1,8,acept,not furnished,94.85,1169.88,32.16,5.91,1302.8
Porto Alegre,51.7,3,4,1,18,not acept,not furnished,242.34,2117.09,40.7,14.86,2414.99
Rio de Janeiro,92.0,2,2,1,8,acept,not furnished,309.69,3351.14,59.85,33.05,3753.73
Curitiba,29.4,3,4,1,11,not acept,not furnished,126.22,900.66,26.84,7.74,1061.46
Sao Paulo,43.6,2,2,2,11,not acept,not furnished,177.21,1408.97,39.73,15.89,1641.8
Curitiba,99.4,4,5,0,8,not acept,furnished,472.27,4288.44,177.43,34.82,4972.96
Rio de Janeiro,38.7,2,2,0,28,not acept,furnished,152.67,1598.46,46.28,16.83,1814.24
Rio de Janeiro,67.7,3,2,0,8,acept,not furnished,344.89,1952.04,45.41,26.59,2368.93
Curitiba,95.7,2,2,1,30,acept,not furnished,426.48,2152.01,62.9,21.82,2663.21
Fortaleza,65.9,3,2,2,4,acept,not furnished,442.69,2414.09,112.78,25.49,2995.05
Sao Paulo,137.5,3,3,1,26,acept,not furnished,887.43,5088.1,81.21,57.96,6114.7
Salvador,44.9,2,1,1,22,not acept,not furnished,262.4,19233.416829595404,85.17,14.36,2187.4
Sao Paulo,176.6,2,1,1,19,acept,not furnished,933.71,5179.62,196.38,63.97,6373.68
Rio de Janeiro,144.1,3,2,0,12,not acept,not furnished,633.73,4397.97,161.05,55.73,5248.48
Sao Paulo,167.1,4,5,0,24,not acept,not furnished,647.96,5461.46,149.2,36.13,6294.75
Rio de Janeiro,76.6,1,1,2,14,acept,furnished,168.07,1568.68,38.33,16.76,1791.84
Belo Horizonte,101.7,3,3,1,2,acept,furnished,432.6,4084.67,162.86,38.52,4718.65
Sao Paulo,101.8,3,2,1,7,not acept,not furnished,422.1,3132.74,107.79,19.19,3681.82
Rio de Janeiro,111.0,3,2,2,3,not acept,not furnished,630.52,4026.22,145.34,57.84,4859.92
Fortaleza,26.8,5,5,0,16,not acept,not furnished,71.23,724.98,25.21,5.87,827.29
Sao Paulo,151.4,3,2,2,19,acept,furnished,434.37,5332.31,66.01,51.44,5884.13
Porto Alegre,60.2,4,4,2,8,acept,furnished,224.59,2714.6,83.15,23.49,3045.83
Rio de Janeiro,135.3,3,2,0,0,not acept,not furnished,548.81,4691.0,114.69,58.03,5412.53
Curitiba,48.8,2,2,0,19,not acept,furnished,338.75,2034.72,85.61,22.94,2482.02
Sao Paulo,18.0,3,3,0,0,not acept,not furnished,52.88,657.26,22.05,7.53,739.72
Sao Paulo,150.8,4,3,1,29,acept,furnished,824.62,6059.78,166.14,33.33,7083.87
Sao Paulo,181.5,4,3,1,27,not acept,not furnished,756.27,6537.2,324.97,96.49,7714.93
Sao Paulo,149.5,2,1,0,25,acept,not furnished,887.13,4677.16,172.76,36.57,5773.62
Sao Paulo,232.0,2,1,1,9,acept,furnished,1885.11,9664.86,437.77,62.07,12049.81
Curitiba,52.8,3,2,1,22,acept,furnished,188.17,1471.81,68.98,10.69,1739.65
Fortaleza,76.6,3,2,0,0,acept,not furnished,573.28,2906.01,115.39,35.15,3629.83
Salvador,94.0,2,3,1,0,not acept,not furnished,477.72,2430.81,65.1,35.74,3009.37
Curitiba,97.3,2,1,1,14,acept,furnished,600.61,4027.41,119.59,31.54,4779.15
Sao Paulo,71.0,3,4,2,17,not acept,furnished,362.5,2871.25,46.87,21.87,3302.49
Sao Paulo,150.3,3,4,3,23,not acept,furnished,453.64,4895.13,169.64,70.83,5589.24
Rio de Janeiro,98.1,4,5,1,7,acept,not furnished,541.93,3700.92,112.85,41.33,4397.03
Sao Paulo,154.3,4,3,0,15,acept,furnished,1043.39,5790.67,107.47,60.66,7002.19
Belo Horizonte,53.0,2,2,1,0,not acept,not furnished,311.32,2441.65,28.42,19.09,2800.48
Belo Horizonte,74.3,4,4,3,13,acept,not furnished,272.38,1936.73,86.69,20.04,2315.84
Rio de Janeiro,18.0,3,3,2,20,not acept,furnished,176.17,1378.49,15.47,7.02,1577.15
Rio de Janeiro,166.3,5,4,2,30,not acept,not furnished,898.16,5462.12,137.77,57.79,6555.84
Salvador,42.9,2,2,2,23,acept,not furnished,329.47,2255.05,73.06,22.07,2679.65
Porto Alegre,80.6,2,2,2,30,not acept,not furnished,372.18,2626.9,81.88,28.89,3109.85
Rio de Janeiro,52.0,3,2,0,14,acept,furnished,99.21,934.79,29.31,11.62,1074.93
Fortaleza,41.0,4,3,1,12,acept,not furnished,258.66,1711.08,32.63,11.58,2013.95
Recife,18.0,4,5,2,25,acept,not furnished,198.99,1427.85,33.19,9.68,1669.71
Rio de Janeiro,122.1,3,2,0,13,acept,furnished,800.67,4874.4,49.91,46.08,5771.06
Rio de Janeiro,108.7,2,2,2,22,acept,furnished,558.08,3580.28,168.27,44.23,4350.86
Belo Horizonte,18.0,3,2,0,30,acept,not furnished,98.49,854.53,29.25,5.68,987.95
Recife,25.5,4,3,0,21,acept,not furnished,169.28,1087.99,46.5,10.02,1313.79
Fortaleza,55.7,3,3,0,0,not acept,not furnished,282.8,1647.23,64.06,17.45,2011.54
Sao Paulo,73.2,3,3,1,3,not acept,furnished,574.42,3632.55,118.19,37.82,4362.98
Rio de Janeiro,211.9,1,1,1,6,acept,not furnished,801.85,5729.01,174.99,78.73,6784.58
Belo Horizonte,48.5,3,2,0,25,not acept,not furnished,355.11,2228.96,62.1,18.98,2665.15
Belo Horizonte,69.0,3,2,2,28,not acept,not furnished,468.87,3427.91,110.08,23.12,4029.98
Sao Paulo,77.4,5,5,1,19,acept,not furnished,385.98,3197.41,57.82,23.0,3664.21
Salvador,21.0,3,4,1,0,not acept,not furnished,143.83,930.35,24.03,12.42,1110.63
Curitiba,41.3,3,2,1,14,not acept,not furnished,118.14,1435.83,46.0,14.32,1614.29
Salvador,39.6,5,4,2,26,not acept,not furnished,165.92,1820.38,71.62,16.59,2074.51
Salvador,38.9,1,1,2,9,not acept,not furnished,155.22,1522.11,63.07,18.17,1758.57
Porto Alegre,73.8,2,3,1,0,acept,furnished,593.39,3004.78,133.7,28.86,3760.73
Rio de Janeiro,138.5,3,2,1,23,not acept,not furnished,507.54,4437.05,106.48,66.5,5117.57
Belo Horizonte,102.5,2,3,3,19,not acept,not furnished,366.06,2614.38,87.83,24.23,3092.5
Sao Paulo,41.5,2,1,1,13,not acept,not furnished,264.87,1785.1,56.21,15.57,2121.75
Curitiba,110.9,4,4,0,25,acept,furnished,392.85,4817.32,125.66,67.04,5402.87
Sao Paulo,18.0,3,4,2,25,not acept,furnished,39.34,441.0,10.34,2.74,493.42
Curitiba,18.0,1,1,1,21,not acept,not furnished,240.36,2434.94,25.28,14.04,2714.62
Sao Paulo,162.9,2,1,3,29,acept,furnished,798.78,7525.38,128.6,73.03,8525.79
Sao Paulo,120.9,1,1,1,12,not acept,not furnished,389.63,4391.41,68.04,65.42,4914.5
Sao Paulo,20.9,3,4,1,21,not acept,furnished,264.89,1675.93,36.9,14.37,1992.09
Sao Paulo,82.2,2,1,2,25,acept,furnished,241.95,2564.37,62.56,30.64,2899.52
Curitiba,51.1,4,4,1,18,not acept,not furnished,403.38,2152.46,45.61,21.25,2622.7
Porto Alegre,58.4,3,4,1,16,not acept,not furnished,169.24,1205.58,50.28,14.65,1439.75
Belo Horizonte,121.3,1,2,2,22,acept,not furnished,350.1,3417.78,61.28,28.77,3857.93
Sao Paulo,139.7,2,3,1,9,not acept,furnished,560.03,5196.75,106.68,72.82,5936.28
Sao Paulo,41.1,3,3,1,9,not acept,not furnished,253.96,1611.31,48.52,9.59,1923.38
Sao Paulo,36.9,2,3,1,30,acept,not furnished,240.33,2569.05,54.91,33.55,2897.84
Sao Paulo,149.0,3,2,1,1,not acept,furnished,549.93,6441.42,295.24,37.31,7323.9
Fortaleza,87.3,4,3,3,25,acept,not furnished,428.79,2437.16,84.04,36.34,2986.33
Sao Paulo,149.5,2,3,0,23,acept,furnished,809.79,5823.88,136.77,40.37,6810.81
Rio de Janeiro,102.2,2,3,2,0,not acept,not furnished,414.4,2277.03,63.96,20.07,2775.46
Sao Paulo,116.8,4,3,0,21,not acept,furnished,854.5,4403.44,118.48,39.5,5415.92
Sao Paulo,56.6,2,1,1,0,acept,not furnished,353.99,2631.66,120.06,38.81,3144.52
Belo Horizonte,76.6,1,2,1,4,acept,not furnished,294.47,2529.57,84.41,13.19,2921.64
Belo Horizonte,18.0,2,1,2,29,acept,not furnished,172.9,1389.58,34.56,10.59,1607.63
Sao Paulo,67.2,4,5,1,9,acept,not furnished,283.43,1514.14,45.14,16.34,1859.05
Sao Paulo,70.3,4,4,2,0,acept,not furnished,538.73,2696.14,66.07,28.71,3329.65
Rio de Janeiro,131.1,2,3,2,15,not acept,furnished,727.4,5784.35,235.74,39.89,6787.38
Sao Paulo,55.8,3,4,1,4,not acept,not furnished,487.68,2491.41,26.78,23.57,3029.44
Sao Paulo,231.7,1,1,1,11,acept,not furnished,944.1,6712.52,200.8,35.03,7892.45
Recife,79.7,3,4,0,1,acept,furnished,232.67,2756.85,54.84,35.6,3079.96
Belo Horizonte,84.0,2,3,0,0,not acept,not furnished,164.57,1577.68,30.44,9.97,1782.66
Belo Horizonte,83.9,1,1,0,14,acept,not furnished,296.06,2340.93,40.74,15.59,2693.32
Rio de Janeiro,81.5,4,3,1,8,acept,not furnished,372.6,3041.71,91.32,28.36,3533.99
Rio de Janeiro,173.5,2,1,1,2,not acept,furnished,1185.25,6674.79,95.21,89.09,8044.34
Belo Horizonte,102.4,1,1,3,17,not acept,not furnished,594.36,3406.24,104.86,31.09,4136.55
Curitiba,29.8,4,3,2,0,not acept,not furnished,138.13,1451.63,49.55,14.32,1653.63
Curitiba,56.1,3,2,0,22,not acept,not furnished,208.64,2402.97,110.4,12.97,2734.98
Sao Paulo,75.6,3,3,1,0,not acept,not furnished,298.41,1806.57,73.38,16.96,2195.32
Belo Horizonte,48.8,4,4,1,30,not acept,not furnished,210.98,1609.62,57.93,22.86,1901.39
Rio de Janeiro,92.4,3,4,1,22,not acept,furnished,407.2,4047.61,171.11,22.52,4648.44
Fortaleza,52.4,1,1,1,27,acept,not furnished,236.36,2615.56,62.94,21.93,2936.79
Curitiba,78.1,1,1,0,12,acept,not furnished,270.75,2561.63,80.14,27.33,2939.85
Belo Horizonte,32.7,2,2,2,0,not acept,not furnished,399.96,2051.17,27.53,26.45,2505.11
Sao Paulo,168.2,1,1,1,5,acept,furnished,516.54,75137.45398294047,176.49,75.12,6479.16
Belo Horizonte,56.8,3,3,2,30,acept,not furnished,217.97,1491.99,38.13,8.15,1756.24
Sao Paulo,102.2,1,2,1,18,not acept,not furnished,372.05,4474.83,208.17,62.92,5117.97
Rio de Janeiro,77.6,2,3,0,5,acept,not furnished,361.57,1919.11,42.35,18.93,2341.96
Sao Paulo,113.2,2,1,2,13,not acept,not furnished,616.23,4356.95,163.25,22.83,5159.26
Curitiba,30.9,2,1,3,8,acept,furnished,326.49,1696.14,63.61,17.02,2103.26
Sao Paulo,68.8,3,2,1,13,acept,not furnished,356.87,2999.94,115.58,41.19,3513.58
Rio de Janeiro,39.6,2,3,0,25,not acept,not furnished,75.55,587.35,21.87,4.13,688.9
Fortaleza,39.7,2,2,1,5,not acept,not furnished,387.38,2279.44,103.26,31.43,2801.51
Sao Paulo,97.5,5,6,1,10,acept,not furnished,780.89,4045.36,136.89,42.96,5006.1
Belo Horizonte,46.4,3,2,1,12,not acept,not furnished,180.5,1864.59,82.44,12.67,2140.2
Rio de Janeiro,113.2,3,3,2,17,not acept,furnished,376.41,2946.88,108.87,29.53,3461.69
Sao Paulo,69.8,3,4,2,0,acept,not furnished,590.87,3007.41,136.09,26.75,3761.12
Porto Alegre,59.5,3,2,1,4,not acept,furnished,196.76,1652.03,64.68,20.05,1933.52
Sao Paulo,18.0,1,1,1,10,not acept,not furnished,158.99,826.22,23.39,8.98,1017.58
Rio de Janeiro,158.3,1,1,1,24,not acept,furnished,994.32,6439.12,134.08,70.71,7638.23
Belo Horizonte,107.6,3,4,1,3,acept,furnished,337.99,2454.73,113.81,25.72,2932.25
Curitiba,58.6,2,2,1,27,not acept,not furnished,305.15,2546.35,38.92,31.48,2921.9
Curitiba,34.9,1,1,0,8,acept,furnished,316.12,2240.51,100.34,16.18,2673.15
Sao Paulo,184.7,2,3,1,6,acept,furnished,1013.27,6394.68,230.78,71.33,7710.06
Sao Paulo,190.7,1,2,1,11,acept,not furnished,962.56,5823.95,200.39,43.55,7030.45
Porto Alegre,28.2,4,5,1,16,acept,not furnished,146.92,1647.92,51.83,9.35,1856.02
Belo Horizonte,41.2,2,2,2,22,not acept,not furnished,322.06,2053.46,44.55,25.37,2445.44
Salvador,77.6,1,1,0,13,acept,not furnished,359.91,1923.72,66.02,14.39,2364.04
Salvador,50.8,3,4,1,24,acept,furnished,258.32,1968.5,57.2,11.25,2295.27
Salvador,65.5,3,4,1,24,not acept,not furnished,190.36,1729.62,44.92,12.05,1976.95
Rio de Janeiro,18.9,3,3,1,0,acept,not furnished,360.34,2198.33,78.37,32.82,2669.86
Rio de Janeiro,131.4,2,3,1,24,not acept,not furnished,365.84,3906.3,51.85,52.2,4376.19
Porto Alegre,55.2,3,2,0,12,not acept,not furnished,456.68,2379.42,81.37,25.37,2942.84
Rio de Janeiro,52.7,3,4,2,29,not acept,not furnished,211.99,1497.48,74.73,12.58,1796.78
Sao Paulo,113.3,2,1,2,25,acept,furnished,760.08,4768.41,55.83,40.12,5624.44
Salvador,71.5,2,1,2,10,acept,not furnished,387.3,3166.85,91.78,27.15,3673.08
Fortaleza,81.9,5,5,0,18,acept,furnished,449.65,3416.49,96.16,50.7,4013.0
Rio de Janeiro,18.0,2,2,1,4,acept,not furnished,66.66,446.64,5.79,5.61,524.7
Sao Paulo,150.6,2,2,1,7,not acept,not furnished,1096.93,5527.09,164.29,47.12,6835.43
Rio de Janeiro,24.9,2,3,0,4,acept,not furnished,162.28,987.83,15.81,5.11,1171.03
Salvador,42.9,1,1,3,22,not acept,furnished,253.93,1321.3,56.66,10.09,1641.98
Fortaleza,40.1,2,3,2,0,acept,furnished,458.8,2357.17,108.46,16.68,2941.11
Sao Paulo,87.4,1,1,1,11,not acept,not furnished,439.41,2529.55,108.68,17.96,3095.6
Sao Paulo,42.8,2,1,1,25,not acept,not furnished,191.46,2254.08,106.23,32.67,2584.44
Fortaleza,29.2,2,2,0,21,not acept,not furnished,87.13,774.92,27.81,5.76,895.62
Rio de Janeiro,91.0,1,1,2,11,acept,furnished,727.13,4112.41,179.89,27.23,5046.66
Belo Horizonte,90.7,3,4,0,18,not acept,furnished,194.95,2387.97,71.57,31.8,2686.29
Recife,18.0,3,3,2,12,acept,not furnished,138.08,998.68,41.55,13.18,1191.49
Sao Paulo,129.8,2,2,2,25,not acept,furnished,932.79,5424.75,259.64,50.53,6667.71
Curitiba,58.5,5,4,1,16,not acept,not furnished,304.82,1589.97,40.11,17.95,1952.85
Sao Paulo,107.6,3,3,2,18,not acept,not furnished,705.92,5310.61,230.3,78.66,6325.49
Rio de Janeiro,109.8,3,4,1,30,acept,not furnished,398.7,2221.1,64.33,32.2,2716.33
Salvador,77.5,2,1,1,23,not acept,not furnished,301.58,2237.55,77.22,17.26,2633.61
Rio de Janeiro,142.0,4,5,1,7,acept,not furnished,481.6,4959.34,224.71,44.65,5710.3
Recife,79.3,4,5,1,23,acept,not furnished,306.56,2273.61,102.85,18.35,2701.37
Belo Horizonte,67.4,2,1,1,28,not acept,furnished,392.28,2949.0,117.04,20.52,3478.84
Rio de Janeiro,87.0,3,4,1,7,acept,not furnished,494.37,3458.09,77.81,24.92,4055.19
Sao Paulo,85.9,3,3,1,24,not acept,furnished,903.32,35762.87902241492,63.45,52.74,5732.64
Rio de Janeiro,51.9,2,3,2,5,acept,furnished,370.34,2401.98,118.83,25.07,2916.22
Rio de Janeiro,40.9,3,3,1,12,not acept,furnished,202.43,2229.42,72.99,29.42,2534.26
Sao Paulo,108.2,1,1,2,20,not acept,not furnished,461.56,3504.93,50.56,30.85,4047.9
Rio de Janeiro,122.8,2,2,2,5,acept,furnished,747.39,5549.03,268.44,66.23,6631.09
Rio de Janeiro,167.4,1,2,1,3,acept,not furnished,931.92,5202.66,147.19,77.88,6359.65
Porto Alegre,72.5,3,3,2,13,not acept,not furnished,344.97,2428.48,117.76,22.98,2914.19
Curitiba,98.6,3,4,1,23,acept,furnished,429.41,3256.06,80.12,35.5,3801.09
Curitiba,127.4,4,4,1,17,acept,not furnished,338.72,3523.58,163.4,41.65,4067.35
Sao Paulo,121.8,3,2,0,21,not acept,furnished,774.98,4464.59,197.04,50.26,5486.87
Sao Paulo,165.2,2,1,1,20,not acept,furnished,1174.15,6803.46,196.28,48.76,8222.65
Curitiba,56.9,1,1,0,15,not acept,not furnished,206.17,1981.58,44.57,21.44,2253.76
Rio de Janeiro,148.3,4,3,2,8,not acept,furnished,779.4,4893.01,193.86,25.95,5892.22
Sao Paulo,66.5,3,3,3,11,not acept,furnished,331.84,3684.64,162.19,49.43,4228.1
Salvador,38.3,3,4,1,10,not acept,not furnished,296.4,1984.64,23.23,18.72,2322.99
Porto Alegre,18.0,1,1,1,0,acept,not furnished,106.47,733.55,13.93,7.17,861.12
Belo Horizonte,95.6,3,4,1,27,not acept,not furnished,227.4,2393.74,65.1,13.99,2700.23
Sao Paulo,114.8,2,2,0,19,not acept,not furnished,617.33,3870.01,70.88,25.36,4583.58
Porto Alegre,55.0,1,2,1,26,acept,not furnished,271.77,3005.46,62.67,26.34,3366.24
Belo Horizonte,73.1,3,2,3,23,acept,not furnished,456.03,2568.16,78.56,35.36,3138.11
Porto Alegre,61.2,3,3,1,0,not acept,furnished,292.12,2973.72,75.28,19.04,3360.16
Porto Alegre,40.1,2,1,1,4,not acept,furnished,207.86,1584.48,75.07,13.52,1880.93
Salvador,104.0,4,3,1,29,not acept,not furnished,553.04,3036.89,132.63,41.45,3764.01
Belo Horizonte,20.1,2,3,2,13,acept,not furnished,144.21,1643.08,30.12,20.72,1838.13
Sao Paulo,48.4,1,1,1,24,acept,not furnished,136.02,772.28,37.01,6.61,951.92
Curitiba,31.9,4,5,2,16,not acept,not furnished,228.21,1344.92,25.12,8.03,1606.28
Curitiba,71.2,2,1,1,25,acept,not furnished,416.48,3621.21,122.62,38.32,4198.63
Porto Alegre,88.3,4,3,2,22,acept,not furnished,612.77,3268.42,72.81,24.46,3978.46
Sao Paulo,44.6,4,4,1,6,not acept,not furnished,328.82,1732.55,37.06,18.94,2117.37
Sao Paulo,80.2,2,2,0,30,acept,not furnished,419.36,2499.33,79.01,12.85,3010.55
Fortaleza,18.0,3,4,0,14,not acept,furnished,248.69,1387.5,66.43,10.87,1713.49
Porto Alegre,24.7,1,1,3,17,not acept,not furnished,176.54,1812.52,48.5,12.63,2050.19
Fortaleza,26.1,2,1,0,15,not acept,not furnished,231.94,1743.02,37.05,21.35,2033.36
Porto Alegre,48.9,3,3,1,27,not acept,furnished,327.19,1666.06,33.34,20.7,2047.29
Belo Horizonte,59.5,2,3,1,6,acept,not furnished,174.63,1908.79,42.69,24.06,2150.17
Curitiba,62.0,1,1,1,0,not acept,furnished,449.68,3461.01,96.17,51.04,4057.9
Fortaleza,18.0,3,2,1,11,acept,furnished,324.46,1660.12,74.58,18.45,2077.61
Belo Horizonte,60.3,3,4,1,28,not acept,not furnished,349.15,2322.6,52.47,31.22,2755.44
Curitiba,43.9,3,2,0,12,not acept,not furnished,109.88,1316.55,27.51,14.45,1468.39
Sao Paulo,159.4,3,3,2,6,acept,furnished,1265.93,6945.53,228.98,62.51,8502.95
Rio de Janeiro,54.2,3,4,1,18,acept,not furnished,211.7,1782.78,59.98,22.99,2077.45
Curitiba,18.0,4,4,1,22,acept,not furnished,81.31,964.39,26.84,9.05,1081.59
Sao Paulo,172.7,2,1,1,13,not acept,not furnished,1078.33,6000.32,105.75,86.92,7271.32
Sao Paulo,18.0,3,2,1,10,not acept,furnished,81.62,4287.94054090913,8.5,2.5,574.22
Rio de Janeiro,115.6,2,2,2,9,not acept,not furnished,494.86,3443.13,106.07,38.99,4083.05
Sao Paulo,34.4,5,4,0,11,not acept,furnished,116.62,943.75,20.19,13.75,1094.31
Sao Paulo,214.7,2,2,1,25,acept,furnished,1271.73,7436.21,119.88,62.05,8889.87
Rio de Janeiro,115.8,5,5,1,13,acept,not furnished,561.04,3696.83,40.88,23.44,4322.19
Fortaleza,53.4,3,4,2,8,acept,not furnished,43.3,400.0,6.15,3.14,452.59
Belo Horizonte,26.5,3,2,3,3,not acept,furnished,342.83,1847.55,79.9,10.75,2281.03
Sao Paulo,125.7,3,2,2,7,acept,not furnished,481.33,3340.63,54.23,28.08,3904.27
Sao Paulo,224.6,2,2,1,13,not acept,furnished,1630.77,8912.91,90.09,106.61,10740.38
Curitiba,95.1,3,4,2,15,acept,not furnished,296.59,3298.08,84.61,42.96,3722.24
Rio de Janeiro,76.5,2,2,1,18,not acept,furnished,210.59,1958.7,92.31,21.21,2282.81
Salvador,68.8,4,3,0,0,acept,furnished,181.49,1542.38,47.6,18.8,1790.27
Curitiba,115.1,3,4,2,18,acept,furnished,697.73,3845.13,40.03,21.17,4604.06
Porto Alegre,146.2,4,5,1,9,not acept,furnished,767.88,4158.83,159.58,28.92,5115.21
Sao Paulo,83.4,2,2,0,6,not acept,not furnished,601.21,3484.56,90.7,30.85,4207.32
Curitiba,57.3,1,1,1,8,not acept,not furnished,65.32,435.73,17.76,5.95,524.76
Sao Paulo,108.7,3,4,1,23,acept,not furnished,405.09,,101.91,24.64,3540.21
Fortaleza,61.7,2,1,2,24,not acept,not furnished,98.77,1081.12,16.84,6.01,1202.74
Curitiba,21.9,4,3,1,1,not acept,not furnished,253.84,1599.88,46.2,11.42,1911.34
Rio de Janeiro,71.9,3,4,0,14,not acept,not furnished,520.4,2887.24,92.99,36.31,3536.94
Sao Paulo,138.2,1,1,2,15,not acept,furnished,1048.51,5726.67,171.89,73.26,7020.33
Sao Paulo,135.0,3,3,1,0,acept,furnished,664.05,6096.48,253.04,66.86,7080.43
Curitiba,35.0,3,2,2,21,acept,not furnished,245.94,1634.89,71.91,24.34,1977.08
Sao Paulo,218.2,3,2,3,9,not acept,not furnished,1445.47,7480.89,274.29,85.57,9286.22
Belo Horizonte,18.0,3,4,1,11,acept,not furnished,72.98,400.0,4.6,2.96,480.54
Sao Paulo,150.5,2,1,1,17,not acept,not furnished,392.97,3974.36,95.78,43.71,4506.82
Curitiba,76.7,2,1,2,13,not acept,not furnished,422.95,3328.7,82.4,18.18,3852.23
Salvador,102.6,3,3,1,22,not acept,not furnished,331.58,3613.77,68.3,42.0,4055.65
Porto Alegre,64.3,1,1,1,17,not acept,not furnished,550.61,3059.38,82.93,44.02,3736.94
Porto Alegre,18.0,3,2,2,5,not acept,furnished,71.08,465.17,8.14,5.37,549.76
Sao Paulo,53.7,3,3,1,26,not acept,furnished,72.27,440.53,17.72,5.0,535.52
Sao Paulo,101.1,4,4,2,4,not acept,furnished,468.55,4696.91,203.74,50.66,5419.86
Curitiba,82.4,5,5,3,21,acept,furnished,515.02,3082.07,146.01,35.67,3778.77
Rio de Janeiro,142.2,3,2,1,24,acept,not furnished,442.24,4131.4,43.65,57.74,4675.03
Rio de Janeiro,61.4,2,2,1,20,acept,not furnished,544.04,2765.12,87.24,15.03,3411.43
Sao Paulo,167.2,3,2,3,11,acept,furnished,1149.6,6213.76,114.11,33.97,7511.44
Sao Paulo,157.3,2,1,0,26,not acept,not furnished,326.16,3981.32,124.34,21.36,4453.18
Sao Paulo,68.1,1,2,1,8,not acept,not furnished,484.39,3011.92,38.65,44.41,3579.37
Fortaleza,40.6,3,4,1,20,not acept,not furnished,227.95,1892.66,76.86,9.82,2207.29
Sao Paulo,117.4,4,5,2,26,not acept,furnished,810.85,5000.37,108.99,39.57,5959.78
Belo Horizonte,87.5,2,1,1,2,acept,not furnished,176.07,1739.78,56.83,24.97,1997.65
Sao Paulo,71.7,2,3,1,19,acept,furnished,382.27,3389.9,141.91,47.51,3961.59
Curitiba,78.1,3,3,1,27,not acept,not furnished,296.94,3470.68,94.98,21.28,3883.88
Rio de Janeiro,73.3,4,5,1,1,acept,not furnished,268.41,2160.59,107.41,26.94,2563.35
Fortaleza,88.9,1,1,1,2,not acept,furnished,416.27,2731.55,115.29,33.62,3296.73
Fortaleza,42.7,2,2,1,10,not acept,furnished,219.58,1192.58,32.13,14.18,1458.47
Rio de Janeiro,59.3,4,4,2,30,not acept,not furnished,263.38,2500.84,95.49,32.98,2892.69
Fortaleza,58.8,1,1,1,5,acept,furnished,476.1,2568.0,94.47,32.28,3170.85
Recife,57.4,3,4,2,8,not acept,furnished,411.76,2334.51,27.4,33.69,2807.36
Salvador,47.8,3,4,1,25,not acept,not furnished,157.28,996.93,24.75,14.54,1193.5
Salvador,23.7,2,3,2,2,acept,furnished,471.11,2569.91,79.73,22.14,3142.89
Sao Paulo,107.4,3,4,2,30,acept,not furnished,512.15,4299.36,114.37,27.26,4953.14
Belo Horizonte,59.3,4,4,0,22,not acept,not furnished,595.91,3087.37,53.34,44.73,3781.35
Sao Paulo,97.5,2,1,1,29,acept,not furnished,320.62,3158.34,115.16,24.85,3618.97
Sao Paulo,126.6,2,3,0,2,not acept,not furnished,582.41,3897.81,193.01,19.6,4692.83
Recife,50.4,3,2,2,5,not acept,furnished,92.14,677.26,16.0,4.17,789.57
Rio de Janeiro,141.1,2,2,1,10,not acept,not furnished,678.09,3987.72,193.02,42.96,4901.79
Porto Alegre,78.1,3,2,0,0,acept,furnished,366.65,3008.97,121.14,23.37,3520.13
Salvador,18.0,4,3,2,0,not acept,furnished,170.97,898.43,20.78,9.08,1099.26
Salvador,113.2,4,5,2,27,acept,not furnished,273.92,2992.17,80.15,37.62,3383.86
Recife,18.0,2,3,2,0,acept,not furnished,192.59,1253.89,43.99,8.43,1498.9
Sao Paulo,91.9,2,2,0,22,acept,not furnished,303.75,3417.16,136.38,17.13,3874.42
Sao Paulo,106.3,2,3,1,21,not acept,furnished,746.46,3796.59,151.39,47.79,4742.23
Rio de Janeiro,148.8,4,3,2,0,acept,not furnished,470.73,4514.32,160.91,52.15,5198.11
Sao Paulo,95.5,2,1,2,3,acept,not furnished,794.97,4602.28,66.72,38.71,5502.68
Sao Paulo,137.1,2,1,0,12,not acept,not furnished,533.57,21706.73314657825,140.71,21.38,3881.5
Rio de Janeiro,114.8,4,3,1,19,not acept,not furnished,741.44,3761.33,77.82,19.96,4600.55
Porto Alegre,74.2,3,4,2,27,not acept,not furnished,442.82,2305.56,39.22,17.64,2805.24
Belo Horizonte,18.0,1,1,1,15,acept,not furnished,73.82,400.0,7.39,5.95,487.16
Rio de Janeiro,115.4,2,3,1,28,acept,not furnished,494.12,3143.16,36.52,26.32,3700.12
Curitiba,34.1,3,2,2,4,acept,not furnished,334.75,2347.67,92.57,30.5,2805.49
Sao Paulo,114.6,3,3,3,18,not acept,not furnished,477.01,4574.16,55.24,57.3,5163.71
Sao Paulo,29.3,3,3,1,25,not acept,furnished,266.74,1709.44,19.95,10.21,2006.34
Porto Alegre,95.5,1,1,1,5,acept,furnished,456.72,2751.47,27.69,20.62,3256.5
Curitiba,92.2,2,1,1,23,acept,not furnished,537.61,2782.93,28.36,37.81,3386.71
Porto Alegre,70.7,3,4,1,11,acept,furnished,309.56,2718.56,101.13,23.77,3153.02
Sao Paulo,96.0,4,4,1,30,not acept,furnished,672.1,5465.64,162.96,66.78,6367.48
Salvador,32.9,1,1,1,0,not acept,furnished,310.16,2316.28,85.45,19.29,2731.18
Belo Horizonte,87.0,1,2,0,16,not acept,furnished,569.66,3495.4,67.36,30.36,4162.78
Belo Horizonte,30.7,3,2,0,23,acept,not furnished,385.2,2127.85,82.51,23.47,2619.03
Curitiba,107.3,3,3,1,20,not acept,furnished,428.43,3861.86,86.75,28.4,4405.44
Salvador,47.1,2,3,1,14,acept,furnished,391.49,2703.25,80.78,26.29,3201.81
Belo Horizonte,44.6,3,3,3,14,not acept,not furnished,154.72,1403.72,62.46,17.18,1638.08
Belo Horizonte,50.8,5,6,3,11,not acept,not furnished,200.2,1474.95,18.57,7.58,1701.3
Recife,18.0,3,3,1,9,not acept,not furnished,76.85,400.0,17.68,5.57,500.1
Porto Alegre,109.6,2,1,2,17,not acept,not furnished,655.73,3527.24,82.04,34.79,4299.8
Rio de Janeiro,138.3,4,3,2,22,not acept,furnished,506.54,3742.67,74.2,41.58,4364.99
Curitiba,18.0,2,2,2,6,not acept,furnished,56.41,454.91,19.99,5.64,536.95
Rio de Janeiro,91.4,2,2,1,29,acept,not furnished,377.74,2598.24,98.21,16.55,3090.74
Sao Paulo,136.3,3,3,2,9,not acept,furnished,1069.38,6365.49,139.02,86.36,7660.25
Belo Horizonte,77.6,3,4,0,12,not acept,not furnished,281.94,2998.16,113.55,25.85,3419.5
Fortaleza,49.3,4,3,1,11,acept,not furnished,262.45,2448.15,112.96,13.49,2837.05
Fortaleza,33.4,2,3,1,1,acept,not furnished,142.94,1513.68,67.84,21.33,1745.79
Rio de Janeiro,126.2,1,1,1,1,acept,not furnished,393.42,4784.05,202.12,61.98,5441.57
Belo Horizonte,69.0,4,3,2,24,acept,not furnished,358.9,2061.8,102.82,17.68,2541.2
Sao Paulo,154.4,2,3,0,10,acept,not furnished,597.59,4781.47,80.11,64.5,5523.67
Recife,44.5,2,1,2,4,not acept,not furnished,318.0,1852.01,74.04,21.18,2265.23
Recife,41.9,3,2,0,21,not acept,furnished,232.44,1665.56,36.27,21.54,1955.81
Curitiba,69.9,5,5,0,29,acept,not furnished,413.72,2549.59,120.53,37.39,3121.23
Salvador,21.5,3,4,1,28,acept,not furnished,253.56,1814.4,23.98,10.22,2102.16
Curitiba,88.4,2,3,0,21,not acept,not furnished,410.83,2967.36,108.92,37.99,3525.1
Belo Horizonte,85.8,3,2,3,4,not acept,not furnished,559.49,3001.68,54.27,16.98,3632.42
Sao Paulo,18.0,5,6,1,2,acept,not furnished,105.04,670.88,33.29,7.89,817.1
Rio de Janeiro,97.7,4,3,1,26,not acept,furnished,300.03,3218.43,99.08,42.12,3659.66
Curitiba,18.0,2,1,1,29,acept,not furnished,59.28,400.0,12.53,3.57,475.38
Curitiba,67.2,4,5,1,18,acept,not furnished,272.41,2813.68,87.49,20.58,3194.16
Rio de Janeiro,82.1,4,3,0,27,not acept,not furnished,496.08,3311.94,133.65,23.99,3965.66
Recife,25.4,3,3,1,24,acept,furnished,205.38,1289.35,62.99,10.53,1568.25
Sao Paulo,85.7,3,4,0,2,acept,not furnished,260.18,2520.75,122.07,31.19,2934.19
Belo Horizonte,23.0,2,3,2,5,not acept,not furnished,142.78,1438.54,27.81,21.43,1630.56
Curitiba,135.4,3,2,2,0,acept,furnished,516.0,5059.31,163.67,75.04,5814.02
Curitiba,18.0,3,4,1,13,not acept,not furnished,78.4,3146.9076295581235,13.96,3.14,533.99
Curitiba,79.1,1,2,3,8,acept,not furnished,251.64,2542.46,38.09,16.28,2848.47
Sao Paulo,55.1,2,2,2,11,not acept,not furnished,193.99,1117.11,42.32,7.37,1360.79
Sao Paulo,160.6,2,2,0,0,not acept,furnished,503.69,6112.57,246.73,65.91,6928.9
Curitiba,113.5,4,5,3,21,not acept,furnished,786.09,30482.099641035566,196.68,47.97,5423.56
Belo Horizonte,102.7,3,2,2,4,not acept,not furnished,273.38,2503.72,98.7,35.06,2910.86
Sao Paulo,148.4,3,3,2,9,acept,not furnished,593.3,5782.2,85.27,51.77,6512.54
Curitiba,70.5,4,4,2,11,not acept,furnished,505.56,47754.90299065157,151.83,44.34,3948.75
Rio de Janeiro,122.6,3,3,1,0,acept,furnished,901.28,4880.07,89.97,32.16,5903.48
Curitiba,23.7,4,3,3,9,not acept,not furnished,152.11,916.53,31.51,12.2,1112.35
Salvador,48.4,1,2,1,27,not acept,furnished,343.24,2330.65,83.43,20.01,2777.33
Sao Paulo,140.9,3,4,0,27,not acept,furnished,582.28,74362.22460330736,86.09,72.02,6094.36
Sao Paulo,111.5,3,3,1,0,not acept,not furnished,483.25,3744.93,88.88,30.52,4347.58
Porto Alegre,100.2,2,3,1,0,acept,not furnished,580.94,3175.91,69.85,39.35,3866.05
Belo Horizonte,46.0,2,2,1,17,acept,not furnished,400.93,2280.74,87.56,30.9,2800.13
Curitiba,91.5,2,2,0,4,acept,furnished,353.9,3319.26,116.17,20.62,3809.95
Salvador,79.9,3,2,0,27,acept,not furnished,511.78,2762.8,74.31,16.92,3365.81
Salvador,18.0,3,2,0,13,acept,furnished,53.63,493.06,8.19,6.06,560.94
Recife,52.3,3,3,2,8,not acept,not furnished,441.35,2229.69,88.21,26.5,2785.75
Belo Horizonte,73.5,2,1,2,29,not acept,not furnished,421.89,2493.09,118.56,16.84,3050.38
Rio de Janeiro,82.4,2,1,0,8,not acept,not furnished,486.78,2949.74,97.58,44.22,3578.32
Rio de Janeiro,54.0,4,3,1,8,not acept,furnished,310.58,2070.04,96.22,13.26,2490.1
Sao Paulo,71.1,2,3,1,2,not acept,not furnished,502.03,2747.91,116.62,27.36,3393.92
Belo Horizonte,47.1,3,4,1,5,acept,not furnished,336.45,1808.72,86.83,13.21,2245.21
Sao Paulo,153.4,1,1,1,23,not acept,not furnished,603.58,5459.91,128.7,31.86,6224.05
Fortaleza,96.9,2,3,2,22,not acept,not furnished,405.49,2316.59,81.74,22.01,2825.83
Belo Horizonte,92.7,4,4,2,10,not acept,furnished,346.99,3475.32,66.51,52.06,3940.88
Belo Horizonte,85.7,5,5,1,9,acept,not furnished,304.94,2394.15,94.61,34.92,2828.62
Rio de Janeiro,114.9,2,1,0,11,acept,furnished,685.86,3613.82,178.4,31.61,4509.69
Sao Paulo,133.0,2,1,2,7,acept,not furnished,571.79,4905.39,112.16,49.1,5638.44
Sao Paulo,156.5,2,3,1,17,acept,not furnished,713.44,5412.53,68.32,75.96,6270.25
Rio de Janeiro,77.4,2,1,1,25,not acept,furnished,492.01,3769.93,184.48,53.25,4499.67
Sao Paulo,137.0,3,2,0,0,not acept,furnished,743.21,5005.63,56.3,64.01,5869.15
Belo Horizonte,89.9,3,3,1,28,not acept,not furnished,522.29,2900.05,71.25,21.99,3515.58
Fortaleza,83.1,3,3,1,1,not acept,furnished,329.91,2265.07,73.37,19.75,2688.1
Fortaleza,20.4,3,4,0,27,acept,not furnished,288.11,1495.02,61.71,16.04,1860.88
Curitiba,92.3,2,3,1,5,acept,not furnished,666.09,3601.13,67.2,48.8,4383.22
Sao Paulo,37.1,3,4,1,28,not acept,furnished,463.41,3016.76,36.69,28.39,3545.25
Salvador,31.2,4,3,0,23,not acept,not furnished,293.79,18671.53446380631,84.41,25.05,2631.71
Fortaleza,42.5,3,2,2,6,acept,not furnished,127.87,1074.82,14.92,9.79,1227.4
Sao Paulo,132.7,4,3,0,0,acept,furnished,845.46,5508.82,108.82,59.99,6523.09
Porto Alegre,36.4,3,2,0,21,not acept,furnished,405.14,2288.72,47.4,11.77,2753.03
Sao Paulo,85.7,3,3,0,25,acept,not furnished,395.68,2812.89,122.39,24.51,3355.47
Salvador,35.8,4,5,1,20,acept,furnished,328.33,1767.73,58.65,22.39,2177.1
Recife,41.1,3,4,1,10,acept,not furnished,73.9,645.41,18.12,3.39,740.82
Sao Paulo,150.7,3,3,2,1,not acept,not furnished,864.22,4718.12,52.02,62.17,5696.53
Fortaleza,55.0,2,2,0,9,not acept,not furnished,399.68,2503.3,75.91,37.18,3016.07
Curitiba,18.0,4,3,3,6,acept,not furnished,223.28,1941.61,74.76,19.2,2258.85
Recife,110.2,1,2,1,21,acept,furnished,625.05,4818.64,236.43,32.37,5712.49
Rio de Janeiro,111.2,3,4,1,2,acept,not furnished,402.54,4758.09,139.46,64.3,5364.39
Salvador,109.9,3,3,1,24,not acept,not furnished,483.5,2547.29,82.22,32.94,3145.95
Sao Paulo,85.3,3,4,0,18,not acept,not furnished,635.69,3691.49,84.38,54.6,4466.16
Rio de Janeiro,40.9,3,3,0,13,acept,not furnished,458.24,2991.81,127.54,22.31,3599.9
Sao Paulo,123.0,3,4,2,9,acept,not furnished,733.46,3731.8,117.98,25.64,4608.88
Recife,42.2,2,2,0,14,not acept,furnished,392.68,2059.93,51.59,13.06,2517.26
Salvador,74.8,4,3,0,15,acept,furnished,468.23,2464.41,36.13,23.27,2992.04
Salvador,18.0,3,4,1,5,acept,furnished,70.2,602.78,27.53,7.4,707.91
Fortaleza,67.7,4,3,1,30,not acept,not furnished,354.35,3305.19,139.01,21.26,3819.81
Sao Paulo,143.0,2,2,1,27,not acept,furnished,769.79,4548.44,83.2,42.13,5443.56
Rio de Janeiro,128.5,3,4,0,10,acept,furnished,680.46,5709.48,256.95,42.75,6689.64
Sao Paulo,119.1,3,4,0,6,not acept,furnished,498.48,4425.49,142.9,39.65,5106.52
Sao Paulo,68.6,2,1,2,7,acept,not furnished,270.63,19183.362948963528,100.15,13.53,2837.78
Sao Paulo,96.4,4,3,1,30,not acept,not furnished,291.06,3296.06,118.83,29.25,3735.2
Rio de Janeiro,33.8,1,1,0,11,not acept,not furnished,346.83,17302.615985237568,26.61,11.9,2462.77
Sao Paulo,140.8,3,2,1,28,acept,not furnished,301.78,3725.69,74.33,47.34,4149.14
Sao Paulo,106.2,3,4,0,0,acept,furnished,700.43,4740.28,127.56,25.79,5594.06
Sao Paulo,144.2,3,4,1,23,acept,not furnished,577.63,5157.35,74.61,43.26,5852.85
Sao Paulo,204.6,3,4,2,23,acept,furnished,1246.72,7785.16,193.91,48.96,9274.75
Recife,47.9,2,3,1,19,acept,furnished,520.27,2689.81,30.78,32.65,3273.51
Porto Alegre,74.9,3,2,1,1,acept,not furnished,395.54,2427.63,110.07,15.59,2948.83
Recife,37.4,2,1,2,30,acept,furnished,250.29,1995.91,23.41,23.0,2292.61
Rio de Janeiro,69.7,3,3,2,4,acept,not furnished,227.39,2242.95,71.63,25.03,2567.0
Sao Paulo,138.4,2,1,1,21,not acept,furnished,726.93,6023.55,226.38,65.34,7042.2
Porto Alegre,63.4,3,3,1,22,acept,not furnished,303.09,2244.18,48.73,17.19,2613.19
Rio de Janeiro,91.6,3,2,1,22,not acept,not furnished,621.72,3347.79,33.76,46.46,4049.73
Sao Paulo,163.5,4,3,1,25,not acept,furnished,802.9,4070.52,130.9,28.06,5032.38
Sao Paulo,137.5,3,4,1,30,not acept,not furnished,834.19,4360.94,124.73,37.8,5357.66
Sao Paulo,125.8,2,1,1,0,acept,not furnished,642.74,4588.44,80.19,56.34,5367.71
Sao Paulo,169.3,3,3,1,13,not acept,not furnished,837.26,6129.18,83.88,44.48,7094.8
Rio de Janeiro,130.0,3,4,1,30,not acept,furnished,669.79,5947.62,249.27,65.84,6932.52
Curitiba,45.6,2,1,1,27,not acept,not furnished,168.32,1340.03,23.85,16.28,1548.48
Sao Paulo,62.5,2,3,1,30,not acept,not furnished,344.35,1811.6,48.91,19.04,2223.9
Sao Paulo,40.8,3,4,2,17,acept,not furnished,302.68,16302.10786091836,68.52,13.59,2035.3
Salvador,77.2,2,3,1,20,acept,not furnished,70.91,726.2,33.85,9.35,840.31
Sao Paulo,23.7,2,2,2,6,not acept,furnished,123.01,1003.66,26.04,6.1,1158.81
Rio de Janeiro,161.2,1,1,2,12,not acept,not furnished,735.7,4914.96,140.73,35.81,5827.2
Salvador,63.3,2,1,1,0,acept,furnished,245.21,2625.51,100.88,22.87,2994.47
Sao Paulo,196.3,1,2,0,21,not acept,not furnished,761.7,6231.96,100.49,60.07,7154.22
Sao Paulo,124.3,3,2,0,28,not acept,furnished,759.67,5058.49,220.5,26.47,6065.13
Rio de Janeiro,60.2,2,2,2,1,acept,furnished,416.18,3101.23,64.76,37.0,3619.17
Rio de Janeiro,170.7,2,3,2,12,acept,not furnished,928.69,5055.73,134.73,34.31,6153.46
Belo Horizonte,34.2,2,2,1,18,acept,not furnished,197.37,1304.3,62.0,18.15,1581.82
Salvador,47.7,3,4,0,18,acept,not furnished,271.7,1692.43,82.6,13.63,2060.36
Sao Paulo,130.8,4,5,2,7,acept,not furnished,561.1,3915.73,107.05,30.24,4614.12
Belo Horizonte,23.9,3,4,1,0,not acept,furnished,202.83,1732.93,35.96,10.78,1982.5
Belo Horizonte,82.5,3,2,3,27,not acept,not furnished,485.87,3212.96,49.75,40.25,3788.83
Sao Paulo,33.9,3,3,1,0,not acept,not furnished,304.93,1526.54,24.76,21.84,1878.07
Curitiba,87.4,1,1,2,3,acept,not furnished,205.03,1969.95,59.9,25.36,2260.24
Sao Paulo,179.1,1,1,1,29,not acept,furnished,999.59,5990.98,224.25,81.62,7296.44
Rio de Janeiro,145.5,1,2,0,14,acept,furnished,810.87,4901.14,120.15,55.8,5887.96
Sao Paulo,69.2,1,1,0,26,not acept,furnished,525.7,3027.6,59.22,25.59,3638.11
Rio de Janeiro,44.8,2,1,3,27,acept,not furnished,227.26,1715.13,17.36,21.42,1981.17
Rio de Janeiro,123.4,3,2,1,30,not acept,furnished,368.83,4537.28,98.09,31.61,5035.81
Salvador,56.7,1,1,0,0,not acept,furnished,604.7,3208.05,112.9,16.27,3941.92
Sao Paulo,109.3,4,5,2,0,not acept,furnished,581.69,5242.87,207.83,45.15,6077.54
Rio de Janeiro,110.3,4,5,2,4,not acept,not furnished,428.08,3341.26,142.3,36.34,3947.98
Rio de Janeiro,93.3,5,4,1,19,acept,not furnished,517.12,2878.25,88.9,33.39,3517.66
Porto Alegre,18.0,1,1,1,6,acept,furnished,241.0,1305.3,61.21,12.19,1619.7
Belo Horizonte,109.2,4,4,1,14,acept,furnished,447.22,2751.41,114.38,37.23,3350.24
Curitiba,61.7,4,5,2,23,acept,furnished,192.58,1450.54,60.14,19.1,1722.36
Porto Alegre,31.5,4,3,0,3,not acept,furnished,361.12,2294.88,24.55,11.64,2692.19
Salvador,27.5,3,4,1,7,acept,not furnished,125.39,951.37,11.37,11.41,1099.54
Rio de Janeiro,47.8,3,3,1,21,not acept,not furnished,271.33,2593.31,105.32,31.65,3001.61
Belo Horizonte,18.0,1,1,1,0,acept,furnished,84.75,702.95,15.56,8.93,812.19
Salvador,55.5,1,2,0,22,not acept,not furnished,296.67,1945.36,41.44,24.92,2308.39
Recife,42.3,1,2,1,20,not acept,not furnished,120.91,1339.11,29.24,9.11,1498.37
Fortaleza,74.4,4,5,1,1,acept,not furnished,192.17,2328.02,93.3,16.52,2630.01
Rio de Janeiro,104.8,1,2,2,5,not acept,furnished,300.26,3726.9,138.3,38.93,4204.39
Sao Paulo,54.7,1,2,1,0,acept,not furnished,193.67,2072.27,24.83,16.97,2307.74
Rio de Janeiro,58.1,4,5,0,17,not acept,not furnished,279.56,2898.37,120.73,31.74,3330.4
Porto Alegre,18.0,1,1,0,10,not acept,furnished,312.48,1939.43,53.35,18.72,2323.98
Rio de Janeiro,154.6,4,5,2,11,acept,not furnished,780.14,6068.27,240.4,47.04,7135.85
Rio de Janeiro,160.2,3,3,3,1,acept,not furnished,476.25,5579.17,267.04,66.02,6388.48
Salvador,53.8,1,1,0,9,acept,not furnished,228.26,2223.65,78.85,21.3,2552.06
Rio de Janeiro,113.3,1,2,2,28,acept,not furnished,496.8,3511.89,130.99,46.56,4186.24
Salvador,81.2,3,2,1,0,acept,not furnished,355.2,2298.41,54.2,12.5,2720.31
Rio de Janeiro,66.0,5,6,2,30,acept,not furnished,524.95,2647.5,92.35,19.38,3284.18
Rio de Janeiro,33.6,4,4,0,25,acept,furnished,127.17,893.97,34.57,4.47,1060.18
Rio de Janeiro,170.1,2,3,1,4,not acept,not furnished,454.75,4823.57,98.56,44.31,5421.19
Porto Alegre,49.2,2,3,1,21,acept,furnished,379.74,2407.82,55.97,17.02,2860.55
Sao Paulo,42.1,2,3,2,0,acept,furnished,128.55,841.56,11.44,6.07,987.62
Sao Paulo,18.0,3,3,2,2,acept,not furnished,68.65,566.7,23.03,6.76,665.14
Recife,42.6,2,2,0,13,not acept,not furnished,244.7,1538.5,54.03,19.83,1857.06
Sao Paulo,113.2,1,1,3,11,not acept,not furnished,740.32,3864.44,97.99,29.24,4731.99
Belo Horizonte,18.0,3,2,1,24,not acept,not furnished,32.96,400.0,12.53,4.46,449.95
Belo Horizonte,26.1,3,2,2,28,acept,furnished,45.23,431.64,16.01,4.66,497.54
Rio de Janeiro,24.5,1,1,2,29,acept,furnished,257.6,2734.34,47.39,13.79,3053.12
Curitiba,31.0,3,2,1,2,acept,furnished,271.61,1649.76,61.18,23.73,2006.28
Sao Paulo,173.7,3,4,1,20,not acept,furnished,1068.86,6708.21,235.72,56.36,8069.15
Belo Horizonte,92.5,3,2,3,16,acept,not furnished,219.89,2410.0,86.53,19.51,2735.93
Rio de Janeiro,102.4,3,2,0,10,acept,not furnished,294.14,3055.78,70.3,33.24,3453.46
Curitiba,59.5,3,2,2,30,not acept,furnished,612.09,3358.32,53.85,28.96,4053.22
Sao Paulo,155.9,3,4,2,12,acept,not furnished,974.81,6451.37,165.46,51.43,7643.07
Belo Horizonte,53.2,4,3,1,19,acept,not furnished,413.22,2925.63,40.26,36.16,3415.27
Sao Paulo,176.7,3,2,2,14,not acept,not furnished,698.9,4882.23,80.74,60.46,5722.33
Sao Paulo,92.5,3,2,1,1,acept,furnished,425.61,4262.94,137.08,50.53,4876.16
Sao Paulo,133.4,3,3,1,2,acept,not furnished,625.79,4898.79,230.32,66.48,5821.38
Sao Paulo,205.9,3,2,1,22,not acept,not furnished,1060.11,7072.9,133.77,70.51,8337.29
Salvador,33.8,2,1,0,24,acept,not furnished,216.68,1559.87,49.08,17.98,1843.61
Sao Paulo,48.0,2,1,2,9,acept,furnished,342.25,2604.28,42.51,38.94,3027.98
Fortaleza,28.9,3,4,1,0,acept,not furnished,154.72,1354.53,42.63,10.01,1561.89
Recife,77.0,2,1,1,29,acept,furnished,170.94,1375.73,55.28,18.51,1620.46
Belo Horizonte,36.4,2,1,2,14,not acept,furnished,213.84,1326.34,56.39,9.41,1605.98
Sao Paulo,151.6,3,3,1,2,not acept,furnished,1085.34,5517.21,209.58,52.37,6864.5
Rio de Janeiro,84.1,1,1,1,4,not acept,not furnished,583.61,3112.09,56.32,28.35,3780.37
Porto Alegre,73.4,3,4,2,0,not acept,not furnished,419.19,2383.82,66.72,29.78,2899.51
Rio de Janeiro,49.1,3,4,1,21,acept,not furnished,465.65,2811.56,120.01,33.4,3430.62
Sao Paulo,61.6,2,1,2,21,not acept,furnished,466.4,3500.83,138.0,44.44,4149.67
Belo Horizonte,43.5,2,2,1,17,not acept,not furnished,190.88,1499.56,63.16,15.73,1769.33
Salvador,94.7,2,3,0,15,not acept,not furnished,329.02,2069.05,28.56,11.92,2438.55
Porto Alegre,59.6,2,3,0,10,not acept,not furnished,157.64,1543.2,60.35,16.89,1778.08
Sao Paulo,150.2,2,2,2,29,not acept,furnished,1012.62,5282.11,146.43,39.98,6481.14
Curitiba,62.0,2,1,1,24,not acept,not furnished,270.8,38372.085867223206,69.82,26.87,3243.72
Sao Paulo,26.2,3,3,2,27,not acept,not furnished,65.52,698.52,11.5,4.31,779.85
Sao Paulo,61.8,3,2,0,8,acept,furnished,312.88,3069.2,59.92,21.65,3463.65
Fortaleza,23.6,3,2,1,30,not acept,not furnished,63.02,712.7,24.24,6.72,806.68
Sao Paulo,177.9,3,3,0,3,not acept,not furnished,562.62,6513.87,248.09,78.17,7402.75
Sao Paulo,136.9,2,1,2,0,acept,furnished,512.32,5212.31,165.68,44.49,5934.8
Sao Paulo,57.0,2,3,2,8,not acept,not furnished,176.46,1479.11,71.89,13.22,1740.68
Fortaleza,24.3,1,1,2,4,acept,not furnished,123.58,833.72,14.57,9.53,981.4
Porto Alegre,66.7,4,5,1,14,not acept,not furnished,247.59,1709.71,56.39,12.04,2025.73
Curitiba,43.3,4,3,0,9,acept,not furnished,110.39,1241.85,49.32,7.58,1409.14
Porto Alegre,26.5,1,1,2,3,not acept,furnished,260.74,1591.25,31.21,22.02,1905.22
Sao Paulo,53.3,3,3,1,25,acept,not furnished,46.06,400.0,4.69,3.26,454.01
Rio de Janeiro,99.7,5,5,2,14,not acept,not furnished,521.58,4025.84,78.68,34.78,4660.88
Rio de Janeiro,33.3,3,2,3,1,not acept,furnished,230.6,1858.38,19.1,24.21,2132.29
Sao Paulo,107.6,3,3,0,0,not acept,not furnished,709.79,5090.38,144.21,37.07,5981.45
Rio de Janeiro,120.8,2,1,0,10,not acept,furnished,285.16,3397.31,39.92,45.62,3768.01
Fortaleza,24.6,2,3,2,27,not acept,furnished,97.29,942.7,37.76,10.81,1088.56
Sao Paulo,234.5,3,3,2,14,acept,not furnished,764.56,7765.96,357.4,99.19,8987.11
Sao Paulo,125.2,3,4,1,2,acept,not furnished,710.1,4026.66,91.94,40.87,4869.57
Sao Paulo,113.9,3,3,2,5,acept,not furnished,451.47,3078.44,103.14,17.44,3650.49
Sao Paulo,48.9,1,2,3,0,acept,not furnished,527.74,3081.21,132.6,38.51,3780.06
Fortaleza,18.6,4,3,1,25,acept,furnished,261.19,1585.29,32.5,12.84,1891.82
Rio de Janeiro,74.2,4,3,2,29,acept,furnished,333.97,2978.91,114.04,33.93,3460.85
Rio de Janeiro,156.7,1,1,1,0,acept,not furnished,705.75,71806.54758596861,228.8,29.72,5960.4
Porto Alegre,63.5,1,1,0,3,not acept,not furnished,216.61,2223.78,83.31,26.34,2550.04
Sao Paulo,18.0,3,3,1,3,acept,not furnished,329.04,1894.06,70.47,12.39,2305.96
Rio de Janeiro,112.2,2,3,2,24,not acept,not furnished,352.4,47233.428462074844,48.11,22.77,3793.02
Rio de Janeiro,76.1,2,2,1,25,acept,not furnished,601.96,3037.5,49.64,25.91,3715.01
Belo Horizonte,70.3,1,1,1,11,acept,furnished,543.88,2764.29,92.45,39.98,3440.6
Recife,107.9,5,4,2,29,not acept,not furnished,291.05,2913.74,51.32,25.17,3281.28
Porto Alegre,95.6,4,4,2,6,acept,furnished,247.69,27526.962679885983,87.86,24.81,3423.19
Rio de Janeiro,49.4,1,2,0,15,not acept,not furnished,118.94,1264.75,56.67,9.83,1450.19
Salvador,71.6,4,4,1,30,acept,not furnished,268.7,2082.24,100.02,24.88,2475.84
Sao Paulo,143.0,3,4,3,25,acept,not furnished,813.47,42924.0276214165,124.26,66.47,5690.9
Sao Paulo,245.9,2,1,1,13,not acept,furnished,1823.59,10046.35,161.07,92.16,12123.17
Sao Paulo,147.3,4,3,2,1,not acept,not furnished,756.43,5485.41,255.21,58.98,6556.03
Rio de Janeiro,144.1,3,3,0,27,not acept,furnished,886.48,4800.66,137.79,62.84,5887.77
Belo Horizonte,102.8,4,5,1,15,acept,not furnished,451.9,2427.98,52.42,25.26,2957.56
Belo Horizonte,27.5,3,2,2,7,acept,not furnished,198.78,1304.15,64.88,15.13,1582.94
Fortaleza,67.6,3,2,1,12,not acept,not furnished,211.83,1748.67,80.41,21.45,2062.36
Belo Horizonte,90.3,2,2,2,8,acept,furnished,429.45,2535.36,69.17,35.44,3069.42
Belo Horizonte,20.2,2,3,0,16,acept,not furnished,241.39,1504.48,18.09,11.72,1775.68
Sao Paulo,122.9,3,2,2,6,not acept,not furnished,592.86,4354.63,145.33,23.86,5116.68
Sao Paulo,135.9,4,3,1,12,not acept,not furnished,823.61,4777.15,184.69,70.29,5855.74
Belo Horizonte,49.8,3,4,2,11,not acept,not furnished,319.7,1793.98,18.32,26.89,2158.89
Rio de Janeiro,86.6,1,1,3,18,acept,not furnished,512.37,3243.27,75.4,45.24,3876.28
Salvador,39.0,1,1,2,0,acept,furnished,158.29,1933.34,26.64,15.68,2133.95
Sao Paulo,156.5,4,3,0,17,acept,not furnished,725.9,5342.0,241.25,52.41,6361.56
Sao Paulo,227.8,2,1,1,17,acept,furnished,1093.71,8260.92,96.47,104.61,9555.71
Rio de Janeiro,121.2,2,2,1,10,not acept,not furnished,444.51,2373.71,113.97,16.2,2948.39
Sao Paulo,149.6,4,4,2,5,not acept,not furnished,641.86,4544.53,51.82,64.09,5302.3
Sao Paulo,151.5,4,3,1,25,acept,furnished,672.3,5379.18,61.09,72.3,6184.87
Porto Alegre,48.1,3,4,1,9,not acept,not furnished,288.6,2455.31,67.16,29.5,2840.57
Sao Paulo,101.0,2,3,1,8,not acept,not furnished,676.3,4461.55,107.61,60.7,5306.16
Belo Horizonte,41.0,2,1,1,13,acept,furnished,202.84,2290.76,27.39,24.16,2545.15
Sao Paulo,133.6,3,2,2,6,not acept,furnished,955.44,5162.65,215.07,31.94,6365.1
Sao Paulo,139.1,4,3,2,25,acept,not furnished,720.63,4666.06,58.92,34.5,5480.11
Rio de Janeiro,60.2,5,4,2,16,not acept,furnished,300.04,2751.12,34.18,30.0,3115.34
Salvador,92.5,3,3,1,22,acept,not furnished,284.54,2490.3,73.29,36.61,2884.74
Rio de Janeiro,18.0,4,5,1,22,not acept,not furnished,278.82,1479.83,35.46,7.64,1801.75
Porto Alegre,60.4,1,2,2,23,acept,furnished,137.9,19632.320223809314,25.73,19.02,1825.28
Sao Paulo,152.6,2,3,1,26,acept,not furnished,696.41,5986.79,89.24,75.81,6848.25
Porto Alegre,101.3,2,2,2,28,not acept,not furnished,260.61,2261.21,110.33,30.72,2662.87
Sao Paulo,158.4,5,4,1,10,not acept,furnished,839.86,4955.15,177.1,71.73,6043.84
Curitiba,76.0,1,2,0,12,not acept,not furnished,344.42,3298.73,60.58,19.99,3723.72
Belo Horizonte,55.8,2,3,2,0,acept,not furnished,169.54,1929.02,44.07,13.06,2155.69
Fortaleza,66.1,4,4,1,28,acept,not furnished,211.96,1672.89,61.02,10.42,1956.29
Rio de Janeiro,50.2,2,1,0,17,acept,not furnished,633.93,3813.03,51.45,52.16,4550.57
Sao Paulo,18.0,2,1,1,21,acept,furnished,139.05,1595.79,38.77,10.08,1783.69
Sao Paulo,122.4,3,2,1,12,not acept,furnished,442.2,4395.54,48.87,23.39,4910.0
Salvador,38.3,3,4,2,13,not acept,not furnished,313.68,2012.42,68.87,10.45,2405.42
Belo Horizonte,91.7,3,3,2,15,not acept,not furnished,446.08,2706.73,119.58,24.64,3297.03
Porto Alegre,18.0,4,5,0,24,not acept,not furnished,74.89,933.12,43.01,10.38,1061.4
Sao Paulo,144.4,2,2,0,18,acept,not furnished,730.99,3799.76,135.99,27.67,4694.41
Rio de Janeiro,175.5,4,4,2,24,acept,not furnished,721.71,5749.61,243.5,45.39,6760.21
Sao Paulo,88.8,3,4,3,4,acept,furnished,365.67,25503.413431434965,119.87,18.29,3467.23
Recife,23.9,2,2,3,4,not acept,not furnished,248.21,1374.25,14.87,13.2,1650.53
Curitiba,18.0,4,4,1,4,not acept,furnished,41.24,442.76,7.45,4.42,495.87
Fortaleza,35.0,1,1,1,0,not acept,not furnished,125.04,1159.09,14.64,13.54,1312.31
Sao Paulo,18.0,1,1,3,3,acept,not furnished,72.99,400.0,8.48,4.19,485.66
Belo Horizonte,33.2,4,3,1,1,acept,not furnished,59.05,400.0,5.35,3.08,467.48
Curitiba,75.1,1,1,1,12,not acept,not furnished,434.09,2821.89,85.69,38.91,3380.58
Rio de Janeiro,96.0,1,1,2,1,acept,furnished,515.88,4421.95,78.13,37.11,5053.07
Salvador,68.9,2,3,1,11,not acept,furnished,284.21,1972.16,33.17,23.68,2313.22
Recife,18.0,1,2,2,30,acept,not furnished,72.31,400.0,19.75,4.85,496.91
Fortaleza,41.3,4,5,2,14,acept,not furnished,313.47,1584.15,73.81,9.67,1981.1
Porto Alegre,70.1,4,3,3,28,not acept,not furnished,410.0,3238.54,58.21,33.45,3740.2
Sao Paulo,38.3,3,4,0,21,not acept,not furnished,266.17,2681.91,49.0,24.57,3021.65
Sao Paulo,181.3,2,1,1,27,not acept,not furnished,804.19,6518.52,256.41,89.93,7669.05
Recife,38.5,3,2,2,18,not acept,furnished,198.88,9184.255344256631,59.28,14.61,1908.36
Sao Paulo,148.2,2,2,1,24,not acept,not furnished,606.06,4945.22,109.35,30.32,5690.95
Curitiba,150.4,2,2,1,7,acept,furnished,675.37,6110.27,272.74,84.25,7142.63
Curitiba,41.2,1,1,2,10,not acept,not furnished,267.01,1834.75,27.28,25.56,2154.6
Curitiba,24.5,2,2,1,29,not acept,furnished,421.12,2145.34,87.98,26.3,2680.74
Recife,65.1,3,3,1,6,not acept,not furnished,149.3,1728.7,79.99,18.66,1976.65
Rio de Janeiro,49.0,4,4,0,11,not acept,not furnished,339.01,2279.95,36.57,30.02,2685.55
Rio de Janeiro,127.9,3,3,2,19,not acept,furnished,1296.65,6659.88,215.01,43.7,8215.24
Sao Paulo,18.0,3,4,2,10,not acept,furnished,55.73,426.93,5.24,5.03,492.93
Rio de Janeiro,33.1,2,2,2,0,not acept,not furnished,129.35,889.35,37.7,5.91,1062.31
Sao Paulo,85.6,4,3,1,24,not acept,not furnished,293.17,3150.73,123.24,39.78,3606.92
Rio de Janeiro,127.0,4,4,1,8,not acept,not furnished,745.58,4929.4,141.77,31.4,5848.15
Salvador,98.3,4,4,0,5,acept,furnished,361.89,2862.99,62.01,35.17,3322.06
Fortaleza,51.3,1,2,1,14,not acept,not furnished,214.26,1281.04,22.01,7.92,1525.23
Sao Paulo,114.6,3,4,1,0,not acept,not furnished,471.07,3364.73,131.01,43.37,4010.18
Rio de Janeiro,18.0,3,4,0,26,acept,not furnished,78.27,842.77,31.8,5.54,958.38
Fortaleza,20.1,2,2,0,6,not acept,furnished,163.7,1653.72,51.0,15.47,1883.89
Sao Paulo,77.6,5,4,2,28,not acept,furnished,594.86,3198.54,50.13,43.7,3887.23
Sao Paulo,137.4,2,3,3,20,acept,not furnished,773.69,5096.02,61.49,63.14,5994.34
Sao Paulo,59.2,2,2,1,15,not acept,not furnished,204.87,2317.05,26.25,31.47,2579.64
Belo Horizonte,21.5,3,3,0,24,not acept,furnished,201.06,1723.39,78.1,19.9,2022.45
Sao Paulo,27.0,2,2,3,30,not acept,not furnished,153.17,896.57,13.39,7.91,1071.04
Recife,56.2,4,5,2,6,not acept,not furnished,193.01,1290.53,38.01,10.94,1532.49
Rio de Janeiro,18.6,2,2,2,9,not acept,not furnished,190.79,1028.91,44.25,6.64,1270.59
Belo Horizonte,87.8,2,3,1,13,acept,furnished,482.64,4217.49,119.94,39.68,4859.75
Sao Paulo,72.1,3,3,0,15,not acept,not furnished,623.35,3374.24,35.26,47.25,4080.1
Rio de Janeiro,64.6,1,1,3,16,acept,furnished,165.01,1260.24,53.34,15.99,1494.58
Curitiba,73.3,3,2,2,15,acept,not furnished,485.49,,34.05,13.26,3003.84
Porto Alegre,23.1,3,3,2,25,not acept,not furnished,101.41,558.13,16.94,3.86,680.34
Porto Alegre,108.2,3,4,3,11,not acept,furnished,695.67,3649.81,156.1,42.53,4544.11
Belo Horizonte,54.6,5,5,0,0,acept,not furnished,487.08,2701.5,88.63,19.45,3296.66
Fortaleza,65.3,3,2,0,26,not acept,not furnished,307.98,1819.19,32.67,16.52,2176.36
Salvador,18.0,3,3,0,19,not acept,not furnished,79.86,454.17,6.82,6.46,547.31
Porto Alegre,96.2,4,5,1,3,not acept,not furnished,404.9,2754.93,136.22,39.33,3335.38
Sao Paulo,44.8,3,4,2,0,not acept,furnished,142.74,1124.14,22.4,8.58,1297.86
Sao Paulo,129.1,2,3,2,8,not acept,not furnished,511.44,,41.94,43.04,4567.97
Sao Paulo,88.8,1,2,1,1,not acept,not furnished,349.31,2657.86,66.16,31.93,3105.26
Curitiba,82.8,3,2,1,27,not acept,not furnished,441.99,3143.83,123.75,22.55,3732.12
Rio de Janeiro,79.2,5,6,1,6,acept,not furnished,520.53,3226.63,85.87,19.0,3852.03
Rio de Janeiro,159.8,3,4,0,21,acept,not furnished,703.65,5677.46,92.74,46.99,6520.84
Fortaleza,18.0,2,1,2,19,acept,furnished,174.86,1080.72,19.19,15.76,1290.53
Fortaleza,63.3,3,4,1,21,not acept,not furnished,203.26,1688.74,65.38,22.64,1980.02
Fortaleza,56.0,3,2,1,15,not acept,not furnished,98.85,664.92,31.49,4.08,799.34
Rio de Janeiro,114.0,1,2,1,21,acept,not furnished,582.71,3663.01,75.9,50.4,4372.02
Curitiba,63.3,4,5,1,14,acept,not furnished,279.83,2202.81,103.86,25.59,2612.09
Sao Paulo,121.3,4,5,2,10,not acept,not furnished,513.26,3533.09,53.47,35.12,4134.94
Sao Paulo,123.5,3,4,1,26,acept,not furnished,310.28,3785.73,51.92,39.13,4187.06
Sao Paulo,90.2,1,1,0,12,not acept,not furnished,413.98,3019.07,50.74,37.42,3521.21
Rio de Janeiro,81.3,3,3,1,16,acept,furnished,397.78,2227.74,57.24,22.31,2705.07
Rio de Janeiro,49.2,1,2,1,13,not acept,not furnished,225.88,1949.38,61.23,19.97,2256.46
Salvador,37.6,3,4,1,23,not acept,not furnished,174.97,1563.78,30.0,12.98,1781.73
Sao Paulo,139.4,1,2,1,15,not acept,not furnished,880.8,5100.49,67.73,64.1,6113.12
Porto Alegre,74.6,3,3,0,13,acept,furnished,464.73,3922.23,154.67,32.57,4574.2
Belo Horizonte,48.8,2,3,2,6,acept,not furnished,285.35,2252.44,48.92,31.06,2617.77
Sao Paulo,129.9,4,3,1,28,acept,furnished,1003.87,5622.16,179.07,71.08,6876.18
Rio de Janeiro,108.6,3,3,0,26,not acept,not furnished,260.28,2967.41,120.42,29.12,3377.23
Sao Paulo,86.6,5,5,2,12,acept,not furnished,503.93,2622.18,37.28,28.18,3191.57
Belo Horizonte,42.5,2,2,2,19,not acept,not furnished,146.0,1407.94,42.97,20.32,1617.23
Rio de Janeiro,26.9,1,2,1,14,not acept,not furnished,149.01,1406.64,61.03,14.03,1630.71
Sao Paulo,140.6,2,1,2,3,acept,not furnished,631.27,3652.14,89.04,46.54,4418.99
Sao Paulo,146.8,1,1,1,10,acept,furnished,420.33,4444.7,138.9,30.47,5034.4
Belo Horizonte,57.9,2,1,1,26,acept,not furnished,222.7,2298.29,109.38,18.27,2648.64
Fortaleza,85.2,3,2,1,24,not acept,furnished,300.68,3305.43,131.47,20.81,3758.39
Rio de Janeiro,73.3,3,2,1,1,not acept,not furnished,341.2,2235.92,57.34,19.79,2654.25
Porto Alegre,18.0,1,2,0,0,acept,not furnished,316.99,1751.29,27.65,25.06,2120.99
Curitiba,114.4,2,3,0,26,acept,furnished,354.69,3490.95,72.93,19.5,3938.07
Fortaleza,90.9,3,4,2,27,acept,not furnished,367.76,2886.56,92.74,35.71,3382.77
Salvador,62.8,2,2,1,7,not acept,not furnished,260.75,1613.46,26.88,21.72,1922.81
Belo Horizonte,114.6,4,4,1,9,not acept,not furnished,334.1,2864.84,69.48,29.34,3297.76
Curitiba,61.1,2,1,2,8,not acept,furnished,268.26,2596.44,93.8,31.64,2990.14
Fortaleza,42.2,2,2,0,1,acept,not furnished,207.46,1099.12,51.95,15.56,1374.09
Rio de Janeiro,40.6,2,3,1,22,acept,furnished,154.03,937.43,17.81,10.59,1119.86
Rio de Janeiro,128.3,1,2,2,10,acept,furnished,926.94,,97.84,68.85,5945.91
Sao Paulo,146.3,4,5,1,25,not acept,not furnished,703.42,4048.81,151.5,30.73,4934.46
Salvador,58.0,2,3,1,26,acept,not furnished,298.77,,36.36,12.71,2801.84
Salvador,21.2,3,2,2,28,acept,not furnished,112.8,1358.12,22.55,9.15,1502.62
Sao Paulo,116.9,2,2,1,24,acept,not furnished,651.98,4792.31,81.41,68.91,5594.61
Belo Horizonte,114.3,3,4,1,23,acept,furnished,404.72,3262.12,117.53,32.08,3816.45
Rio de Janeiro,50.0,4,3,1,12,not acept,furnished,301.3,2142.8,61.45,20.71,2526.26
Sao Paulo,127.1,4,4,2,0,acept,furnished,351.94,4319.61,64.34,58.23,4794.12
Recife,48.0,1,1,1,1,not acept,not furnished,411.69,2858.73,59.81,37.59,3367.82
Sao Paulo,86.9,4,5,0,15,acept,not furnished,418.14,3227.27,91.77,30.79,3767.97
Sao Paulo,26.8,3,4,1,9,not acept,not furnished,206.7,1278.79,28.62,15.88,1529.99
Belo Horizonte,65.4,2,3,1,25,not acept,not furnished,279.06,2484.99,66.24,25.07,2855.36
Porto Alegre,77.1,3,3,2,16,not acept,furnished,139.11,780.33,36.43,6.48,962.35
Sao Paulo,124.5,5,6,1,0,not acept,not furnished,819.79,27453.69468985939,208.04,39.63,5346.58
Curitiba,39.6,1,1,2,13,acept,furnished,127.69,1278.58,63.53,15.23,1485.03
Belo Horizonte,18.0,3,2,1,25,acept,not furnished,307.63,1952.21,21.56,14.89,2296.29
Sao Paulo,69.4,2,2,0,26,acept,furnished,357.78,2293.05,88.48,15.2,2754.51
Sao Paulo,215.9,2,1,1,3,acept,not furnished,881.9,7299.23,346.01,54.37,8581.51
Belo Horizonte,85.2,4,4,1,1,not acept,not furnished,289.63,3092.77,142.78,42.97,3568.15
Sao Paulo,125.9,3,4,1,10,acept,not furnished,583.98,3644.22,40.06,40.54,4308.8
Fortaleza,105.0,1,2,2,0,not acept,not furnished,372.2,2763.94,116.88,22.57,3275.59
Salvador,27.2,3,2,3,21,not acept,not furnished,102.97,1000.23,28.36,11.11,1142.67
Recife,49.1,3,3,1,12,acept,not furnished,165.04,1899.82,83.61,25.57,2174.04
Sao Paulo,144.9,3,3,0,4,not acept,not furnished,870.51,4498.14,173.73,40.6,5582.98
Recife,102.9,2,1,3,1,not acept,not furnished,312.58,2422.02,66.86,16.6,2818.06
Rio de Janeiro,50.0,2,2,2,28,not acept,not furnished,459.58,2705.84,59.03,20.37,3244.82
Rio de Janeiro,144.5,4,4,1,0,acept,not furnished,360.22,3737.35,37.5,46.39,4181.46
Sao Paulo,97.8,3,2,2,0,acept,furnished,492.12,3176.95,100.42,23.33,3792.82
Sao Paulo,148.2,3,2,2,5,acept,not furnished,419.36,5052.34,131.17,40.6,5643.47
Curitiba,47.4,3,2,1,0,not acept,furnished,356.34,2726.79,64.28,38.66,3186.07
Rio de Janeiro,18.0,1,1,2,19,not acept,not furnished,43.78,400.0,11.49,4.44,459.71
Sao Paulo,110.4,3,2,1,4,not acept,furnished,422.99,3517.67,102.19,21.46,4064.31
Belo Horizonte,47.0,2,1,1,13,not acept,not furnished,310.91,23028.27377126036,66.35,25.92,2410.36
Sao Paulo,75.9,1,1,1,26,acept,not furnished,269.21,2196.23,79.81,15.96,2561.21
Belo Horizonte,116.2,2,1,0,25,not acept,furnished,452.84,4129.35,68.32,40.43,4690.94
Rio de Janeiro,87.9,3,4,1,2,not acept,furnished,805.99,4862.44,91.81,24.89,5785.13
Salvador,82.8,2,3,2,0,not acept,not furnished,222.81,1536.24,43.43,22.39,1824.87
Salvador,44.7,2,3,0,19,acept,not furnished,410.16,2641.46,54.5,35.11,3141.23
Rio de Janeiro,96.3,2,1,1,4,not acept,furnished,482.67,3834.19,160.23,56.92,4534.01
Rio de Janeiro,18.0,1,1,1,23,acept,not furnished,227.62,2056.76,60.16,23.4,2367.94
Rio de Janeiro,79.9,3,4,2,12,not acept,not furnished,368.17,3348.24,105.18,42.37,3863.96
Salvador,27.5,3,2,2,2,not acept,not furnished,241.3,1212.12,39.31,7.51,1500.24
Rio de Janeiro,85.5,1,2,0,30,not acept,not furnished,479.68,2999.49,117.12,25.74,3622.03
Sao Paulo,58.7,1,2,1,0,not acept,furnished,237.61,2582.87,98.8,21.7,2940.98
Sao Paulo,24.4,3,2,0,1,not acept,furnished,117.8,4125.287645064068,28.1,4.54,899.85
Rio de Janeiro,18.0,3,2,1,24,not acept,not furnished,36.96,400.0,5.3,3.36,445.62
Rio de Janeiro,109.6,3,4,1,12,acept,furnished,636.75,5491.58,220.02,62.95,6411.3
Salvador,89.9,2,1,0,28,not acept,not furnished,424.13,2337.32,97.31,16.3,2875.06
Sao Paulo,18.0,4,5,2,1,acept,not furnished,75.89,400.0,14.28,3.13,493.3
Rio de Janeiro,18.0,3,4,2,2,acept,furnished,90.96,496.51,21.89,4.1,613.46
Salvador,18.0,3,4,1,0,acept,not furnished,262.96,1794.62,39.87,25.9,2123.35
Salvador,98.4,1,2,1,4,not acept,furnished,499.27,3715.51,48.8,47.65,4311.23
Rio de Janeiro,84.3,2,2,2,19,acept,furnished,240.11,2193.11,48.73,13.86,2495.81
Rio de Janeiro,18.0,3,3,0,21,not acept,furnished,103.47,588.62,22.84,8.32,723.25
Rio de Janeiro,47.4,2,1,0,11,acept,furnished,65.58,3950.166563573436,17.34,5.45,512.19
Fortaleza,65.5,1,1,1,6,not acept,not furnished,263.06,17253.53580065069,63.7,16.79,2176.19
Sao Paulo,135.5,3,3,1,21,not acept,not furnished,482.28,4341.8,72.75,32.5,4929.33
Fortaleza,52.7,3,2,3,3,acept,furnished,233.38,1990.64,78.37,16.53,2318.92
Curitiba,56.6,3,4,0,23,acept,not furnished,263.45,2407.6,25.14,23.84,2720.03
Belo Horizonte,64.3,3,3,1,23,acept,not furnished,322.17,2058.04,25.38,24.08,2429.67
Sao Paulo,84.7,3,3,2,12,not acept,not furnished,613.34,3998.99,54.91,55.14,4722.38
Rio de Janeiro,55.4,3,3,2,4,not acept,furnished,125.07,1243.66,24.74,7.2,1400.67
Rio de Janeiro,90.0,4,4,2,18,acept,furnished,374.08,3121.65,86.77,27.45,3609.95
Sao Paulo,22.9,3,4,1,26,not acept,furnished,174.62,2128.37,67.29,23.09,2393.37
Curitiba,37.2,3,2,0,15,acept,furnished,155.44,1534.01,46.91,17.72,1754.08
Recife,60.8,2,2,3,13,not acept,not furnished,175.15,1221.1,47.72,10.58,1454.55
Belo Horizonte,101.6,4,4,1,30,not acept,not furnished,283.38,2261.57,34.34,18.43,2597.72
Curitiba,29.0,1,1,2,15,not acept,furnished,482.26,3205.03,109.39,30.96,3827.64
Sao Paulo,132.7,3,3,2,0,not acept,not furnished,744.2,5700.87,164.67,48.66,6658.4
Rio de Janeiro,85.8,2,1,1,14,acept,furnished,376.53,4127.09,153.23,47.01,4703.86
Sao Paulo,247.6,3,4,2,12,not acept,not furnished,1225.04,7656.88,375.15,49.36,9306.43
Belo Horizonte,38.4,2,1,1,7,not acept,furnished,306.82,1586.62,39.44,11.44,1944.32
Fortaleza,67.9,3,3,2,8,acept,not furnished,199.81,1771.22,35.16,10.07,2016.26
Curitiba,46.0,1,1,1,28,acept,furnished,261.3,2490.65,110.41,18.53,2880.89
Sao Paulo,71.6,2,1,0,2,acept,not furnished,452.93,2508.39,54.36,30.34,3046.02
Rio de Janeiro,152.9,4,5,2,23,not acept,furnished,689.78,6130.28,272.41,33.88,7126.35
Belo Horizonte,53.1,2,3,2,27,acept,not furnished,175.98,1403.93,17.23,15.18,1612.32
Rio de Janeiro,92.7,1,2,1,6,not acept,furnished,296.71,2781.75,34.83,25.42,3138.71
Salvador,98.4,3,4,2,0,not acept,not furnished,574.37,3695.26,129.61,47.87,4447.11
Salvador,53.7,5,4,2,7,acept,not furnished,321.78,2401.2,51.21,32.04,2806.23
Belo Horizonte,57.7,1,1,2,12,not acept,furnished,295.12,2372.55,60.93,34.25,2762.85
Rio de Janeiro,132.4,1,2,1,29,not acept,not furnished,323.79,2909.47,31.18,27.32,3291.76
Sao Paulo,104.5,3,2,2,12,acept,not furnished,631.94,3248.13,100.06,46.83,4026.96
Sao Paulo,20.1,2,1,1,0,acept,furnished,39.62,439.01,4.64,2.72,485.99
Rio de Janeiro,129.8,2,2,1,2,acept,furnished,626.83,5550.82,245.54,33.17,6456.36
Rio de Janeiro,18.0,4,3,0,9,not acept,not furnished,48.6,400.0,14.8,3.11,466.51
Curitiba,80.7,2,1,2,3,not acept,not furnished,412.73,2317.18,63.81,30.93,2824.65
Curitiba,115.6,3,4,1,0,not acept,not furnished,837.21,4310.9,153.56,24.57,5326.24
Sao Paulo,41.2,3,2,1,3,not acept,not furnished,182.78,2258.68,65.17,18.36,2524.99
Rio de Janeiro,109.5,4,5,1,1,not acept,not furnished,682.58,3497.12,57.66,49.68,4287.04
Sao Paulo,96.1,5,5,1,4,acept,not furnished,550.71,2817.82,88.57,29.88,3486.98
Sao Paulo,133.4,3,3,0,30,not acept,furnished,1094.21,5778.42,269.97,31.07,7173.67
Salvador,22.5,3,2,1,12,not acept,furnished,251.71,1322.27,46.79,10.37,1631.14
Sao Paulo,18.0,3,2,2,19,not acept,furnished,86.96,493.24,21.1,5.66,606.96
Rio de Janeiro,96.3,2,3,0,3,not acept,furnished,459.0,3956.22,79.24,20.54,4515.0
Sao Paulo,142.2,2,2,3,25,acept,not furnished,829.32,4707.77,125.13,46.52,5708.74
Fortaleza,44.5,5,6,0,6,not acept,not furnished,211.19,1522.73,32.08,22.75,1788.75
Belo Horizonte,18.0,2,1,2,30,acept,not furnished,121.12,836.12,33.55,6.97,997.76
Sao Paulo,96.5,1,1,2,25,not acept,not furnished,321.97,3890.85,138.2,28.39,4379.41
Belo Horizonte,68.9,4,3,2,29,acept,furnished,457.38,3338.07,109.77,19.45,3924.67
Porto Alegre,64.7,3,3,1,19,not acept,not furnished,245.69,2183.86,22.49,11.49,2463.53
Recife,81.9,2,3,2,19,not acept,furnished,302.83,2513.34,111.42,32.95,2960.54
Sao Paulo,102.1,1,1,1,25,acept,not furnished,692.03,5049.26,234.84,39.16,6015.29
Fortaleza,100.1,2,1,0,21,acept,not furnished,395.95,2435.9,92.77,12.93,2937.55
Fortaleza,40.8,4,4,1,17,acept,not furnished,112.49,1262.51,57.27,13.57,1445.84
Fortaleza,18.0,4,5,0,9,acept,not furnished,148.95,976.42,42.52,6.96,1174.85
Curitiba,33.8,2,2,1,5,not acept,furnished,222.66,1918.76,82.07,11.55,2235.04
Curitiba,36.4,4,4,2,23,acept,not furnished,348.68,1945.15,76.79,17.53,2388.15
Rio de Janeiro,59.8,2,2,3,10,not acept,furnished,476.97,2546.73,31.97,15.39,3071.06
Porto Alegre,49.3,3,2,0,0,acept,not furnished,123.71,1345.31,20.39,8.04,1497.45
Belo Horizonte,125.1,2,3,1,13,not acept,not furnished,501.92,2713.49,118.63,25.99,3360.03
Curitiba,102.7,3,4,0,19,acept,not furnished,496.53,3425.68,88.82,21.46,4032.49
Rio de Janeiro,70.7,2,3,2,0,acept,not furnished,226.19,2269.6,91.28,23.47,2610.54
Porto Alegre,54.8,1,1,2,21,not acept,not furnished,184.8,2277.61,40.9,27.39,2530.7
Salvador,40.3,1,2,0,5,acept,not furnished,364.24,2387.8,85.95,17.66,2855.65
Sao Paulo,107.1,2,3,2,5,acept,furnished,538.99,3747.0,73.69,46.91,4406.59
Salvador,41.1,5,4,1,16,not acept,not furnished,262.81,1584.31,43.43,11.41,1901.96
Belo Horizonte,39.7,5,4,1,8,acept,not furnished,278.25,1975.99,42.45,26.96,2323.65
Salvador,56.2,4,3,0,12,not acept,not furnished,221.59,2680.43,74.83,15.28,2992.13
Rio de Janeiro,113.3,2,2,0,14,not acept,not furnished,485.09,3677.24,181.22,50.89,4394.44
Rio de Janeiro,52.2,2,1,0,28,acept,furnished,382.66,2114.91,77.55,16.73,2591.85
Fortaleza,55.3,2,3,1,4,not acept,furnished,134.12,1065.19,47.41,12.12,1258.84
Sao Paulo,36.9,2,1,2,13,acept,not furnished,195.08,1750.19,51.2,12.93,2009.4
Salvador,18.0,1,1,0,23,not acept,not furnished,101.36,881.83,9.4,7.11,999.7
Rio de Janeiro,170.5,3,2,1,4,not acept,not furnished,517.53,5586.82,215.59,49.69,6369.63
Belo Horizonte,50.5,1,2,0,0,not acept,not furnished,280.59,2226.26,108.42,20.94,2636.21
Rio de Janeiro,113.8,4,3,2,0,acept,not furnished,791.11,4561.42,97.86,26.44,5476.83
Belo Horizonte,63.0,3,2,0,1,acept,not furnished,245.44,2814.28,102.29,15.17,3177.18
Rio de Janeiro,79.0,2,1,0,6,acept,furnished,446.65,2350.69,64.41,31.36,2893.11
Sao Paulo,164.9,3,3,0,11,acept,not furnished,718.15,5354.89,169.37,55.86,6298.27
Sao Paulo,45.7,2,2,0,17,acept,not furnished,303.5,1910.59,24.35,12.31,2250.75
Sao Paulo,99.7,2,2,1,4,acept,not furnished,509.43,4082.42,163.92,33.05,4788.82
Recife,28.7,2,2,0,6,acept,not furnished,300.98,2687.09,119.04,15.67,3122.78
Recife,22.4,3,3,1,20,not acept,not furnished,104.05,1139.31,14.6,7.54,1265.5
Rio de Janeiro,18.0,2,1,2,27,acept,not furnished,54.63,400.0,12.76,3.58,470.97
Porto Alegre,72.9,3,2,3,2,acept,furnished,383.14,2941.25,119.12,31.41,3474.92
Rio de Janeiro,189.8,2,2,2,13,not acept,not furnished,826.61,5559.7,274.2,64.05,6724.56
Curitiba,84.4,2,2,3,7,not acept,furnished,409.14,3190.81,73.53,35.55,3709.03
Salvador,18.0,2,1,2,15,acept,not furnished,247.31,1849.45,43.68,12.31,2152.75
Recife,21.9,3,4,3,1,acept,not furnished,121.5,695.92,31.36,6.0,854.78
Rio de Janeiro,123.6,3,2,1,6,not acept,furnished,436.96,4588.68,174.77,52.61,5253.02
Porto Alegre,54.2,3,3,2,21,acept,not furnished,160.05,1241.4,59.87,11.78,1473.1
Sao Paulo,203.6,2,1,3,24,not acept,furnished,773.02,7990.04,233.97,90.52,9087.55
Recife,57.7,1,1,2,18,acept,not furnished,464.35,2412.51,84.0,28.56,2989.42
Sao Paulo,166.8,3,2,3,29,not acept,furnished,1154.69,6434.02,84.22,52.73,7725.66
Belo Horizonte,80.5,1,1,1,19,not acept,furnished,556.52,3063.91,149.39,23.39,3793.21
Curitiba,45.0,2,1,1,22,acept,not furnished,210.13,2178.51,53.59,20.9,2463.13
Curitiba,83.1,2,3,1,9,not acept,furnished,502.16,2713.79,88.41,25.74,3330.1
Sao Paulo,103.7,3,2,1,3,acept,not furnished,292.07,3005.34,99.95,42.43,3439.79
Fortaleza,54.5,3,2,2,19,acept,furnished,304.5,2240.35,63.03,31.79,2639.67
Sao Paulo,172.9,2,3,2,28,acept,not furnished,579.63,6299.84,262.26,47.93,7189.66
Curitiba,117.5,3,2,2,30,not acept,not furnished,729.96,3809.55,126.69,21.28,4687.48
Sao Paulo,90.0,3,4,1,12,acept,furnished,924.85,4669.73,89.5,54.91,5738.99
Rio de Janeiro,83.6,2,3,1,15,not acept,not furnished,401.22,3067.61,72.97,16.21,3558.01
Belo Horizonte,23.3,2,3,1,8,not acept,not furnished,187.62,967.53,46.61,9.43,1211.19
Rio de Janeiro,68.7,3,2,1,20,not acept,not furnished,181.76,1994.3,86.89,22.32,2285.27
Sao Paulo,151.2,3,3,1,23,acept,furnished,1226.39,6479.27,315.39,44.11,8065.16
Sao Paulo,194.1,1,1,0,0,not acept,not furnished,834.97,6882.15,137.37,54.61,7909.1
Rio de Janeiro,64.8,3,3,2,25,not acept,not furnished,278.22,1737.47,48.09,25.83,2089.61
Porto Alegre,44.7,3,3,2,14,not acept,furnished,243.56,27818.39921998594,25.53,13.98,2264.36
Fortaleza,21.3,3,4,1,16,not acept,not furnished,200.01,1317.01,37.52,6.88,1561.42
Sao Paulo,140.1,2,3,1,4,not acept,not furnished,548.65,5103.19,99.02,34.32,5785.18
Rio de Janeiro,40.9,2,3,2,0,not acept,not furnished,161.98,1045.02,27.85,6.86,1241.71
Sao Paulo,23.5,3,4,1,29,acept,not furnished,229.96,17095.850785211318,36.27,14.27,1910.45
Sao Paulo,146.0,3,2,3,28,not acept,not furnished,734.27,5946.69,70.43,77.74,6829.13
Curitiba,23.9,2,1,0,23,not acept,furnished,64.94,489.35,10.13,4.9,569.32
Belo Horizonte,47.8,3,3,2,13,not acept,not furnished,255.56,1826.52,56.61,23.3,2161.99
Sao Paulo,97.0,3,2,1,8,not acept,not furnished,420.14,3233.9,43.47,46.25,3743.76
Sao Paulo,99.4,3,2,2,2,acept,not furnished,216.08,2445.11,85.59,13.52,2760.3
Sao Paulo,41.5,2,2,1,0,acept,furnished,242.67,1390.7,52.36,11.98,1697.71
Salvador,50.0,3,2,3,12,not acept,furnished,396.54,2482.74,62.96,25.43,2967.67
Recife,47.9,3,2,0,24,not acept,not furnished,155.74,962.91,44.64,9.61,1172.9
Sao Paulo,45.5,1,2,1,21,acept,not furnished,173.77,2016.45,27.01,26.61,2243.84
Sao Paulo,154.9,2,3,2,22,not acept,not furnished,932.29,5397.16,189.12,45.35,6563.92
Salvador,47.9,1,1,1,1,acept,furnished,97.69,5855.642724069326,22.25,2.94,687.2
Fortaleza,27.1,3,4,2,26,not acept,not furnished,215.51,1228.99,50.91,12.09,1507.5
Rio de Janeiro,114.9,2,1,3,24,not acept,not furnished,551.02,3583.68,100.53,36.67,4271.9
Sao Paulo,176.2,5,6,0,0,not acept,furnished,1096.99,7739.54,160.33,89.76,9086.62
Sao Paulo,165.9,4,5,1,9,acept,furnished,1027.44,5561.94,269.79,63.44,6922.61
Belo Horizonte,72.2,4,4,2,10,acept,furnished,320.46,2137.91,100.67,31.57,2590.61
Rio de Janeiro,103.8,3,2,2,22,acept,not furnished,419.36,4601.41,227.39,60.41,5308.57
Sao Paulo,167.4,4,4,0,26,not acept,not furnished,846.58,6949.58,270.83,79.16,8146.15
Belo Horizonte,25.6,2,1,1,10,acept,not furnished,178.53,1078.22,44.5,15.46,1316.71
Sao Paulo,201.4,3,2,0,2,acept,not furnished,939.56,7264.89,342.93,39.13,8586.51
Porto Alegre,85.0,2,1,2,0,not acept,not furnished,347.29,1972.86,54.7,20.87,2395.72
Rio de Janeiro,55.0,2,3,1,18,not acept,furnished,421.77,,51.16,26.76,3599.37
Sao Paulo,114.5,1,1,1,14,not acept,not furnished,384.89,3048.98,98.75,44.52,3577.14
Belo Horizonte,100.4,3,2,2,27,acept,furnished,291.38,2389.86,69.5,18.24,2768.98
Rio de Janeiro,110.2,1,2,2,29,not acept,not furnished,507.33,4306.9,177.47,31.58,5023.28
Recife,32.6,3,3,1,27,not acept,furnished,269.03,1956.32,77.41,10.4,2313.16
Belo Horizonte,132.4,4,5,1,0,not acept,furnished,269.53,1774.29,37.32,11.78,2092.92
Sao Paulo,178.2,2,3,2,7,acept,not furnished,1075.86,50779.75005445323,79.41,47.1,6835.89
Curitiba,79.3,3,2,2,5,acept,furnished,318.9,1900.33,62.66,16.4,2298.29
Sao Paulo,202.7,3,3,2,0,not acept,not furnished,608.95,5778.95,214.29,31.61,6633.8
Fortaleza,52.8,2,3,1,28,acept,not furnished,387.68,2883.18,87.36,38.93,3397.15
Rio de Janeiro,23.8,4,5,1,27,not acept,furnished,220.64,1889.19,69.32,14.67,2193.82
Belo Horizonte,42.2,4,5,0,10,acept,not furnished,136.47,1250.45,50.11,14.35,1451.38
Sao Paulo,120.9,1,2,3,29,not acept,not furnished,441.95,2779.75,77.16,38.02,3336.88
Rio de Janeiro,172.9,1,1,2,16,acept,furnished,606.35,6483.58,195.16,88.17,7373.26
Salvador,123.1,5,4,1,12,acept,furnished,312.24,3756.55,132.96,33.41,4235.16
Salvador,18.0,5,5,1,15,not acept,not furnished,189.51,1461.97,50.66,13.16,1715.3
Sao Paulo,84.5,2,3,0,11,not acept,not furnished,328.79,37016.64467208023,100.23,35.29,3871.97
Sao Paulo,121.0,1,1,1,7,not acept,not furnished,589.5,4171.71,84.01,28.29,4873.51
Salvador,63.3,3,3,2,3,not acept,not furnished,269.71,1847.26,68.83,19.88,2205.68
Fortaleza,29.7,2,2,3,13,acept,not furnished,75.04,751.23,19.17,11.22,856.66
Sao Paulo,90.0,4,3,1,15,not acept,furnished,599.86,3666.58,103.88,38.64,4408.96
Rio de Janeiro,108.0,3,2,2,25,acept,furnished,498.35,5319.6,164.94,59.39,6042.28
Rio de Janeiro,77.0,3,4,2,13,not acept,furnished,467.32,3032.7,87.09,16.34,3603.45
Fortaleza,53.4,2,1,1,25,acept,not furnished,195.24,1240.01,45.23,10.77,1491.25
Sao Paulo,60.4,3,2,0,29,acept,not furnished,443.41,2503.3,76.53,20.07,3043.31
Sao Paulo,93.9,2,1,2,21,not acept,not furnished,470.19,2522.15,55.37,24.35,3072.06
Porto Alegre,54.4,1,1,1,1,not acept,not furnished,253.7,1581.42,76.39,17.26,1928.77
Sao Paulo,208.7,3,2,3,13,not acept,not furnished,1136.46,7356.27,363.9,47.08,8903.71
Rio de Janeiro,172.5,3,3,1,26,acept,furnished,957.63,5937.68,76.67,37.05,7009.03
Rio de Janeiro,135.1,3,3,2,14,not acept,furnished,765.53,5342.57,197.64,46.59,6352.33
Rio de Janeiro,93.2,4,3,1,24,acept,not furnished,641.24,,189.29,55.97,5049.66
Rio de Janeiro,45.9,2,2,1,23,not acept,not furnished,383.08,2029.94,97.55,12.1,2522.67
Belo Horizonte,101.4,2,3,3,2,acept,furnished,795.78,4872.43,207.06,42.98,5918.25
Sao Paulo,45.1,3,4,1,8,acept,not furnished,268.36,2310.54,105.59,24.82,2709.31
Belo Horizonte,77.2,2,2,1,23,not acept,furnished,521.4,3144.79,76.28,20.8,3763.27
Salvador,88.1,3,2,0,2,acept,not furnished,237.64,2615.07,113.07,17.62,2983.4
Porto Alegre,18.0,3,2,3,11,not acept,furnished,132.58,986.68,33.99,10.72,1163.97
Sao Paulo,174.7,4,4,2,2,acept,not furnished,795.75,6257.59,169.11,66.21,7288.66
Sao Paulo,166.7,3,2,1,5,not acept,furnished,847.3,7053.68,298.63,88.4,8288.01
Sao Paulo,52.7,2,2,0,7,not acept,not furnished,318.6,2058.22,38.74,15.71,2431.27
Rio de Janeiro,38.6,2,3,0,15,acept,not furnished,175.31,1747.93,83.75,18.59,2025.58
Rio de Janeiro,110.3,2,2,0,28,acept,furnished,793.08,4108.39,117.03,57.07,5075.57
Curitiba,19.9,2,2,1,10,not acept,not furnished,78.72,709.81,31.2,6.6,826.33
Sao Paulo,65.4,2,3,2,25,acept,not furnished,447.92,2744.09,54.4,23.9,3270.31
Sao Paulo,104.4,2,3,1,20,not acept,furnished,604.76,4563.43,208.76,60.5,5437.45
Rio de Janeiro,174.4,5,5,1,23,acept,not furnished,551.34,5273.21,167.67,67.54,6059.76
Curitiba,89.6,1,2,1,23,not acept,not furnished,455.65,3481.83,72.82,28.6,4038.9
Sao Paulo,60.7,3,4,0,7,not acept,not furnished,255.32,2067.5,70.41,15.84,2409.07
Curitiba,49.2,1,1,0,5,acept,not furnished,373.26,2149.65,27.86,24.4,2575.17
Sao Paulo,47.3,2,3,1,30,acept,furnished,307.81,1935.51,47.22,14.8,2305.34
Fortaleza,51.4,2,3,1,22,not acept,not furnished,237.06,1317.15,41.07,12.23,1607.51
Fortaleza,81.0,2,2,1,9,not acept,not furnished,175.56,2065.57,64.15,20.48,2325.76
Sao Paulo,51.8,3,4,0,16,acept,furnished,292.2,1623.96,56.13,21.49,1993.78
Sao Paulo,46.8,3,3,2,23,not acept,not furnished,322.29,2490.56,29.21,35.9,2877.96
Rio de Janeiro,94.4,3,2,2,0,not acept,not furnished,283.9,2557.1,103.97,26.47,2971.44
Sao Paulo,120.7,3,3,2,0,not acept,furnished,352.65,3375.67,46.35,37.0,3811.67
Curitiba,73.5,4,4,1,0,acept,not furnished,346.41,2848.88,135.71,25.0,3356.0
Salvador,85.2,4,3,1,3,acept,not furnished,324.53,2670.04,85.22,24.03,3103.82
Curitiba,76.2,3,2,2,1,not acept,not furnished,132.78,1367.44,67.3,16.42,1583.94
Salvador,57.4,1,2,2,13,not acept,furnished,350.25,2305.31,39.82,33.95,2729.33
Rio de Janeiro,78.4,5,5,2,7,not acept,furnished,193.47,2151.71,88.3,12.0,2445.48
Sao Paulo,147.8,4,4,1,0,not acept,not furnished,662.45,4731.1,157.63,60.1,5611.28
Porto Alegre,61.5,3,3,0,12,not acept,not furnished,199.21,1568.6,68.12,13.76,1849.69
Rio de Janeiro,117.1,3,2,1,16,acept,not furnished,812.25,4567.72,55.1,41.66,5476.73
Curitiba,36.9,2,2,0,10,acept,not furnished,93.98,883.01,21.73,7.28,1006.0
Sao Paulo,30.7,3,4,1,6,not acept,not furnished,142.49,967.98,35.21,10.08,1155.76
Sao Paulo,109.9,4,3,1,10,acept,not furnished,282.06,2994.96,64.42,32.52,3373.96
Recife,62.6,3,3,2,14,not acept,not furnished,235.29,1417.15,65.69,16.51,1734.64
Sao Paulo,102.1,3,2,2,12,not acept,not furnished,342.04,2874.42,117.54,31.92,3365.92
Recife,69.6,2,1,0,0,not acept,not furnished,621.05,3183.45,79.18,40.57,3924.25
Recife,109.6,2,1,0,12,not acept,not furnished,360.72,1910.27,30.56,21.45,2323.0
Porto Alegre,60.0,3,3,1,21,not acept,furnished,319.83,2327.09,85.67,34.45,2767.04
Curitiba,89.1,1,1,1,24,not acept,not furnished,539.61,3088.5,119.77,25.34,3773.22
Belo Horizonte,38.7,3,4,2,12,not acept,not furnished,50.1,563.5,11.8,6.38,631.78
Salvador,18.0,3,2,3,30,acept,furnished,85.35,490.84,6.65,3.0,585.84
Sao Paulo,163.5,2,2,2,25,acept,not furnished,798.71,5973.37,91.55,53.01,6916.64
Rio de Janeiro,79.3,1,1,1,4,not acept,furnished,220.16,2409.95,108.72,15.02,2753.85
Belo Horizonte,18.0,4,5,1,12,acept,not furnished,151.28,1334.0,33.52,14.31,1533.11
Rio de Janeiro,99.5,1,1,2,7,acept,not furnished,418.69,3611.77,151.61,50.3,4232.37
Rio de Janeiro,50.9,2,2,3,16,not acept,furnished,259.87,1565.44,40.65,18.54,1884.5
Rio de Janeiro,104.1,3,3,1,5,acept,not furnished,679.52,3896.73,158.2,58.15,4792.6
Belo Horizonte,61.9,4,3,1,0,not acept,furnished,283.16,16892.499546171006,85.75,26.06,2361.4
Salvador,71.3,4,5,1,27,not acept,not furnished,322.3,2692.77,62.29,37.22,3114.58
Sao Paulo,153.5,3,4,2,14,not acept,furnished,765.11,5935.98,295.77,72.78,7069.64
Fortaleza,64.1,3,4,2,28,acept,not furnished,343.39,2215.52,37.75,16.17,2612.83
Curitiba,30.4,4,4,1,1,acept,not furnished,216.17,1387.67,45.11,12.49,1661.44
Salvador,95.1,3,3,2,2,acept,not furnished,209.28,2057.14,75.33,24.53,2366.28
Belo Horizonte,63.6,3,3,3,5,acept,not furnished,233.13,1664.38,26.89,18.28,1942.68
Porto Alegre,51.4,2,1,1,12,not acept,not furnished,254.87,1721.15,19.52,18.08,2013.62
Sao Paulo,201.8,2,1,0,27,acept,furnished,1235.01,7266.97,107.25,52.42,8661.65
Salvador,18.0,3,4,2,19,acept,not furnished,118.24,869.03,13.74,12.57,1013.58
Sao Paulo,176.0,2,1,1,0,not acept,not furnished,1166.16,6061.2,215.17,33.25,7475.78
Fortaleza,18.0,2,1,2,11,not acept,not furnished,127.23,795.81,38.87,11.54,973.45
Recife,82.9,5,5,1,21,acept,not furnished,367.73,2206.52,65.78,16.35,2656.38
Sao Paulo,159.0,2,2,1,8,not acept,not furnished,576.24,3832.14,160.04,38.32,4606.74
Sao Paulo,146.1,2,3,1,14,acept,furnished,1127.02,6211.05,88.26,61.12,7487.45
Porto Alegre,18.0,2,2,0,21,acept,not furnished,160.91,1306.65,31.49,7.25,1506.3
Sao Paulo,116.0,3,3,3,29,acept,not furnished,369.23,4403.76,71.69,58.38,4903.06
Salvador,116.6,4,3,2,8,not acept,not furnished,286.41,3055.31,114.48,17.79,3473.99
Sao Paulo,117.5,3,4,2,22,not acept,not furnished,649.08,4939.52,238.85,30.29,5857.74
Sao Paulo,99.1,4,3,1,22,not acept,not furnished,329.15,2590.01,59.85,17.97,2996.98
Recife,59.4,4,5,2,15,acept,not furnished,173.02,1294.59,28.88,13.82,1510.31
Curitiba,80.3,4,5,2,24,not acept,not furnished,401.41,2774.6,76.26,27.97,3280.24
Salvador,34.5,2,2,2,15,not acept,not furnished,164.13,1272.88,18.07,16.57,1471.65
Rio de Janeiro,120.2,3,2,2,18,not acept,not furnished,298.1,3484.47,140.85,36.35,3959.77
Curitiba,35.2,2,1,0,25,not acept,furnished,309.27,1757.55,81.88,17.88,2166.58
Belo Horizonte,74.4,2,2,0,13,not acept,not furnished,411.3,2140.34,29.11,14.94,2595.69
Belo Horizonte,18.0,3,4,2,13,acept,furnished,233.64,,38.12,12.3,1847.02
Curitiba,54.6,2,3,2,17,acept,furnished,454.64,3339.11,149.82,32.44,3976.01
Belo Horizonte,89.9,3,4,2,24,acept,not furnished,305.08,3256.48,52.65,43.42,3657.63
Rio de Janeiro,18.0,2,3,0,1,acept,furnished,196.45,1029.67,38.61,9.58,1274.31
Sao Paulo,117.4,2,2,1,23,not acept,not furnished,553.13,4482.42,79.65,38.81,5154.01
Porto Alegre,72.4,2,3,2,7,acept,furnished,418.3,2417.23,94.61,30.26,2960.4
Sao Paulo,79.4,4,3,0,0,not acept,furnished,384.41,3724.68,134.7,46.09,4289.88
Curitiba,85.5,3,4,0,24,acept,not furnished,378.34,2001.02,96.33,26.51,2502.2
Sao Paulo,154.8,5,6,1,2,not acept,not furnished,1130.48,6833.12,220.28,90.17,8274.05
Curitiba,101.9,4,5,0,4,acept,not furnished,398.8,38015.56070490977,95.79,29.18,3914.8
Porto Alegre,68.6,3,3,0,21,not acept,not furnished,476.35,2785.39,85.49,21.04,3368.27
Sao Paulo,29.3,2,3,1,16,acept,not furnished,71.9,617.13,20.98,8.54,718.55
Sao Paulo,32.4,3,3,1,28,acept,not furnished,222.77,2106.24,102.28,25.34,2456.63
Sao Paulo,52.8,3,2,0,29,not acept,furnished,296.62,1676.55,20.72,8.75,2002.64
Belo Horizonte,79.2,3,4,1,8,not acept,not furnished,426.39,2225.51,74.35,18.95,2745.2
Salvador,57.3,2,3,1,8,acept,not furnished,198.47,2301.81,69.82,24.83,2594.93
Sao Paulo,94.7,3,2,1,4,not acept,furnished,360.78,3988.95,194.4,56.44,4600.57
Porto Alegre,32.7,2,3,3,14,not acept,furnished,394.37,2116.33,87.57,15.54,2613.81
Rio de Janeiro,129.7,4,5,2,10,not acept,not furnished,733.18,3785.73,170.16,27.34,4716.41
Rio de Janeiro,82.1,3,3,1,0,not acept,not furnished,325.4,1975.08,25.75,23.81,2350.04
Fortaleza,52.8,2,2,1,10,not acept,furnished,272.1,24224.856259789696,91.41,23.46,2453.57
Rio de Janeiro,18.0,2,1,0,0,acept,not furnished,92.48,650.86,26.17,7.06,776.57
Rio de Janeiro,113.4,3,3,2,24,acept,not furnished,425.38,3416.17,102.56,31.44,3975.55
Sao Paulo,107.4,3,3,0,28,not acept,furnished,539.34,2790.7,63.47,38.49,3432.0
Sao Paulo,128.2,3,2,0,7,not acept,not furnished,828.78,5122.88,123.67,45.32,6120.65
Sao Paulo,159.7,3,2,1,19,acept,furnished,799.08,4124.05,148.61,41.96,5113.7
Sao Paulo,55.2,3,4,0,0,acept,furnished,325.4,24692.682931242573,23.97,9.33,2085.15
Curitiba,70.6,2,3,1,9,not acept,not furnished,320.8,1977.26,38.99,12.01,2349.06
Rio de Janeiro,138.0,4,5,0,16,not acept,furnished,676.82,6262.54,228.46,91.97,7259.79
Belo Horizonte,133.2,3,4,0,1,not acept,furnished,492.94,3680.94,80.42,21.54,4275.84
Sao Paulo,127.7,1,1,2,10,not acept,furnished,772.42,4801.67,199.71,55.14,5828.94
Sao Paulo,78.6,2,2,1,29,acept,not furnished,373.01,2737.21,107.98,14.06,3232.26
Curitiba,76.6,1,1,0,3,acept,not furnished,282.62,2123.32,64.01,30.96,2500.91
Recife,71.2,2,1,1,18,not acept,not furnished,335.73,2567.37,106.73,25.35,3035.18
Sao Paulo,218.0,3,3,1,25,not acept,not furnished,665.52,6560.52,107.73,82.61,7416.38
Fortaleza,52.3,1,2,2,23,acept,furnished,330.44,2617.17,111.41,19.46,3078.48
Belo Horizonte,28.0,4,5,1,23,not acept,not furnished,307.61,1549.35,28.04,20.27,1905.27
Belo Horizonte,60.2,3,4,1,0,not acept,not furnished,327.28,2954.25,110.83,28.83,3421.19
Belo Horizonte,55.8,2,3,0,30,acept,not furnished,317.67,2709.15,102.43,36.91,3166.16
Sao Paulo,151.3,2,1,2,21,acept,not furnished,1033.24,5282.38,181.65,32.95,6530.22
Sao Paulo,200.0,3,3,0,29,not acept,not furnished,877.05,6200.55,197.08,63.12,7337.8
Belo Horizonte,126.1,2,1,1,30,acept,not furnished,585.42,3391.56,153.53,27.49,4158.0
Rio de Janeiro,74.4,1,1,1,9,not acept,not furnished,374.19,3415.45,125.37,21.05,3936.06
Fortaleza,18.0,1,2,2,15,acept,not furnished,110.77,863.23,20.82,6.94,1001.76
Rio de Janeiro,46.4,2,1,2,21,not acept,not furnished,243.54,1574.5,65.22,11.09,1894.35
Sao Paulo,76.2,1,1,0,25,acept,furnished,324.44,2947.78,54.78,26.45,3353.45
Curitiba,73.7,1,1,2,30,not acept,furnished,435.36,3450.47,82.04,40.64,4008.51
Sao Paulo,49.8,4,4,0,30,not acept,not furnished,244.17,1780.71,73.33,9.47,2107.68
Belo Horizonte,31.5,2,2,1,8,not acept,not furnished,233.71,1291.36,62.98,18.79,1606.84
Curitiba,98.7,3,4,0,20,not acept,not furnished,594.21,3642.78,169.12,38.73,4444.84
Fortaleza,109.8,2,3,2,2,not acept,not furnished,539.44,2839.67,63.22,42.2,3484.53
Porto Alegre,20.9,1,1,1,24,not acept,furnished,351.95,1795.37,78.86,26.38,2252.56
Curitiba,87.3,3,3,0,2,acept,not furnished,307.31,2247.45,71.43,23.9,2650.09
Curitiba,69.9,1,1,0,27,not acept,not furnished,236.0,1809.81,49.96,9.48,2105.25
Recife,58.0,1,2,1,30,not acept,not furnished,378.48,2570.08,78.35,32.77,3059.68
Sao Paulo,88.1,3,2,2,0,not acept,not furnished,484.96,2583.11,98.38,37.28,3203.73
Sao Paulo,102.7,1,1,2,14,acept,not furnished,335.52,4073.33,117.54,56.59,4582.98
Sao Paulo,89.0,2,1,1,6,not acept,furnished,401.9,3726.96,46.66,45.38,4220.9
Sao Paulo,43.4,2,3,2,13,acept,not furnished,177.49,983.26,11.61,5.35,1177.71
Curitiba,18.0,2,3,0,7,not acept,furnished,277.1,1942.58,56.47,15.92,2292.07
Curitiba,50.2,1,2,2,0,not acept,not furnished,409.69,2276.13,63.04,23.77,2772.63
Belo Horizonte,91.7,5,6,1,10,acept,not furnished,572.64,3619.94,152.67,53.1,4398.35
Sao Paulo,62.3,3,4,1,4,acept,not furnished,323.92,1824.24,34.5,15.38,2198.04
Porto Alegre,25.5,3,2,1,15,not acept,not furnished,187.32,1438.62,48.0,20.88,1694.82
Rio de Janeiro,92.5,3,2,1,20,acept,not furnished,321.88,3964.25,138.5,38.88,4463.51
Curitiba,58.6,3,2,3,11,not acept,not furnished,135.58,842.73,14.44,4.61,997.36
Belo Horizonte,69.6,3,2,2,4,acept,not furnished,366.09,2621.55,45.11,15.47,3048.22
Rio de Janeiro,101.4,3,3,2,4,acept,not furnished,632.58,3194.78,125.1,22.26,3974.72
Sao Paulo,143.5,2,3,2,0,acept,not furnished,524.27,5552.01,106.13,75.92,6258.33
Sao Paulo,117.3,2,1,1,21,acept,not furnished,688.23,4459.06,88.36,41.43,5277.08
Salvador,50.6,4,3,0,6,not acept,not furnished,192.6,1658.26,33.15,21.87,1905.88
Fortaleza,60.3,4,4,3,30,acept,furnished,247.54,1764.58,65.76,16.79,2094.67
Curitiba,49.5,1,1,1,22,not acept,not furnished,247.5,2787.09,101.67,29.74,3166.0
Sao Paulo,31.3,3,4,1,7,acept,not furnished,248.57,1355.92,65.43,15.35,1685.27
Rio de Janeiro,152.8,3,4,2,2,not acept,furnished,1324.95,7086.13,203.85,72.04,8686.97
Porto Alegre,41.4,1,1,1,18,acept,not furnished,253.39,1823.01,33.9,18.84,2129.14
Porto Alegre,47.3,4,4,0,26,not acept,not furnished,137.65,1529.06,41.3,15.39,1723.4
Sao Paulo,189.7,3,3,1,17,acept,furnished,1015.14,6779.51,209.54,61.88,8066.07
Sao Paulo,122.3,3,4,1,0,acept,furnished,323.84,2830.73,50.43,39.52,3244.52
Curitiba,56.4,2,2,1,23,acept,furnished,241.52,2910.02,118.52,21.5,3291.56
Rio de Janeiro,142.6,2,1,1,29,acept,not furnished,954.95,5318.14,73.7,78.32,6425.11
Sao Paulo,176.7,1,2,0,0,not acept,not furnished,648.65,6793.24,74.99,86.7,7603.58
Sao Paulo,186.1,2,3,1,24,acept,not furnished,1217.55,6374.05,106.18,67.16,7764.94
Belo Horizonte,131.2,3,2,3,21,acept,not furnished,520.52,3261.95,37.09,24.26,3843.82
Salvador,52.7,4,3,2,10,acept,furnished,103.33,1063.44,15.53,7.61,1189.91
Recife,18.0,3,4,2,18,not acept,not furnished,76.75,685.59,9.04,8.36,779.74
Belo Horizonte,49.4,2,3,1,2,not acept,not furnished,271.52,1376.93,51.84,7.84,1708.13
Belo Horizonte,57.5,1,1,1,21,not acept,not furnished,336.12,2129.71,83.15,19.95,2568.93
Sao Paulo,127.9,3,3,2,17,not acept,not furnished,560.11,25855.34009115617,93.77,30.86,4747.96
Belo Horizonte,99.1,2,1,1,0,not acept,furnished,607.4,3123.06,55.99,18.28,3804.73
Rio de Janeiro,169.0,5,4,0,26,not acept,not furnished,496.05,5930.05,241.46,87.02,6754.58
Belo Horizonte,58.9,3,2,2,1,acept,furnished,222.23,1763.48,28.81,14.69,2029.21
Rio de Janeiro,28.8,4,3,2,12,acept,not furnished,264.37,1483.62,38.0,11.42,1797.41
Sao Paulo,157.5,1,1,2,2,acept,not furnished,1089.63,5598.89,183.69,31.5,6903.71
Sao Paulo,18.0,3,4,1,19,acept,furnished,353.16,2028.61,65.05,27.86,2474.68
Rio de Janeiro,116.4,2,2,2,22,acept,furnished,630.32,4028.31,109.36,22.44,4790.43
Sao Paulo,168.8,3,2,1,29,acept,not furnished,556.5,5831.38,187.4,30.49,6605.77
Sao Paulo,209.8,2,2,0,6,acept,not furnished,1071.0,7416.04,271.91,59.02,8817.97
Recife,18.0,3,2,2,9,acept,not furnished,238.37,9447.7550321321,31.66,14.86,1885.12
Rio de Janeiro,89.3,1,1,1,10,acept,not furnished,453.68,2528.96,64.85,27.82,3075.31
Belo Horizonte,83.6,3,4,1,0,not acept,not furnished,562.22,3507.57,131.48,37.53,4238.8
Fortaleza,75.9,1,1,0,24,not acept,not furnished,349.04,1923.58,28.98,16.16,2317.76
Recife,18.0,1,1,2,0,not acept,not furnished,255.67,1708.07,40.59,20.12,2024.45
Belo Horizonte,81.6,3,2,2,8,not acept,not furnished,223.57,2322.56,26.18,21.4,2593.71
Salvador,26.0,5,6,1,4,not acept,not furnished,185.11,1089.43,20.05,11.85,1306.44
Rio de Janeiro,18.0,3,2,2,19,acept,not furnished,229.31,1466.76,38.67,19.97,1754.71
Rio de Janeiro,135.4,3,4,1,27,acept,furnished,636.34,5225.31,108.17,74.66,6044.48
Rio de Janeiro,177.0,1,1,3,22,acept,furnished,1102.86,6183.74,256.22,82.96,7625.78
Curitiba,53.9,1,2,3,23,acept,not furnished,361.89,1945.79,51.39,22.27,2381.34
Curitiba,101.2,2,1,2,0,acept,not furnished,481.71,25132.332994129123,65.31,14.52,3427.72
Rio de Janeiro,127.4,5,5,1,22,not acept,furnished,540.37,3913.43,186.92,30.97,4671.69
Sao Paulo,73.4,2,1,1,0,not acept,not furnished,382.5,3266.0,115.64,20.58,3784.72
Curitiba,68.0,4,3,1,13,not acept,not furnished,240.12,2235.19,85.8,27.43,2588.54
Sao Paulo,20.0,3,3,1,20,not acept,not furnished,294.16,1637.24,73.16,11.29,2015.85
Belo Horizonte,63.4,3,4,2,6,acept,not furnished,395.65,2502.65,55.62,19.25,2973.17
Curitiba,53.8,4,5,2,20,acept,not furnished,334.83,2134.16,68.48,18.57,2556.04
Curitiba,134.4,2,2,3,27,acept,not furnished,397.55,3820.6,101.19,33.72,4353.06
Porto Alegre,18.0,3,3,1,26,not acept,furnished,165.62,1129.19,24.23,7.68,1326.72
Fortaleza,74.8,4,3,1,4,acept,not furnished,435.71,2195.0,22.85,26.47,2680.03
Rio de Janeiro,66.9,3,2,0,6,acept,not furnished,419.22,3137.81,48.82,26.88,3632.73
Porto Alegre,30.2,2,2,0,19,not acept,furnished,223.58,1529.23,64.91,16.34,1834.06
Belo Horizonte,101.2,2,2,0,25,not acept,not furnished,434.9,2349.29,36.46,14.86,2835.51
Sao Paulo,52.7,3,2,1,12,not acept,furnished,554.08,2997.46,138.56,15.26,3705.36
Sao Paulo,123.6,1,1,1,28,acept,not furnished,316.93,3604.54,75.24,39.87,4036.58
Sao Paulo,63.2,4,5,0,16,not acept,furnished,249.75,1326.06,37.82,16.41,1630.04
Rio de Janeiro,69.4,1,1,2,6,acept,not furnished,466.98,2941.95,131.27,33.78,3573.98
Belo Horizonte,33.0,3,2,1,0,not acept,not furnished,79.9,659.83,15.76,3.41,758.9
Salvador,51.2,3,4,1,24,not acept,furnished,317.35,1844.84,35.42,15.49,2213.1
Sao Paulo,55.9,3,2,1,0,acept,not furnished,301.94,2178.54,24.52,30.73,2535.73
Sao Paulo,81.5,3,3,1,0,not acept,not furnished,426.27,2924.15,140.49,34.85,3525.76
Recife,18.0,4,5,3,23,acept,furnished,235.89,1507.0,39.46,19.34,1801.69
Sao Paulo,221.6,3,2,1,0,not acept,not furnished,1539.92,8711.3,397.13,45.16,10693.51
Rio de Janeiro,63.8,3,3,2,25,not acept,not furnished,474.32,3472.19,95.23,32.12,4073.86
Belo Horizonte,18.0,1,1,1,17,acept,not furnished,44.46,400.0,18.12,5.71,468.29
Belo Horizonte,89.7,1,1,3,18,not acept,furnished,393.62,2564.54,36.3,17.57,3012.03
Sao Paulo,126.1,1,1,2,28,acept,not furnished,888.42,4519.18,124.9,60.28,5592.78
Sao Paulo,89.7,1,2,1,26,acept,not furnished,191.7,2090.72,57.95,11.21,2351.58
Sao Paulo,131.4,3,2,3,0,not acept,not furnished,442.12,5471.93,267.81,41.32,6223.18
Belo Horizonte,63.9,3,2,1,26,acept,not furnished,270.17,2134.17,63.44,15.41,2483.19
Belo Horizonte,66.5,3,3,2,19,not acept,not furnished,259.9,1788.91,25.38,9.21,2083.4
Sao Paulo,147.5,2,1,1,8,acept,not furnished,748.57,5297.12,245.36,63.08,6354.13
Curitiba,87.7,2,2,1,26,not acept,furnished,269.1,2284.19,109.61,30.2,2693.1
Salvador,72.9,4,3,2,0,acept,furnished,585.65,3050.23,80.3,25.18,3741.36
Sao Paulo,31.7,4,3,1,25,not acept,not furnished,94.78,867.42,36.32,9.55,1008.07
Rio de Janeiro,66.3,4,3,2,18,not acept,not furnished,402.15,4247.13,54.29,30.26,4733.83
Curitiba,64.6,4,5,1,6,not acept,not furnished,272.66,2551.87,66.91,17.23,2908.67
Sao Paulo,79.1,3,3,0,0,not acept,not furnished,311.9,3402.46,103.57,30.9,3848.83
Rio de Janeiro,112.9,4,5,1,15,acept,furnished,622.74,3431.0,153.88,22.87,4230.49
Belo Horizonte,67.8,3,2,1,11,not acept,not furnished,217.69,1698.24,23.84,22.03,1961.8
Fortaleza,44.8,5,6,3,26,not acept,not furnished,186.07,1035.57,27.2,7.75,1256.59
Salvador,58.5,1,2,1,23,not acept,not furnished,281.99,1801.24,54.97,9.94,2148.14
Belo Horizonte,73.0,4,5,1,17,not acept,furnished,312.7,2283.4,83.7,31.23,2711.03
Porto Alegre,18.0,3,2,1,2,not acept,furnished,43.34,469.71,6.64,6.62,526.31
Rio de Janeiro,68.4,1,2,2,21,acept,not furnished,323.1,3825.62,81.31,43.21,4273.24
Curitiba,49.5,2,1,3,17,not acept,furnished,276.91,1885.27,22.24,11.72,2196.14
Rio de Janeiro,42.1,4,4,0,0,not acept,furnished,242.09,2327.69,37.06,28.29,2635.13
Sao Paulo,142.7,3,2,1,23,acept,not furnished,571.12,4288.85,127.82,28.37,5016.16
Curitiba,26.8,5,4,2,25,acept,not furnished,259.69,1341.55,26.03,9.91,1637.18
Belo Horizonte,18.0,1,1,0,23,not acept,furnished,162.46,1691.52,49.36,12.62,1915.96
Rio de Janeiro,116.2,2,2,1,3,not acept,not furnished,562.35,3412.57,141.88,43.45,4160.25
Fortaleza,48.6,2,2,2,14,not acept,not furnished,243.77,2311.65,58.12,13.05,2626.59
Sao Paulo,44.6,3,2,0,15,acept,not furnished,168.48,1546.94,60.22,17.8,1793.44
Rio de Janeiro,130.1,3,2,1,28,acept,not furnished,696.09,4443.91,180.69,30.68,5351.37
Sao Paulo,146.3,3,3,1,28,not acept,furnished,466.52,4874.52,153.67,51.77,5546.48
Porto Alegre,34.8,1,1,2,0,acept,not furnished,173.55,1371.73,28.75,10.95,1584.98
Curitiba,108.5,1,1,1,30,not acept,not furnished,494.29,3934.61,164.87,27.66,4621.43
Rio de Janeiro,23.7,1,1,1,23,acept,not furnished,174.89,1298.99,32.65,15.72,1522.25
Curitiba,46.1,4,3,0,10,not acept,not furnished,160.99,1361.82,45.75,18.25,1586.81
Rio de Janeiro,58.5,2,1,3,22,not acept,furnished,225.0,1994.65,59.26,27.88,2306.79
Porto Alegre,18.0,2,1,1,10,not acept,furnished,264.11,1519.34,53.24,13.61,1850.3
Rio de Janeiro,107.5,3,3,0,28,acept,not furnished,327.82,3659.93,161.34,32.15,4181.24
Rio de Janeiro,100.2,4,4,0,10,acept,furnished,817.93,4494.67,108.69,55.89,5477.18
Fortaleza,38.2,1,1,0,23,not acept,not furnished,190.42,1054.32,49.18,14.99,1308.91
Sao Paulo,186.9,1,1,1,2,acept,not furnished,1254.01,6534.24,93.77,86.21,7968.23
Sao Paulo,124.0,3,2,2,26,acept,not furnished,496.44,4564.25,93.28,43.59,5197.56
Belo Horizonte,39.7,5,6,1,18,acept,furnished,147.72,6547.876507060294,36.38,8.09,969.8
Recife,81.5,3,2,2,24,acept,furnished,393.65,2936.58,36.89,18.35,3385.47
Rio de Janeiro,95.6,2,1,0,11,acept,not furnished,474.34,2927.08,83.43,23.96,3508.81
Sao Paulo,186.9,3,4,1,9,acept,furnished,1203.68,6605.89,134.72,40.68,7984.97
Rio de Janeiro,135.1,5,4,1,15,not acept,not furnished,409.82,4682.79,194.51,38.21,5325.33
Belo Horizonte,29.5,3,2,1,10,not acept,furnished,91.77,1090.33,14.71,10.66,1207.47
Sao Paulo,135.9,2,2,0,14,acept,not furnished,444.16,4261.84,64.24,43.47,4813.71
Curitiba,102.5,2,3,1,12,not acept,furnished,585.11,3972.55,64.76,36.03,4658.45
Recife,56.6,5,5,1,4,acept,not furnished,557.0,3212.71,72.69,16.56,3858.96
Rio de Janeiro,93.4,3,4,0,30,acept,furnished,817.06,4721.34,209.16,48.81,5796.37
Rio de Janeiro,18.0,3,2,2,0,not acept,furnished,82.36,440.04,19.81,3.81,546.02
Rio de Janeiro,25.7,2,3,0,28,not acept,not furnished,148.85,1014.24,18.32,9.83,1191.24
Sao Paulo,132.7,3,3,2,25,acept,furnished,607.17,4124.07,126.96,23.91,4882.11
Fortaleza,33.7,2,1,2,11,acept,furnished,53.5,598.4,21.9,6.33,680.13
Rio de Janeiro,116.2,2,2,1,8,acept,not furnished,575.15,3347.12,88.68,44.13,4055.08
Rio de Janeiro,46.3,4,5,3,3,acept,furnished,395.81,2875.08,137.91,17.45,3426.25
Curitiba,18.0,2,3,1,2,not acept,not furnished,113.71,1082.5,34.54,8.44,1239.19
Rio de Janeiro,141.4,2,3,3,16,acept,furnished,427.63,4500.91,123.33,37.01,5088.88
Curitiba,62.2,4,4,3,1,acept,not furnished,323.94,1735.05,60.72,9.32,2129.03
Sao Paulo,33.8,2,1,2,13,not acept,furnished,183.83,1232.33,52.82,11.63,1480.61
Salvador,36.8,3,2,0,24,not acept,not furnished,354.84,2301.42,46.94,14.48,2717.68
Recife,58.7,3,3,1,22,acept,furnished,188.87,1734.46,81.28,11.38,2015.99
Curitiba,38.1,4,4,2,2,acept,not furnished,58.41,400.0,9.09,4.41,471.91
Recife,70.2,4,4,0,29,not acept,not furnished,193.67,1954.65,69.13,17.82,2235.27
Sao Paulo,52.9,3,2,2,7,not acept,not furnished,398.23,3057.11,118.35,39.5,3613.19
Rio de Janeiro,112.7,2,3,2,21,not acept,not furnished,438.24,4001.09,184.45,20.1,4643.88
Belo Horizonte,82.6,3,3,3,7,not acept,not furnished,212.86,2128.9,74.66,29.36,2445.78
Belo Horizonte,118.0,4,4,1,18,acept,not furnished,490.13,2785.86,132.59,29.66,3438.24
Rio de Janeiro,84.2,1,2,1,16,acept,not furnished,546.88,3430.78,132.15,40.55,4150.36
Rio de Janeiro,91.7,3,2,1,3,acept,not furnished,513.31,2917.37,121.7,24.6,3576.98
Sao Paulo,131.5,2,2,2,19,not acept,furnished,1130.21,6268.16,257.88,34.21,7690.46
Rio de Janeiro,124.0,2,2,1,8,acept,not furnished,407.29,3212.81,109.45,24.65,3754.2
Sao Paulo,114.8,2,2,1,18,acept,furnished,628.97,3683.72,168.21,29.67,4510.57
Porto Alegre,88.2,1,2,0,15,acept,furnished,438.42,2608.49,61.17,23.22,3131.3
Sao Paulo,50.8,5,6,1,25,not acept,not furnished,256.73,2342.43,43.28,28.58,2671.02
Sao Paulo,79.0,4,5,1,4,acept,not furnished,624.19,3836.49,64.12,48.92,4573.72
Belo Horizonte,58.1,3,4,2,2,acept,furnished,443.72,2318.59,72.08,32.67,2867.06
Belo Horizonte,113.9,3,2,1,26,not acept,not furnished,601.5,3706.17,174.06,21.71,4503.44
Fortaleza,81.5,3,4,0,12,acept,not furnished,243.06,26862.273836079028,67.31,22.4,2370.43
Belo Horizonte,31.9,4,4,1,23,not acept,not furnished,202.3,1231.81,55.5,7.66,1497.27
Rio de Janeiro,193.8,4,4,2,29,not acept,not furnished,1024.0,6838.12,107.54,89.4,8059.06
Salvador,94.6,2,2,3,15,not acept,not furnished,465.98,2637.32,102.49,22.36,3228.15
Belo Horizonte,28.2,3,3,0,7,not acept,not furnished,86.68,769.7,37.97,4.77,899.12
Sao Paulo,122.7,3,2,1,24,not acept,not furnished,404.25,4064.15,129.34,37.04,4634.78
Belo Horizonte,18.3,5,4,2,28,not acept,furnished,220.08,1668.55,69.8,18.04,1976.47
Fortaleza,34.2,3,2,0,5,acept,not furnished,196.55,1266.79,39.33,17.29,1519.96
Rio de Janeiro,178.6,4,3,1,20,acept,not furnished,456.01,4977.48,222.43,58.76,5714.68
Sao Paulo,197.6,4,3,1,23,not acept,not furnished,704.55,6313.88,212.11,75.97,7306.51
Sao Paulo,48.7,3,2,1,0,not acept,furnished,236.74,2366.35,42.32,27.07,2672.48
Sao Paulo,106.7,4,5,1,17,not acept,furnished,809.61,4695.26,90.62,37.58,5633.07
Rio de Janeiro,130.6,2,1,3,18,acept,furnished,770.61,4683.56,113.65,24.01,5591.83
Belo Horizonte,94.3,2,1,0,18,not acept,furnished,422.65,2725.89,132.92,30.3,3311.76
Sao Paulo,80.7,3,3,0,0,acept,furnished,348.7,2572.15,90.13,23.56,3034.54
Fortaleza,18.0,1,1,0,0,not acept,not furnished,148.81,1113.05,32.67,7.92,1302.45
Porto Alegre,94.4,2,1,1,7,acept,not furnished,348.44,2452.3,60.54,35.86,2897.14
Belo Horizonte,73.0,3,4,1,9,acept,not furnished,452.55,2539.21,114.69,22.64,3129.09
Salvador,60.8,2,3,0,2,not acept,furnished,376.52,2484.62,54.95,18.75,2934.84
Sao Paulo,25.8,4,5,2,14,not acept,not furnished,300.71,1773.29,51.21,9.0,2134.21
Rio de Janeiro,89.6,5,6,2,5,not acept,furnished,382.25,3433.07,53.05,43.74,3912.11
Curitiba,79.6,3,2,1,8,not acept,not furnished,317.42,2311.33,58.25,15.67,2702.67
Salvador,58.1,3,4,1,7,acept,furnished,306.98,1972.29,88.92,17.82,2386.01
Porto Alegre,90.1,3,2,0,23,acept,not furnished,221.16,1877.1,24.22,20.66,2143.14
Sao Paulo,159.5,3,2,1,26,not acept,not furnished,561.55,3945.28,45.84,22.42,4575.09
Recife,51.5,2,1,1,7,acept,not furnished,353.21,1953.45,53.38,18.37,2378.41
Sao Paulo,33.5,3,2,1,10,not acept,furnished,233.3,2613.01,95.98,14.24,2956.53
Fortaleza,18.0,3,2,1,24,acept,not furnished,160.43,905.99,10.38,8.25,1085.05
Recife,46.2,2,2,3,22,not acept,furnished,331.72,2176.97,63.02,14.02,2585.73
Sao Paulo,143.8,4,3,2,21,not acept,furnished,653.06,5048.71,58.38,26.34,5786.49
Porto Alegre,96.6,3,2,0,21,not acept,furnished,310.62,12743.05742634263,77.21,14.79,2510.67
Sao Paulo,45.1,2,1,2,7,not acept,not furnished,257.1,1683.54,64.45,19.23,2024.32
Rio de Janeiro,87.0,3,3,0,28,not acept,not furnished,415.29,2391.03,109.97,31.4,2947.69
Belo Horizonte,18.0,2,2,1,24,acept,not furnished,70.5,400.0,19.11,4.32,493.93
Belo Horizonte,88.3,2,1,1,4,not acept,not furnished,338.18,2003.39,83.23,11.7,2436.5
Fortaleza,23.2,4,5,1,19,not acept,furnished,166.22,2025.72,62.15,10.65,2264.74
Curitiba,65.0,4,3,2,2,not acept,not furnished,161.95,1102.83,20.36,16.19,1301.33
Rio de Janeiro,45.9,2,3,2,16,acept,furnished,363.55,2759.0,103.49,39.01,3265.05
Salvador,103.3,4,5,2,7,not acept,furnished,523.0,3506.39,172.16,45.33,4246.88
Recife,55.8,2,1,0,1,not acept,not furnished,399.55,2617.32,117.13,26.96,3160.96
Sao Paulo,32.8,1,2,1,17,not acept,not furnished,162.37,1054.81,35.43,8.89,1261.5
Recife,62.8,1,1,3,27,not acept,not furnished,236.83,1941.29,90.45,26.03,2294.6
Sao Paulo,149.9,2,1,2,2,not acept,furnished,1004.16,7514.21,186.98,95.46,8800.81
Salvador,47.9,2,2,1,27,not acept,not furnished,200.27,2444.77,80.5,22.36,2747.9
Sao Paulo,143.1,4,4,3,1,not acept,not furnished,1026.69,5340.32,159.19,48.38,6574.58
Sao Paulo,54.5,2,1,0,22,acept,not furnished,463.6,2334.85,71.63,22.6,2892.68
Rio de Janeiro,30.3,2,1,0,30,not acept,not furnished,132.16,14699.357695981387,50.52,6.25,1220.51
Curitiba,59.4,3,2,2,0,not acept,not furnished,199.09,1527.33,29.97,18.65,1775.04
Rio de Janeiro,152.6,2,2,1,4,not acept,not furnished,562.21,4160.08,48.9,30.95,4802.14
Sao Paulo,137.8,3,2,0,13,not acept,furnished,602.46,5229.07,53.98,77.67,5963.18
Belo Horizonte,83.4,2,2,1,22,not acept,not furnished,444.41,3360.09,61.36,28.33,3894.19
Fortaleza,20.0,2,3,0,27,acept,not furnished,68.68,558.22,18.25,4.59,649.74
Rio de Janeiro,79.5,3,2,1,21,not acept,not furnished,87.79,1066.05,43.99,12.65,1210.48
Sao Paulo,226.7,1,1,0,23,acept,not furnished,611.16,6419.9,127.36,79.88,7238.3
Rio de Janeiro,105.1,2,1,0,12,acept,furnished,357.66,3998.93,69.06,45.5,4471.15
Sao Paulo,102.6,2,2,1,9,not acept,not furnished,323.03,2972.94,76.75,29.91,3402.63
Salvador,18.0,3,3,1,14,not acept,furnished,98.12,1066.84,40.78,8.84,1214.58
Salvador,18.0,3,4,1,19,acept,furnished,142.1,1320.31,24.72,9.37,1496.5
Belo Horizonte,134.3,3,2,1,14,acept,furnished,309.32,,136.42,42.31,4331.19
Rio de Janeiro,57.1,3,3,1,24,acept,not furnished,217.65,1095.61,31.97,7.89,1353.12
Porto Alegre,48.9,3,2,2,2,acept,not furnished,261.51,2808.68,41.39,24.95,3136.53
Belo Horizonte,38.4,2,2,0,10,acept,furnished,348.03,1924.83,52.26,20.5,2345.62
Salvador,42.9,4,5,1,0,not acept,not furnished,217.8,2361.0,50.51,25.76,2655.07
Curitiba,49.2,5,5,2,20,acept,not furnished,258.32,2201.13,71.25,31.51,2562.21
Porto Alegre,64.3,3,3,0,22,acept,furnished,503.72,2610.11,97.81,17.2,3228.84
Belo Horizonte,42.0,1,1,3,19,not acept,not furnished,189.82,1618.28,77.67,15.79,1901.56
Rio de Janeiro,170.3,3,4,0,29,acept,not furnished,991.62,6254.06,227.64,85.3,7558.62
Recife,38.8,2,2,0,28,acept,not furnished,112.34,950.48,13.32,7.41,1083.55
Belo Horizonte,28.0,3,2,0,6,not acept,furnished,465.41,2409.6,81.6,24.65,2981.26
Belo Horizonte,110.3,2,2,1,5,acept,not furnished,333.83,4108.35,165.17,45.6,4652.95
Sao Paulo,92.3,3,2,1,0,acept,not furnished,343.61,3119.83,88.07,36.92,3588.43
Curitiba,81.6,1,2,1,14,not acept,furnished,641.67,4951.85,168.22,56.34,5818.08
Belo Horizonte,108.8,5,6,3,26,not acept,not furnished,420.21,2348.39,62.03,23.97,2854.6
Sao Paulo,90.5,2,1,1,2,acept,not furnished,599.77,4031.71,63.68,29.39,4724.55
Sao Paulo,80.9,3,4,2,17,not acept,furnished,539.43,2878.87,56.17,37.13,3511.6
Belo Horizonte,87.4,4,3,0,21,not acept,furnished,662.04,3558.45,108.68,50.88,4380.05
Porto Alegre,48.5,2,1,2,9,not acept,furnished,575.89,2958.77,115.12,34.82,3684.6
Belo Horizonte,18.0,4,5,2,21,acept,furnished,89.25,875.68,27.7,7.31,999.94
Sao Paulo,183.9,2,3,1,25,acept,not furnished,834.82,6388.45,206.17,95.62,7525.06
Curitiba,79.6,5,4,1,0,acept,furnished,421.07,3207.14,85.69,23.32,3737.22
Sao Paulo,153.4,5,4,0,22,not acept,furnished,622.58,6569.71,121.99,98.51,7412.79
Rio de Janeiro,104.3,2,3,0,17,acept,furnished,892.38,4613.87,111.28,46.62,5664.15
Sao Paulo,194.6,4,5,2,25,not acept,not furnished,910.39,7369.89,126.04,76.27,8482.59
Sao Paulo,74.2,2,1,1,2,not acept,furnished,365.55,2332.65,86.29,25.26,2809.75
Sao Paulo,119.2,2,1,2,24,not acept,not furnished,601.4,3943.62,143.14,24.98,4713.14
Rio de Janeiro,79.4,1,1,1,2,acept,furnished,404.36,3729.0,143.5,44.67,4321.53
Sao Paulo,209.4,2,3,1,17,not acept,furnished,1238.24,8328.8,119.8,80.43,9767.27
Rio de Janeiro,139.1,3,3,1,6,not acept,not furnished,580.2,5238.42,129.29,42.44,5990.35
Belo Horizonte,74.7,2,1,0,5,acept,not furnished,282.88,2474.87,96.12,30.85,2884.72
Rio de Janeiro,163.0,3,3,1,14,not acept,furnished,762.02,5217.17,223.08,63.59,6265.86
Rio de Janeiro,69.3,2,3,1,22,not acept,not furnished,470.46,3489.58,173.01,18.92,4151.97
Salvador,100.7,5,5,2,19,acept,not furnished,410.01,3134.75,149.82,24.22,3718.8
Sao Paulo,85.4,1,1,0,30,acept,furnished,418.82,3292.62,49.55,24.29,3785.28
Belo Horizonte,42.3,1,1,1,1,acept,not furnished,126.22,740.02,30.66,6.23,903.13
Sao Paulo,28.5,3,3,1,21,not acept,not furnished,130.97,1151.82,42.03,10.62,1335.44
Sao Paulo,141.9,4,5,1,0,not acept,not furnished,498.28,4240.02,46.38,57.01,4841.69
Belo Horizonte,75.4,3,2,1,9,not acept,not furnished,328.33,2195.89,101.43,26.43,2652.08
Belo Horizonte,58.6,3,3,0,9,acept,furnished,446.94,2283.61,68.07,31.48,2830.1
Fortaleza,43.6,2,2,1,6,acept,furnished,206.8,1799.33,73.59,21.26,2100.98
Belo Horizonte,18.0,1,1,1,15,acept,not furnished,75.63,582.09,18.65,3.61,679.98
Recife,48.6,3,3,1,5,acept,not furnished,178.99,1876.24,43.39,17.77,2116.39
Sao Paulo,94.1,3,2,0,9,acept,furnished,648.15,4131.01,121.91,47.37,4948.44
Sao Paulo,54.3,2,1,1,26,acept,not furnished,247.34,2245.52,97.08,21.84,2611.78
Sao Paulo,92.9,3,2,2,8,not acept,not furnished,464.82,3247.7,59.55,20.13,3792.2
Sao Paulo,125.2,3,4,1,30,acept,not furnished,587.89,4508.08,144.59,24.99,5265.55
Belo Horizonte,18.0,3,4,1,6,acept,furnished,221.87,1281.69,44.9,10.93,1559.39
Curitiba,117.3,2,1,1,27,acept,not furnished,881.28,4897.44,163.76,64.84,6007.32
Sao Paulo,92.2,3,2,1,12,acept,furnished,525.7,3120.02,80.45,39.7,3765.87
Recife,66.4,1,2,1,27,acept,furnished,292.6,2182.87,36.21,31.14,2542.82
Salvador,46.7,1,1,1,11,acept,not furnished,190.54,1467.96,30.04,15.54,1704.08
Sao Paulo,105.5,3,2,2,23,not acept,furnished,604.7,4670.09,132.11,44.11,5451.01
Sao Paulo,142.3,3,2,1,10,not acept,furnished,626.26,4467.03,81.57,57.84,5232.7
Sao Paulo,107.1,3,3,2,18,not acept,not furnished,580.07,3760.04,147.29,37.64,4525.04
Sao Paulo,182.7,2,3,2,0,acept,not furnished,680.4,5722.69,120.91,41.11,6565.11
Sao Paulo,154.9,4,5,1,17,acept,not furnished,1116.35,40945.20351756661,119.08,99.73,7986.25
Belo Horizonte,95.3,1,1,2,8,not acept,furnished,608.91,3225.88,78.15,18.1,3931.04
Sao Paulo,68.1,4,4,3,30,acept,not furnished,194.38,2205.83,41.98,31.25,2473.44
Rio de Janeiro,119.9,2,3,1,24,not acept,not furnished,394.54,4776.68,182.51,32.86,5386.59
Recife,75.1,1,1,1,0,acept,furnished,357.7,2220.81,93.16,30.83,2702.5
Curitiba,32.3,2,2,2,4,not acept,not furnished,193.57,1228.98,32.91,17.63,1473.09
Recife,38.8,2,1,1,18,not acept,furnished,309.83,2294.92,83.79,29.37,2717.91
Sao Paulo,60.7,3,3,1,7,acept,not furnished,397.8,2217.52,39.67,31.98,2686.97
Rio de Janeiro,138.7,4,4,2,4,acept,not furnished,748.12,4402.46,103.18,52.52,5306.28
Belo Horizonte,50.9,2,2,1,9,not acept,not furnished,259.65,1324.73,21.38,11.26,1617.02
Sao Paulo,33.4,3,3,1,1,not acept,not furnished,413.85,2295.31,42.34,32.52,2784.02
Sao Paulo,112.1,4,4,1,16,acept,not furnished,281.97,3139.14,90.81,16.9,3528.82
Curitiba,84.4,3,2,2,7,acept,not furnished,384.05,2955.96,106.08,21.53,3467.62
Curitiba,46.0,2,3,2,26,not acept,not furnished,231.23,1883.29,29.64,25.98,2170.14
Rio de Janeiro,74.7,5,6,1,0,not acept,not furnished,606.05,3363.18,104.8,39.03,4113.06
Rio de Janeiro,72.2,2,2,2,9,not acept,not furnished,289.95,2677.84,76.18,35.29,3079.26
Rio de Janeiro,18.0,3,2,1,15,acept,furnished,122.36,1312.89,13.75,12.78,1461.78
Sao Paulo,129.9,3,2,0,5,not acept,furnished,438.68,4908.72,220.81,63.45,5631.66
Rio de Janeiro,60.0,1,1,1,0,not acept,not furnished,403.51,2736.86,90.71,24.51,3255.59
Sao Paulo,172.9,3,3,0,0,not acept,not furnished,774.77,6638.33,135.44,49.98,7598.52
Sao Paulo,111.8,2,3,0,2,not acept,not furnished,436.85,4252.87,144.11,52.83,4886.66
Recife,58.5,2,3,0,6,acept,furnished,380.84,2013.56,94.97,14.32,2503.69
Belo Horizonte,24.6,2,3,1,21,acept,not furnished,70.9,866.77,9.35,6.56,953.58
Porto Alegre,121.3,5,5,3,13,acept,not furnished,400.45,3012.12,144.84,17.53,3574.94
Rio de Janeiro,86.7,4,5,0,0,not acept,not furnished,415.5,3004.98,108.9,33.55,3562.93
Rio de Janeiro,208.9,2,1,1,2,acept,furnished,1112.73,7690.94,242.65,71.99,9118.31
Sao Paulo,64.4,1,1,3,9,acept,furnished,506.19,2955.12,76.48,38.38,3576.17
Sao Paulo,137.5,2,2,2,11,not acept,not furnished,445.97,63562.41216082802,84.39,27.71,6079.86
Sao Paulo,171.2,3,3,2,0,not acept,furnished,750.29,6921.24,74.22,41.05,7786.8
Porto Alegre,64.6,4,5,0,1,acept,furnished,496.41,2856.66,78.22,33.62,3464.91
Curitiba,77.0,5,4,1,6,not acept,furnished,240.85,1995.27,63.96,14.04,2314.12
Belo Horizonte,45.4,3,4,1,25,not acept,not furnished,280.01,1877.94,93.12,17.95,2269.02
Rio de Janeiro,91.9,3,2,2,4,not acept,not furnished,350.75,3079.79,95.53,28.53,3554.6
Fortaleza,18.0,1,2,1,5,not acept,not furnished,79.12,878.42,33.56,4.87,995.97
Sao Paulo,93.7,1,1,1,14,acept,not furnished,296.29,2687.54,94.8,37.28,3115.91
Sao Paulo,27.9,3,2,1,27,acept,furnished,419.64,2345.44,105.94,26.09,2897.11
Rio de Janeiro,18.0,3,2,2,15,not acept,not furnished,48.35,400.0,11.79,2.82,462.96
Porto Alegre,90.5,4,3,0,0,not acept,not furnished,460.57,3157.31,53.86,17.31,3689.05
Recife,69.6,2,3,0,3,acept,not furnished,168.11,2060.9,40.1,10.96,2280.07
Sao Paulo,110.0,1,2,2,26,acept,furnished,641.19,50684.908453832424,109.45,53.87,5299.39
Fortaleza,69.5,2,3,2,26,not acept,not furnished,389.18,2331.17,41.0,33.28,2794.63
Salvador,93.8,5,4,0,24,not acept,not furnished,426.9,2849.32,118.76,35.97,3430.95
Sao Paulo,66.9,3,3,0,15,not acept,not furnished,222.37,2687.97,66.62,25.08,3002.04
Rio de Janeiro,84.6,1,2,1,12,not acept,not furnished,174.06,2108.8,53.21,31.11,2367.18
Rio de Janeiro,58.1,4,3,1,6,acept,furnished,539.52,2893.57,86.86,18.01,3537.96
Recife,53.2,3,4,0,15,acept,not furnished,204.1,1930.24,41.49,13.15,2188.98
Sao Paulo,161.5,2,1,2,20,not acept,not furnished,701.3,4330.22,64.98,57.61,5154.11
Porto Alegre,79.9,2,1,1,17,acept,furnished,284.13,3391.6,133.6,22.36,3831.69
Rio de Janeiro,21.1,3,4,2,5,acept,not furnished,126.77,1087.36,36.58,7.09,1257.8
Porto Alegre,51.0,3,2,1,27,acept,furnished,357.55,3004.82,53.0,31.55,3446.92
Rio de Janeiro,183.5,3,4,0,10,not acept,not furnished,1168.64,6411.46,79.98,84.88,7744.96
Belo Horizonte,47.9,3,2,2,27,not acept,not furnished,378.49,2143.96,67.58,18.98,2609.01
Salvador,38.9,1,1,0,10,acept,not furnished,390.71,2172.55,79.64,21.81,2664.71
Salvador,124.2,2,2,1,0,acept,not furnished,660.82,3423.67,66.22,50.02,4200.73
Salvador,44.7,4,4,1,22,not acept,not furnished,316.4,2538.22,65.12,18.85,2938.59
Sao Paulo,143.3,3,3,1,28,not acept,furnished,470.29,4430.81,200.26,36.24,5137.6
Curitiba,62.6,2,3,0,6,acept,not furnished,487.33,2893.11,87.43,21.53,3489.4
Sao Paulo,66.1,2,1,1,15,not acept,not furnished,236.66,2629.83,116.63,25.95,3009.07
Rio de Janeiro,96.1,1,1,0,24,acept,not furnished,452.78,2294.84,73.1,16.45,2837.17
Belo Horizonte,24.5,2,2,1,8,not acept,not furnished,67.76,400.0,13.77,3.1,484.63
Rio de Janeiro,18.0,1,1,3,7,acept,not furnished,144.08,1261.54,41.98,18.12,1465.72
Belo Horizonte,18.0,3,2,1,11,acept,not furnished,69.97,400.0,6.18,2.84,478.99
Recife,84.9,4,3,2,16,acept,not furnished,527.93,2787.73,33.4,35.69,3384.75
Sao Paulo,67.3,2,1,1,16,acept,furnished,193.5,1968.82,76.25,18.52,2257.09
Curitiba,103.0,4,4,1,13,not acept,not furnished,562.48,3531.3,120.9,27.03,4241.71
Rio de Janeiro,195.1,3,2,2,25,not acept,furnished,734.91,7562.14,181.05,57.4,8535.5
Sao Paulo,127.6,1,1,1,2,not acept,not furnished,745.28,5028.77,168.55,35.08,5977.68
Sao Paulo,145.2,3,3,1,0,not acept,not furnished,502.29,4929.32,156.9,46.09,5634.6
Recife,45.6,2,2,0,3,acept,not furnished,292.98,2074.28,81.81,17.24,2466.31
Fortaleza,31.9,3,2,1,21,acept,not furnished,236.28,1689.67,56.06,16.29,1998.3
Fortaleza,31.4,1,1,2,2,acept,not furnished,46.33,400.0,14.55,4.13,465.01
Recife,19.8,2,3,2,8,acept,not furnished,53.48,618.28,19.71,3.15,694.62
Sao Paulo,132.2,3,2,2,26,acept,not furnished,768.1,4399.4,71.91,57.23,5296.64
Rio de Janeiro,84.7,1,1,0,2,not acept,not furnished,380.32,2775.38,122.84,34.54,3313.08
Curitiba,93.9,2,1,0,15,not acept,not furnished,447.41,2770.97,72.23,22.53,3313.14
Rio de Janeiro,170.4,2,1,3,14,acept,furnished,1164.16,6300.05,115.12,55.1,7634.43
Rio de Janeiro,76.0,3,3,0,0,acept,not furnished,364.75,3296.07,160.4,48.4,3869.62
Rio de Janeiro,123.5,4,5,1,1,not acept,furnished,632.92,4235.36,152.98,52.99,5074.25
Belo Horizonte,65.9,2,2,2,29,acept,not furnished,343.7,1926.93,90.24,12.1,2372.97
Belo Horizonte,65.9,2,3,1,29,not acept,not furnished,352.56,1836.74,36.4,10.6,2236.3
Sao Paulo,173.5,3,2,0,26,acept,furnished,559.85,6346.17,228.28,92.83,7227.13
Rio de Janeiro,75.7,2,2,0,12,acept,not furnished,330.68,3376.77,92.17,41.11,3840.73
Belo Horizonte,56.2,3,3,0,17,acept,not furnished,146.6,1549.28,18.14,21.79,1735.81
Belo Horizonte,116.2,2,2,0,25,not acept,not furnished,399.52,4303.93,124.72,40.14,4868.31
Sao Paulo,120.9,3,4,1,20,acept,furnished,1098.73,5764.65,137.08,54.25,7054.71
Porto Alegre,20.0,3,4,0,27,acept,not furnished,183.79,1172.13,15.83,5.89,1377.64
Sao Paulo,38.5,1,1,0,8,not acept,not furnished,74.05,400.0,16.0,5.96,496.01
Rio de Janeiro,18.0,3,3,2,18,not acept,furnished,62.73,476.51,15.23,6.01,560.48
Porto Alegre,18.0,3,2,2,16,acept,furnished,206.83,1105.52,12.53,9.11,1333.99
Belo Horizonte,99.4,2,3,2,30,not acept,furnished,610.3,3902.91,76.98,39.24,4629.43
Sao Paulo,47.1,1,1,2,26,acept,not furnished,362.37,2062.29,100.44,16.41,2541.51
Curitiba,43.0,2,2,2,3,not acept,not furnished,229.19,1534.52,59.53,8.99,1832.23
Belo Horizonte,102.4,2,2,1,0,not acept,not furnished,261.31,2255.6,105.92,24.47,2647.3
Porto Alegre,18.0,2,3,1,12,not acept,not furnished,59.12,400.0,12.92,4.21,476.25
Porto Alegre,68.4,3,4,1,15,acept,furnished,358.78,2145.75,92.58,21.33,2618.44
Belo Horizonte,80.9,3,2,3,23,not acept,furnished,432.94,2702.49,82.06,40.52,3258.01
Rio de Janeiro,87.6,4,4,1,2,acept,not furnished,505.22,3717.63,109.49,52.15,4384.49
Sao Paulo,186.8,3,2,3,28,acept,not furnished,493.68,5980.28,107.31,67.16,6648.43
Sao Paulo,180.9,3,4,1,16,acept,not furnished,814.52,5447.95,226.26,44.3,6533.03
Rio de Janeiro,138.9,3,4,1,25,acept,furnished,860.53,4503.63,137.1,29.14,5530.4
Belo Horizonte,65.3,5,4,2,25,acept,not furnished,466.16,2439.88,42.36,32.8,2981.2
Belo Horizonte,59.4,2,2,0,29,not acept,not furnished,383.75,2094.06,57.94,13.77,2549.52
Sao Paulo,114.5,2,3,2,19,acept,not furnished,442.16,2865.1,82.7,16.0,3405.96
Sao Paulo,125.7,1,1,0,23,acept,furnished,693.44,4913.59,56.23,59.61,5722.87
Rio de Janeiro,167.7,3,3,1,25,acept,not furnished,313.04,3782.41,149.22,28.49,4273.16
Sao Paulo,33.5,1,1,2,13,acept,not furnished,215.14,1762.9,19.05,24.65,2021.74
Porto Alegre,19.0,2,3,1,12,not acept,not furnished,150.79,826.51,26.68,11.49,1015.47
Sao Paulo,111.9,3,3,2,29,not acept,not furnished,420.05,4241.93,151.94,45.53,4859.45
Belo Horizonte,49.0,5,6,1,0,not acept,furnished,331.02,1871.63,22.0,23.2,2247.85
Recife,44.4,5,6,0,29,acept,not furnished,150.65,1338.48,30.78,8.28,1528.19
Sao Paulo,179.4,3,4,1,16,not acept,not furnished,845.69,5805.62,236.9,64.42,6952.63
Rio de Janeiro,150.9,2,3,2,7,acept,furnished,628.79,5464.39,86.05,54.66,6233.89
Sao Paulo,119.9,4,5,2,16,not acept,furnished,560.78,4969.31,147.91,37.38,5715.38
Curitiba,35.8,4,3,1,18,acept,not furnished,282.17,1527.75,22.23,21.32,1853.47
Belo Horizonte,61.2,4,5,2,1,not acept,not furnished,265.38,1628.68,78.85,22.4,1995.31
Rio de Janeiro,120.2,3,4,0,19,not acept,not furnished,393.75,3720.17,71.66,49.07,4234.65
Belo Horizonte,58.8,2,3,0,27,not acept,furnished,179.6,1307.71,36.1,17.96,1541.37
Fortaleza,18.0,1,1,2,30,acept,not furnished,184.12,1301.11,34.99,18.64,1538.86
Sao Paulo,135.7,4,5,2,17,acept,not furnished,504.21,3009.41,102.25,31.87,3647.74
Sao Paulo,82.1,1,1,0,8,acept,not furnished,501.36,3102.11,71.73,31.58,3706.78
Salvador,44.3,2,1,1,16,not acept,furnished,313.9,1951.44,57.0,28.2,2350.54
Belo Horizonte,42.8,3,4,2,0,not acept,not furnished,175.53,1396.67,65.48,19.46,1657.14
Fortaleza,73.5,1,1,0,28,acept,not furnished,253.55,2352.92,28.96,25.59,2661.02
Belo Horizonte,24.5,4,3,2,23,not acept,not furnished,154.35,1099.95,11.65,6.93,1272.88
Salvador,40.7,2,3,1,3,acept,not furnished,236.51,1386.35,69.18,17.46,1709.5
Rio de Janeiro,145.5,1,1,2,17,acept,furnished,1119.99,5965.14,171.23,40.19,7296.55
Porto Alegre,90.6,5,6,1,0,not acept,furnished,361.82,2153.33,50.16,29.22,2594.53
Fortaleza,74.7,2,1,1,4,not acept,furnished,318.4,2498.87,46.58,29.95,2893.8
Belo Horizonte,120.1,4,4,0,3,acept,not furnished,752.64,3862.32,143.65,40.15,4798.76
Sao Paulo,28.1,3,3,1,2,not acept,not furnished,73.6,400.0,14.02,5.81,493.43
Sao Paulo,35.7,3,3,1,16,acept,not furnished,176.21,934.38,19.14,10.9,1140.63
Sao Paulo,18.0,2,3,1,29,acept,not furnished,81.56,715.26,14.11,5.22,816.15
Sao Paulo,74.5,3,2,1,2,not acept,not furnished,622.59,3145.19,136.22,24.12,3928.12
Rio de Janeiro,97.1,2,2,1,26,not acept,not furnished,300.77,2676.72,105.89,18.04,3101.42
Belo Horizonte,52.5,5,6,1,0,not acept,furnished,168.73,1693.89,68.7,23.48,1954.8
Belo Horizonte,31.4,1,1,0,0,acept,furnished,139.14,1319.46,37.25,10.34,1506.19
Rio de Janeiro,85.4,2,2,0,18,not acept,furnished,709.12,4491.24,100.63,65.33,5366.32
Belo Horizonte,36.1,4,5,3,16,not acept,not furnished,117.76,919.45,27.5,8.8,1073.51
Sao Paulo,164.7,3,3,2,9,acept,furnished,655.97,6607.95,223.03,90.08,7577.03
Sao Paulo,88.2,3,4,1,15,acept,not furnished,505.25,2976.84,115.81,28.03,3625.93
Sao Paulo,116.3,3,3,1,22,acept,not furnished,377.43,3899.86,110.66,56.85,4444.8
Belo Horizonte,18.0,1,2,1,23,not acept,not furnished,35.48,400.0,15.12,5.15,455.75
Sao Paulo,68.1,1,1,2,0,acept,furnished,496.34,2714.0,83.68,39.0,3333.02
Sao Paulo,130.9,4,3,2,0,acept,not furnished,599.55,4134.58,68.04,54.82,4856.99
Rio de Janeiro,76.5,2,1,1,0,not acept,not furnished,561.46,,46.79,41.97,4236.59
Salvador,107.9,2,3,1,0,acept,furnished,715.21,3578.5,116.07,49.94,4459.72
Sao Paulo,50.5,3,4,0,25,acept,furnished,346.82,1781.1,50.83,10.68,2189.43
Curitiba,51.5,2,1,0,0,acept,not furnished,221.27,1704.58,43.0,15.72,1984.57
Curitiba,138.4,3,4,1,21,acept,not furnished,466.84,3353.31,110.0,31.89,3962.04
Porto Alegre,81.3,3,3,1,30,acept,not furnished,230.05,2638.59,100.37,35.76,3004.77
Fortaleza,42.6,4,4,1,25,acept,not furnished,188.8,1362.13,26.24,14.26,1591.43
Sao Paulo,177.6,2,2,0,0,acept,furnished,777.92,6846.04,217.76,70.53,7912.25
Sao Paulo,30.6,2,2,2,27,not acept,not furnished,376.68,2205.0,41.4,17.21,2640.29
Fortaleza,60.9,4,4,0,29,not acept,not furnished,241.92,1959.13,69.76,20.49,2291.3
Rio de Janeiro,84.3,2,2,1,21,not acept,furnished,216.15,2647.58,85.34,37.4,2986.47
Belo Horizonte,46.5,2,2,1,18,acept,not furnished,284.48,23233.418806251633,65.39,22.24,2092.51
Curitiba,58.2,3,4,0,17,not acept,not furnished,238.89,2283.34,99.15,28.38,2649.76
Curitiba,95.5,3,2,2,25,acept,not furnished,286.51,30398.23034211636,58.47,30.24,2911.09
Fortaleza,32.6,2,2,1,16,acept,not furnished,71.53,800.26,36.58,7.26,915.63
Recife,55.2,2,2,1,8,not acept,not furnished,316.64,1823.95,23.83,23.66,2188.08
Porto Alegre,79.3,3,4,1,30,not acept,furnished,343.8,3140.67,111.25,25.77,3621.49
Sao Paulo,147.6,2,3,1,0,not acept,furnished,966.19,5632.54,125.33,75.59,6799.65
Fortaleza,41.6,4,3,1,19,acept,not furnished,103.41,1246.94,49.75,18.25,1418.35
Sao Paulo,93.0,2,1,1,17,acept,not furnished,526.96,3348.58,34.52,27.68,3937.74
Sao Paulo,101.4,4,5,2,18,not acept,furnished,330.12,3494.88,151.05,42.99,4019.04
Fortaleza,55.2,2,2,3,19,not acept,furnished,270.32,2069.33,89.63,28.72,2458.0
Sao Paulo,75.6,2,2,2,1,acept,not furnished,441.56,3768.47,110.56,38.92,4359.51
Sao Paulo,111.5,2,2,1,2,not acept,not furnished,669.66,3856.46,181.94,49.75,4757.81
Sao Paulo,109.2,2,2,1,0,acept,furnished,883.52,5043.65,134.48,55.78,6117.43
Salvador,38.3,1,1,2,28,not acept,not furnished,164.62,903.4,41.73,12.32,1122.07
Belo Horizonte,56.4,2,3,1,17,acept,not furnished,151.79,1853.75,18.58,25.61,2049.73
Curitiba,57.6,4,3,1,0,not acept,furnished,429.62,2360.93,62.06,27.07,2879.68
Sao Paulo,66.1,1,1,1,12,acept,furnished,347.94,3191.74,39.43,24.2,3603.31
Porto Alegre,56.6,5,6,3,9,not acept,not furnished,432.99,2402.67,42.36,26.73,2904.75
Porto Alegre,69.3,1,1,2,2,acept,furnished,415.76,2305.14,63.49,18.3,2802.69
Rio de Janeiro,42.2,3,4,1,25,acept,not furnished,247.69,2319.78,86.48,12.11,2666.06
Rio de Janeiro,184.8,4,3,1,23,acept,not furnished,749.0,6839.13,153.27,102.07,7843.47
Sao Paulo,179.4,4,3,2,13,not acept,furnished,523.65,5265.8,101.52,49.64,5940.61
Recife,58.8,1,1,2,15,not acept,not furnished,230.14,2268.73,99.88,21.78,2620.53
Curitiba,47.1,3,2,1,12,not acept,furnished,535.33,2751.15,33.52,28.82,3348.82
Fortaleza,74.7,1,2,1,16,acept,furnished,326.98,21869.431937076883,113.56,32.57,3064.68
Rio de Janeiro,48.5,2,2,1,22,acept,furnished,228.84,2699.35,29.84,33.94,2991.97
Porto Alegre,44.8,3,3,0,26,not acept,not furnished,104.81,876.95,9.11,9.23,1000.1
Porto Alegre,64.4,2,3,1,17,acept,not furnished,180.46,2102.32,99.75,27.6,2410.13
Curitiba,18.0,2,2,2,1,acept,not furnished,292.13,1477.05,34.89,10.52,1814.59
Recife,69.2,1,1,1,23,not acept,not furnished,382.43,2393.08,39.71,32.28,2847.5
Rio de Janeiro,122.6,1,1,2,10,acept,furnished,719.8,5087.58,88.54,31.45,5927.37
Sao Paulo,110.7,1,1,1,18,not acept,furnished,334.09,3572.85,128.17,41.3,4076.41
Curitiba,102.6,4,3,0,4,not acept,not furnished,339.52,3032.35,130.56,15.46,3517.89
Porto Alegre,62.3,1,1,0,3,acept,not furnished,301.7,1749.08,48.97,26.04,2125.79
Belo Horizonte,86.4,3,4,1,0,not acept,not furnished,583.18,3098.19,58.94,35.45,3775.76
Sao Paulo,109.0,3,2,2,8,not acept,not furnished,513.19,2875.72,64.72,40.8,3494.43
Belo Horizonte,55.8,3,2,1,17,acept,not furnished,242.12,1511.0,27.15,16.11,1796.38
Rio de Janeiro,52.1,3,4,1,8,not acept,not furnished,451.72,3112.37,54.85,46.52,3665.46
Rio de Janeiro,84.6,3,3,0,5,not acept,furnished,811.49,5977.42,193.32,61.98,7044.21
Curitiba,22.0,3,2,3,30,not acept,furnished,48.22,487.64,15.15,4.48,555.49
Porto Alegre,57.2,2,3,2,30,not acept,not furnished,230.58,2448.01,90.51,30.76,2799.86
Sao Paulo,65.5,4,5,2,17,not acept,furnished,856.33,4840.77,82.32,29.25,5808.67
Rio de Janeiro,126.7,5,5,1,8,acept,furnished,920.12,5265.59,61.16,40.04,6286.91
Sao Paulo,106.6,3,3,0,26,not acept,furnished,358.87,4368.88,142.79,46.44,4916.98
Sao Paulo,133.4,2,3,1,22,not acept,furnished,743.95,5223.78,235.93,47.27,6250.93
Porto Alegre,55.6,2,2,2,18,acept,not furnished,39.97,407.05,15.66,4.03,466.71
Fortaleza,44.0,3,4,0,27,acept,furnished,450.23,2617.18,49.25,35.43,3152.09
Rio de Janeiro,71.9,3,3,2,12,acept,not furnished,273.7,2682.29,72.29,18.67,3046.95
Porto Alegre,40.2,3,3,1,6,not acept,furnished,483.37,3415.77,63.61,20.9,3983.65
Fortaleza,18.0,3,4,2,29,not acept,not furnished,201.08,1250.69,20.97,12.1,1484.84
Salvador,35.9,3,4,1,26,acept,not furnished,201.21,1586.18,71.5,11.4,1870.29
Sao Paulo,100.6,1,1,3,28,acept,not furnished,633.12,3943.45,63.47,20.44,4660.48
Recife,45.5,3,4,1,28,acept,not furnished,219.9,1159.26,43.9,14.1,1437.16
Rio de Janeiro,121.9,2,1,1,10,acept,not furnished,645.86,3882.01,93.4,36.05,4657.32
Rio de Janeiro,72.4,3,3,0,26,not acept,furnished,413.61,3483.83,70.88,42.36,4010.68
Sao Paulo,112.5,1,1,1,27,acept,not furnished,438.41,3586.07,169.68,25.31,4219.47
Rio de Janeiro,19.3,1,1,3,15,not acept,not furnished,48.06,400.0,18.14,3.21,469.41
Sao Paulo,125.7,1,1,0,18,not acept,not furnished,599.55,4356.45,82.99,50.21,5089.2
Sao Paulo,49.6,4,5,1,16,not acept,furnished,383.45,4221.51,111.76,49.5,4766.22
Rio de Janeiro,108.4,3,3,1,0,not acept,not furnished,209.42,2540.22,97.07,31.7,2878.41
Salvador,45.6,2,2,3,15,not acept,furnished,231.61,1976.1,84.0,11.94,2303.65
Fortaleza,53.1,3,2,1,0,acept,not furnished,286.99,1611.83,44.38,21.33,1964.53
Rio de Janeiro,115.1,3,4,1,12,not acept,not furnished,771.56,4188.23,195.01,45.6,5200.4
Salvador,94.1,3,3,3,0,acept,furnished,399.71,2354.45,62.83,14.59,2831.58
Salvador,119.8,3,3,2,12,acept,furnished,300.06,2937.97,41.95,27.57,3307.55
Porto Alegre,74.7,1,1,2,7,acept,not furnished,200.76,1441.75,71.08,12.67,1726.26
Sao Paulo,75.0,2,1,2,23,acept,not furnished,334.9,2376.79,112.19,15.95,2839.83
Curitiba,76.4,1,1,1,13,not acept,not furnished,312.35,3032.48,124.09,41.58,3510.5
Recife,68.6,3,2,1,14,acept,not furnished,218.64,1763.33,80.57,18.6,2081.14
Curitiba,78.8,2,1,1,27,acept,not furnished,183.35,1589.73,57.04,15.22,1845.34
Rio de Janeiro,70.9,3,2,1,13,not acept,not furnished,123.95,1123.11,29.29,7.52,1283.87
Belo Horizonte,84.0,2,2,0,2,acept,not furnished,386.39,3001.19,75.0,33.17,3495.75
Curitiba,44.1,1,1,0,1,not acept,not furnished,224.23,1897.33,42.21,11.82,2175.59
Belo Horizonte,55.5,5,6,1,7,not acept,furnished,399.53,16051.245976901215,78.06,21.46,2586.25
Sao Paulo,212.5,4,3,1,6,not acept,not furnished,942.72,6059.41,132.57,49.51,7184.21
Rio de Janeiro,83.1,1,1,2,24,acept,furnished,561.96,3753.06,88.87,40.46,4444.35
Salvador,36.1,4,3,0,22,not acept,furnished,220.27,1692.56,50.73,19.98,1983.54
Salvador,18.0,3,3,2,0,not acept,not furnished,138.26,11902.22253630728,28.6,14.87,1209.14
Sao Paulo,222.5,3,3,2,4,not acept,not furnished,1015.61,7574.83,90.49,84.21,8765.14
Recife,47.8,2,3,1,12,not acept,not furnished,90.32,1100.14,29.93,9.22,1229.61
Rio de Janeiro,19.0,1,1,1,0,acept,not furnished,279.27,1432.48,42.35,19.16,1773.26
Curitiba,75.9,4,3,1,3,not acept,furnished,283.53,1708.74,55.18,20.17,2067.62
Porto Alegre,18.0,4,5,1,27,not acept,not furnished,260.04,1785.05,79.92,16.38,2141.39
Salvador,71.2,3,4,0,15,not acept,not furnished,293.45,2707.55,64.76,15.04,3080.8
Recife,18.0,4,5,2,24,acept,furnished,39.74,493.57,18.77,6.52,558.6
Rio de Janeiro,121.8,3,2,1,8,not acept,not furnished,451.51,3981.51,185.86,49.09,4667.97
Salvador,72.9,2,2,0,10,not acept,furnished,618.05,3554.66,167.96,34.29,4374.96
Sao Paulo,97.0,2,2,1,26,not acept,not furnished,763.41,3884.1,184.73,41.34,4873.58
Curitiba,39.4,1,1,1,19,acept,not furnished,129.73,757.81,33.03,9.65,930.22
Porto Alegre,74.1,3,3,2,20,not acept,not furnished,315.48,2393.78,77.18,23.29,2809.73
Curitiba,64.2,5,4,3,18,not acept,not furnished,495.48,2726.79,104.36,31.39,3358.02
Sao Paulo,57.6,3,2,2,15,not acept,furnished,420.54,2107.86,26.88,20.65,2575.93
Fortaleza,101.1,3,4,2,30,not acept,furnished,351.28,3003.32,52.45,33.77,3440.82
Sao Paulo,150.1,3,3,1,27,acept,not furnished,675.79,5231.78,259.51,52.87,6219.95
Sao Paulo,122.7,2,3,1,21,acept,furnished,675.56,5125.36,56.41,39.14,5896.47
Curitiba,36.9,2,2,1,20,not acept,not furnished,160.56,1274.06,14.27,14.4,1463.29
Rio de Janeiro,31.7,2,1,2,0,acept,furnished,204.22,1298.69,25.37,12.69,1540.97
Salvador,102.9,3,4,0,13,not acept,furnished,646.49,3501.74,114.02,26.97,4289.22
Rio de Janeiro,50.4,4,3,1,14,not acept,not furnished,333.87,1815.32,32.59,24.87,2206.65
Sao Paulo,64.4,2,1,2,0,acept,furnished,253.04,2738.66,38.61,23.3,3053.61
Salvador,86.8,3,4,3,22,not acept,not furnished,215.56,2580.83,40.88,21.02,2858.29
Belo Horizonte,147.7,3,4,2,0,acept,not furnished,573.58,4335.73,123.61,23.83,5056.75
Sao Paulo,132.6,1,1,0,11,not acept,furnished,477.82,4915.28,153.22,31.5,5577.82
Porto Alegre,29.7,3,3,1,27,not acept,not furnished,161.56,1827.92,36.65,16.65,2042.78
Belo Horizonte,113.8,1,2,1,9,acept,not furnished,304.34,3275.2,157.72,35.02,3772.28
Belo Horizonte,59.3,3,3,3,17,not acept,not furnished,294.1,1883.05,79.84,10.7,2267.69
Rio de Janeiro,161.5,3,2,2,7,not acept,not furnished,617.74,5061.41,145.82,55.4,5880.37
Salvador,24.9,2,1,0,3,not acept,not furnished,109.46,702.67,11.7,7.55,831.38
Salvador,70.1,4,3,1,22,not acept,furnished,166.71,1948.61,88.96,10.74,2215.02
Curitiba,121.5,2,1,2,4,acept,furnished,677.08,3527.5,57.07,40.83,4302.48
Sao Paulo,35.4,2,1,3,0,acept,not furnished,350.47,1787.79,66.77,22.89,2227.92
Salvador,63.5,3,2,1,12,not acept,not furnished,506.35,2635.56,92.28,31.87,3266.06
Curitiba,32.9,4,4,2,21,not acept,not furnished,84.44,778.57,35.24,6.44,904.69
Curitiba,85.9,1,2,1,17,not acept,not furnished,321.13,1752.78,39.83,9.65,2123.39
Rio de Janeiro,107.3,2,3,0,5,acept,furnished,549.25,4338.92,86.38,46.45,5021.0
Fortaleza,70.1,3,3,2,24,acept,not furnished,219.72,1341.53,36.19,15.85,1613.29
Porto Alegre,57.7,2,2,2,0,acept,not furnished,236.6,2304.77,104.38,31.2,2676.95
Sao Paulo,66.3,1,1,0,20,not acept,not furnished,309.51,2370.65,36.61,12.64,2729.41
Rio de Janeiro,70.1,2,3,0,17,not acept,furnished,379.07,2023.29,96.9,15.89,2515.15
Fortaleza,18.0,4,4,3,27,not acept,not furnished,53.96,400.0,14.58,2.04,470.58
Sao Paulo,146.8,5,5,2,15,not acept,not furnished,938.79,4898.24,63.67,44.38,5945.08
Recife,47.0,1,2,2,24,acept,not furnished,145.41,1183.56,40.47,8.71,1378.15
Curitiba,40.0,3,3,1,4,not acept,not furnished,214.05,1413.96,44.14,8.12,1680.27
Curitiba,93.6,1,1,1,15,not acept,furnished,473.02,3555.82,125.07,44.72,4198.63
Sao Paulo,97.8,3,4,1,15,acept,not furnished,246.93,2584.93,76.98,29.62,2938.46
Sao Paulo,127.9,1,2,2,7,not acept,not furnished,544.08,3956.05,165.78,36.58,4702.49
Recife,102.4,1,2,1,0,not acept,not furnished,345.1,2800.95,121.93,18.61,3286.59
Sao Paulo,170.0,3,3,2,22,acept,not furnished,602.51,5816.23,188.08,61.04,6667.86
Porto Alegre,80.7,1,2,2,10,not acept,not furnished,349.97,2674.84,36.74,19.44,3080.99
Rio de Janeiro,45.7,2,1,2,7,acept,furnished,176.51,1548.26,46.55,11.05,1782.37
Sao Paulo,133.4,5,4,1,4,acept,not furnished,472.6,35681.457437718294,58.8,41.26,4834.11
Sao Paulo,86.8,5,6,1,26,acept,furnished,686.88,3752.17,40.91,27.69,4507.65
Belo Horizonte,50.6,2,1,0,8,not acept,not furnished,462.89,2690.86,73.27,27.96,3254.98
Recife,74.0,3,3,1,4,acept,not furnished,443.43,2750.35,134.2,14.81,3342.79
Rio de Janeiro,113.1,3,4,2,15,acept,furnished,470.58,3802.5,63.97,28.53,4365.58
Rio de Janeiro,88.6,3,2,2,23,not acept,furnished,506.3,4699.11,198.08,56.25,5459.74
Rio de Janeiro,132.8,4,4,0,17,acept,not furnished,690.94,4436.13,46.14,29.48,5202.69
Belo Horizonte,28.7,3,4,3,29,not acept,not furnished,173.4,1528.26,20.9,17.15,1739.71
Rio de Janeiro,51.1,3,4,1,29,not acept,furnished,560.27,3296.01,143.49,17.16,4016.93
Fortaleza,109.9,2,3,0,27,not acept,not furnished,386.7,2805.59,70.77,32.26,3295.32
Belo Horizonte,67.1,2,1,0,16,not acept,not furnished,474.34,2506.53,122.17,28.98,3132.02
Belo Horizonte,70.1,3,4,3,23,not acept,furnished,398.22,2121.97,26.46,16.71,2563.36
Sao Paulo,187.6,2,1,1,7,not acept,furnished,1118.26,8395.8,196.45,102.74,9813.25
Recife,56.5,1,1,1,16,acept,not furnished,174.15,895.34,29.83,6.14,1105.46
Sao Paulo,18.0,1,1,1,0,acept,not furnished,92.89,583.15,21.83,5.23,703.1
Sao Paulo,64.7,2,2,3,6,not acept,furnished,583.73,3824.98,115.72,53.78,4578.21
Curitiba,114.6,2,3,2,8,not acept,not furnished,311.19,3412.15,149.18,43.47,3915.99
Belo Horizonte,70.8,2,2,1,9,acept,not furnished,313.21,1582.69,57.8,21.4,1975.1
Rio de Janeiro,151.3,2,1,0,3,not acept,not furnished,488.99,5373.94,255.24,47.24,6165.41
Rio de Janeiro,117.3,3,2,2,0,acept,not furnished,283.54,2524.0,104.09,37.29,2948.92
Porto Alegre,79.8,3,2,2,16,not acept,not furnished,262.45,2612.99,127.08,30.24,3032.76
Sao Paulo,184.7,2,1,2,14,acept,furnished,665.64,7664.11,302.57,38.44,8670.76
Salvador,42.2,4,3,2,17,acept,not furnished,283.95,1420.78,27.82,8.15,1740.7
Curitiba,55.5,3,2,1,1,not acept,furnished,449.44,3799.91,116.79,45.52,4411.66
Rio de Janeiro,106.7,3,3,2,29,not acept,furnished,272.74,3188.75,76.14,46.1,3583.73
Rio de Janeiro,100.4,4,5,3,11,not acept,furnished,249.63,2627.73,75.06,32.67,2985.09
Sao Paulo,180.0,2,1,2,12,acept,not furnished,687.78,6346.54,186.76,64.8,7285.88
Porto Alegre,37.6,2,2,1,15,not acept,not furnished,128.38,1516.74,72.86,10.62,1728.6
Belo Horizonte,166.0,2,2,2,20,not acept,furnished,547.44,5608.62,222.26,73.01,6451.33
Rio de Janeiro,84.6,2,1,2,10,not acept,not furnished,284.08,19345.406616378124,137.3,36.38,3845.85
Belo Horizonte,67.9,1,1,2,2,acept,furnished,235.54,2355.4,108.67,15.74,2715.35
Recife,24.6,4,3,1,23,acept,furnished,115.41,865.02,8.95,6.21,995.59
Rio de Janeiro,112.1,1,2,0,6,not acept,not furnished,1021.67,5183.61,205.13,45.93,6456.34
Fortaleza,89.7,5,4,1,12,not acept,not furnished,351.23,2178.61,86.65,18.66,2635.15
Rio de Janeiro,101.3,3,4,2,18,acept,not furnished,340.78,2359.16,69.63,21.38,2790.95
Sao Paulo,81.9,3,3,0,29,acept,furnished,634.05,3190.11,70.66,28.53,3923.35
Sao Paulo,86.7,2,2,1,0,not acept,furnished,620.53,3774.19,45.44,49.09,4489.25
Rio de Janeiro,78.9,3,2,1,14,acept,furnished,342.74,2754.79,134.28,20.08,3251.89
Sao Paulo,150.9,2,2,2,28,not acept,furnished,993.96,5674.78,168.64,41.7,6879.08
Sao Paulo,46.7,2,2,0,6,acept,not furnished,186.36,1352.06,19.84,7.46,1565.72
Fortaleza,49.8,4,5,2,1,acept,not furnished,160.77,15408.382636560005,69.61,24.02,2149.81
Salvador,60.2,2,1,1,17,acept,furnished,611.64,3913.18,161.43,41.41,4727.66
Porto Alegre,18.0,3,2,2,2,acept,not furnished,67.05,400.0,18.73,3.28,489.06
Sao Paulo,124.0,4,5,3,26,not acept,furnished,1053.71,5336.04,157.24,55.75,6602.74
Sao Paulo,77.1,1,2,2,21,acept,not furnished,186.61,2034.25,86.18,25.45,2332.49
Sao Paulo,139.9,3,4,1,1,acept,furnished,611.01,5148.77,227.74,52.73,6040.25
Porto Alegre,67.6,3,2,0,16,not acept,not furnished,444.01,2664.21,49.38,29.15,3186.75
Fortaleza,54.3,2,3,1,0,not acept,not furnished,210.22,1334.71,35.77,9.06,1589.76
Rio de Janeiro,18.0,4,3,1,25,acept,not furnished,167.87,1182.67,40.4,17.42,1408.36
Sao Paulo,104.9,4,5,2,4,not acept,not furnished,310.13,3020.09,95.19,41.08,3466.49
Belo Horizonte,83.7,3,3,1,22,acept,furnished,277.42,2634.5,131.18,21.03,3064.13
Rio de Janeiro,18.0,3,2,1,1,acept,not furnished,78.49,400.0,9.96,2.27,490.72
Rio de Janeiro,92.4,3,2,1,13,acept,not furnished,387.68,4180.8,186.83,42.64,4797.95
Curitiba,88.1,3,2,2,28,acept,not furnished,530.3,3162.06,56.22,43.83,3792.41
Curitiba,109.9,3,3,0,0,acept,not furnished,430.97,5371.34,248.85,27.64,6078.8
Sao Paulo,171.1,2,2,1,7,not acept,not furnished,594.19,6264.41,66.0,66.71,6991.31
Sao Paulo,18.0,1,1,1,23,acept,not furnished,162.27,889.13,34.85,4.64,1090.89
Recife,75.0,4,5,1,13,not acept,furnished,241.8,2063.71,59.18,10.74,2375.43
Sao Paulo,225.6,2,1,1,19,acept,furnished,1658.61,8319.32,85.93,77.54,10141.4
Sao Paulo,81.5,3,2,0,24,not acept,not furnished,345.97,,94.4,26.68,2529.36
Sao Paulo,115.6,4,4,1,23,not acept,not furnished,558.61,4504.31,164.91,23.68,5251.51
Sao Paulo,83.5,2,2,1,10,not acept,not furnished,448.63,3418.56,133.48,34.72,4035.39
Rio de Janeiro,78.4,3,4,2,12,acept,not furnished,354.61,3255.64,112.25,39.8,3762.3
Salvador,39.0,1,2,2,16,not acept,furnished,207.46,1164.65,54.38,8.92,1435.41
Rio de Janeiro,114.6,5,4,0,1,acept,not furnished,335.12,4143.1,176.82,44.03,4699.07
Rio de Janeiro,144.8,1,1,1,26,not acept,furnished,673.93,6202.0,135.47,85.86,7097.26
Curitiba,70.3,2,3,2,0,acept,not furnished,368.39,1997.23,47.16,26.38,2439.16
Belo Horizonte,58.3,3,2,1,3,not acept,furnished,438.49,2227.29,33.61,25.69,2725.08
Salvador,18.0,3,2,2,29,acept,not furnished,53.08,400.0,4.76,2.93,460.77
Salvador,18.0,1,2,0,7,acept,not furnished,77.02,429.6,17.7,2.6,526.92
Sao Paulo,19.0,2,3,0,5,not acept,not furnished,248.38,1396.42,32.4,8.96,1686.16
Porto Alegre,34.1,2,3,1,11,acept,not furnished,264.81,1533.47,48.5,22.91,1869.69
Rio de Janeiro,124.3,2,2,2,21,acept,not furnished,759.69,4196.41,160.37,51.27,5167.74
Recife,18.0,3,4,0,9,acept,furnished,89.97,464.89,17.97,3.32,576.15
Rio de Janeiro,98.5,1,1,1,26,acept,not furnished,317.58,3677.38,164.16,40.16,4199.28
Recife,51.1,3,4,3,2,not acept,not furnished,203.86,1656.16,70.37,8.6,1938.99
Porto Alegre,44.2,4,5,2,1,acept,not furnished,434.96,2649.91,99.86,35.2,3219.93
Sao Paulo,126.2,4,4,1,0,not acept,furnished,414.43,4009.27,72.91,52.06,4548.67
Belo Horizonte,113.4,3,3,0,7,not acept,not furnished,485.12,3375.0,146.33,39.07,4045.52
Recife,92.7,2,1,1,4,acept,not furnished,323.01,2086.51,30.02,14.81,2454.35
Salvador,89.9,2,1,0,13,acept,not furnished,324.17,3238.39,62.43,32.4,3657.39
Sao Paulo,53.3,5,4,2,30,not acept,furnished,411.47,2537.71,59.29,29.96,3038.43
Curitiba,122.8,4,4,2,26,acept,furnished,512.03,6055.67,197.45,52.81,6817.96
Rio de Janeiro,43.0,3,4,2,27,acept,not furnished,207.93,18609.606075596545,119.12,27.51,2848.75
Sao Paulo,90.9,4,4,2,25,not acept,not furnished,680.15,4024.57,132.68,32.95,4870.35
Rio de Janeiro,47.8,4,5,1,6,not acept,not furnished,480.55,3036.87,109.79,30.64,3657.85
Sao Paulo,164.8,4,5,0,5,not acept,furnished,910.31,5299.27,177.48,41.42,6428.48
Salvador,40.5,3,4,1,22,acept,not furnished,123.61,1512.04,20.26,18.3,1674.21
Rio de Janeiro,88.0,4,3,2,17,acept,not furnished,264.03,2954.89,65.15,19.11,3303.18
Salvador,66.0,4,4,1,4,acept,not furnished,206.96,1771.37,83.28,15.13,2076.74
Sao Paulo,155.7,1,1,2,29,acept,furnished,597.88,6469.45,126.02,78.02,7271.37
Rio de Janeiro,96.2,5,4,3,11,not acept,not furnished,327.75,2736.01,72.59,32.69,3169.04
Sao Paulo,18.0,2,3,1,24,not acept,furnished,199.66,1355.93,45.12,13.85,1614.56
Sao Paulo,130.1,2,1,1,0,acept,furnished,658.75,4502.9,180.88,26.51,5369.04
Sao Paulo,59.9,3,4,2,0,not acept,furnished,253.44,2785.81,90.82,27.44,3157.51
Sao Paulo,52.1,3,2,1,12,acept,furnished,255.33,2881.14,80.01,17.73,3234.21
Belo Horizonte,54.2,4,4,0,1,not acept,not furnished,232.44,2724.15,103.39,23.48,3083.46
Sao Paulo,76.8,2,1,1,30,not acept,not furnished,616.45,3322.06,114.29,25.3,4078.1
Rio de Janeiro,46.5,2,2,1,24,not acept,not furnished,174.42,1017.07,30.89,14.31,1236.69
Rio de Janeiro,72.9,1,2,0,12,not acept,not furnished,432.84,2420.26,81.25,23.38,2957.73
Fortaleza,18.0,3,2,0,30,acept,not furnished,44.77,544.35,14.3,6.94,610.36
Fortaleza,112.6,3,2,3,5,not acept,not furnished,353.81,2129.26,64.94,20.06,2568.07
Rio de Janeiro,18.0,2,1,1,20,acept,furnished,68.37,438.21,12.25,3.53,522.36
Rio de Janeiro,96.8,3,2,0,0,acept,furnished,413.89,4516.04,225.45,42.16,5197.54
Sao Paulo,134.9,2,2,2,10,not acept,not furnished,798.59,5329.14,65.16,74.24,6267.13
Recife,41.3,3,3,1,0,acept,not furnished,158.75,1810.77,65.8,10.86,2046.18
Sao Paulo,157.8,1,1,1,9,not acept,not furnished,805.71,5994.98,118.06,52.73,6971.48
Sao Paulo,109.4,3,3,3,10,acept,not furnished,513.11,3166.63,78.89,23.61,3782.24
Sao Paulo,57.1,2,1,1,10,acept,furnished,199.64,2285.1,40.19,22.56,2547.49
Rio de Janeiro,18.0,1,1,0,11,not acept,not furnished,65.89,466.2,18.69,5.09,555.87
Sao Paulo,108.4,4,4,1,18,not acept,not furnished,730.74,4487.84,96.44,54.38,5369.4
Porto Alegre,53.8,3,3,2,3,not acept,furnished,154.49,1794.95,64.92,11.37,2025.73
Sao Paulo,95.2,3,2,2,5,acept,not furnished,508.55,2757.46,90.28,30.08,3386.37
Curitiba,80.6,3,2,2,19,not acept,furnished,335.4,2737.22,74.3,34.89,3181.81
Sao Paulo,178.8,3,3,2,13,acept,not furnished,710.35,6033.74,142.61,71.36,6958.06
Sao Paulo,205.9,3,4,0,3,not acept,not furnished,621.36,6569.93,249.53,64.4,7505.22
Fortaleza,61.1,3,3,2,23,not acept,not furnished,244.55,1233.58,38.85,13.51,1530.49
Sao Paulo,114.2,3,2,2,28,not acept,not furnished,638.61,4274.96,50.8,59.84,5024.21
Salvador,79.6,2,3,3,13,not acept,furnished,338.36,2255.89,89.25,22.56,2706.06
Belo Horizonte,108.1,2,1,2,18,acept,furnished,455.2,2971.51,119.66,39.25,3585.62
Sao Paulo,174.9,4,5,2,24,acept,furnished,813.26,6251.91,167.19,91.14,7323.5
Recife,23.9,5,6,2,29,acept,not furnished,121.05,961.23,10.37,5.38,1098.03
Sao Paulo,126.2,2,1,1,29,acept,not furnished,573.08,3929.0,69.29,53.51,4624.88
Salvador,68.5,1,1,1,28,acept,furnished,281.69,2822.57,93.04,17.21,3214.51
Sao Paulo,129.2,2,1,3,24,acept,not furnished,605.16,4016.63,161.67,22.75,4806.21
Salvador,66.9,3,2,3,11,not acept,not furnished,161.55,1156.06,15.5,10.72,1343.83
Sao Paulo,40.5,2,2,1,19,acept,furnished,46.83,478.98,17.68,4.75,548.24
Belo Horizonte,78.9,3,3,1,23,acept,not furnished,357.37,2059.33,61.89,12.06,2490.65
Porto Alegre,72.9,4,5,1,0,acept,not furnished,205.66,2309.26,44.76,33.72,2593.4
Fortaleza,73.0,5,6,2,1,acept,furnished,246.94,2269.11,66.81,12.59,2595.45
Fortaleza,59.8,1,1,1,21,not acept,not furnished,137.36,1369.82,17.18,16.41,1540.77
Salvador,28.1,5,4,1,19,not acept,not furnished,133.13,986.65,35.88,8.37,1164.03
Fortaleza,82.3,3,3,1,24,not acept,furnished,426.78,2586.87,38.88,16.28,3068.81
Sao Paulo,124.4,1,1,1,3,not acept,furnished,543.13,4979.85,54.39,65.22,5642.59
Sao Paulo,141.3,2,2,3,28,not acept,not furnished,531.44,5414.07,59.91,70.51,6075.93
Sao Paulo,197.0,3,2,1,5,not acept,furnished,1256.34,8496.08,326.62,119.53,10198.57
Rio de Janeiro,18.0,5,4,3,2,acept,furnished,170.18,1064.49,21.03,14.24,1269.94
Rio de Janeiro,96.1,2,3,1,8,not acept,not furnished,633.88,3265.47,101.92,33.58,4034.85
Belo Horizonte,89.9,1,1,1,24,acept,furnished,701.5,4586.28,54.28,27.77,5369.83
Sao Paulo,89.4,3,3,0,0,acept,not furnished,573.51,3871.03,45.61,50.57,4540.72
Curitiba,85.3,5,4,2,5,acept,furnished,278.3,2035.68,89.43,10.91,2414.32
Sao Paulo,61.9,5,5,0,29,acept,not furnished,199.22,1754.59,67.2,21.06,2042.07
Rio de Janeiro,107.8,2,1,2,0,acept,not furnished,735.62,3789.36,54.64,20.84,4600.46
Belo Horizonte,50.2,2,3,1,6,not acept,not furnished,424.4,2567.49,81.95,18.99,3092.83
Porto Alegre,135.9,4,5,2,8,acept,not furnished,466.34,3407.87,54.92,33.12,3962.25
Porto Alegre,106.7,3,4,2,28,not acept,furnished,345.7,2403.02,98.91,26.15,2873.78
Curitiba,62.3,5,4,0,26,not acept,not furnished,370.63,1900.97,69.83,26.71,2368.14
Sao Paulo,173.0,4,3,0,13,acept,not furnished,881.7,6377.4,305.19,94.89,7659.18
Belo Horizonte,18.0,2,2,0,8,not acept,furnished,194.77,977.72,31.85,12.18,1216.52
Sao Paulo,204.0,3,4,1,29,not acept,not furnished,1115.56,7509.49,192.96,112.64,8930.65
Rio de Janeiro,61.2,1,1,0,3,acept,furnished,658.8,3466.51,131.13,24.71,4281.15
Rio de Janeiro,116.4,4,5,1,13,acept,furnished,830.92,4979.71,168.22,47.67,6026.52
Sao Paulo,89.3,3,4,1,11,not acept,furnished,298.04,3202.79,84.45,41.53,3626.81
Sao Paulo,50.3,5,6,1,28,acept,not furnished,289.94,1884.72,50.51,9.56,2234.73
Recife,86.0,5,5,3,22,acept,not furnished,526.62,2709.59,43.32,27.38,3306.91
Recife,55.6,1,1,2,13,not acept,not furnished,215.34,1793.99,52.19,24.55,2086.07
Rio de Janeiro,114.7,2,1,2,17,not acept,not furnished,321.43,2616.3,42.32,29.35,3009.4
Sao Paulo,71.0,3,2,2,27,acept,not furnished,219.51,2338.12,39.52,28.81,2625.96
Sao Paulo,134.7,4,4,1,25,acept,not furnished,566.51,4007.05,65.03,54.3,4692.89
Rio de Janeiro,138.1,4,4,1,18,acept,furnished,682.78,5894.49,172.28,81.64,6831.19
Recife,61.1,5,5,2,28,not acept,furnished,349.9,2027.42,59.83,17.91,2455.06
Sao Paulo,18.0,3,3,0,10,not acept,not furnished,41.89,400.0,5.02,3.01,449.92
Porto Alegre,31.2,2,1,1,22,acept,not furnished,250.42,1485.7,53.49,13.19,1802.8
Sao Paulo,61.9,1,1,0,0,not acept,furnished,229.07,1773.77,29.3,14.3,2046.44
Recife,44.3,2,1,0,17,not acept,not furnished,327.8,1701.53,48.5,16.99,2094.82
Rio de Janeiro,36.7,3,4,0,2,not acept,not furnished,195.82,1315.77,45.18,11.79,1568.56
Porto Alegre,18.0,4,3,0,15,acept,furnished,81.83,439.08,5.35,2.67,528.93
Rio de Janeiro,99.0,2,3,2,5,not acept,not furnished,365.27,3294.78,106.25,44.9,3811.2
Curitiba,25.5,4,4,0,10,not acept,not furnished,142.5,735.9,34.35,5.32,918.07
Sao Paulo,38.8,2,3,1,24,acept,furnished,217.45,2051.02,31.62,28.24,2328.33
Sao Paulo,185.8,2,2,1,0,not acept,not furnished,985.26,5092.28,237.84,34.82,6350.2
Fortaleza,30.4,3,2,1,15,acept,not furnished,302.78,1635.95,69.83,20.46,2029.02
Fortaleza,68.3,2,1,2,2,not acept,not furnished,180.57,1732.07,54.49,11.65,1978.78
Fortaleza,113.0,4,4,1,16,not acept,furnished,390.3,2457.65,36.88,25.73,2910.56
Curitiba,50.3,3,2,1,18,not acept,furnished,228.79,1840.62,71.67,26.62,2167.7
Salvador,114.3,2,3,1,3,acept,furnished,455.54,3553.76,127.58,41.17,4178.05
Sao Paulo,18.0,4,5,2,0,not acept,not furnished,33.9,3265.7100103383186,14.66,2.18,450.74
Rio de Janeiro,212.9,5,6,0,0,not acept,furnished,1059.36,5904.75,89.62,68.92,7122.65
Rio de Janeiro,114.2,3,3,1,20,acept,not furnished,473.01,4255.69,125.9,25.88,4880.48
Curitiba,81.3,2,3,1,10,not acept,not furnished,222.34,1290.8,46.65,7.29,1567.08
Rio de Janeiro,105.7,2,3,1,10,not acept,not furnished,646.97,4293.11,122.93,42.73,5105.74
Sao Paulo,104.3,1,2,0,20,not acept,not furnished,674.82,3434.32,115.42,47.14,4271.7
Belo Horizonte,56.0,1,2,0,14,acept,not furnished,269.55,,84.35,35.64,2978.97
Salvador,18.0,4,5,3,18,not acept,not furnished,158.66,1339.36,36.26,15.67,1549.95
Rio de Janeiro,129.2,1,2,2,28,not acept,not furnished,475.85,4759.64,76.36,38.87,5350.72
Sao Paulo,161.0,3,3,1,14,acept,not furnished,834.5,4639.38,197.2,61.86,5732.94
Sao Paulo,117.6,3,4,2,18,not acept,not furnished,501.98,56050.442614407366,149.65,54.11,4901.51
Sao Paulo,119.8,4,4,2,18,acept,not furnished,429.08,4149.06,147.91,62.06,4788.11
Sao Paulo,178.9,2,2,0,15,not acept,not furnished,912.75,6043.1,73.35,59.94,7089.14
Curitiba,71.1,2,2,1,19,not acept,furnished,250.82,2001.6,80.4,27.22,2360.04
Belo Horizonte,64.9,2,3,0,25,not acept,not furnished,569.21,3207.44,59.84,36.08,3872.57
Curitiba,116.8,2,3,1,24,not acept,furnished,794.3,4627.5,172.98,60.96,5655.74
Rio de Janeiro,123.7,2,2,0,0,acept,not furnished,342.15,3624.9,135.19,19.92,4122.16
Salvador,58.4,3,3,0,29,not acept,not furnished,251.18,1374.77,18.74,11.32,1656.01
Sao Paulo,59.7,1,2,2,25,not acept,not furnished,617.83,36529.36045980517,97.71,31.33,3868.67
Rio de Janeiro,60.0,2,1,2,30,not acept,not furnished,289.76,1703.37,65.46,11.13,2069.72
Salvador,63.4,2,1,2,4,not acept,not furnished,195.13,1090.9,44.91,10.06,1341.0
Sao Paulo,196.4,5,4,2,15,acept,not furnished,1129.29,5940.71,157.45,44.76,7272.21
Sao Paulo,120.1,3,4,2,12,not acept,not furnished,701.5,4024.6,44.26,27.03,4797.39
Fortaleza,41.8,4,4,0,10,not acept,furnished,127.31,847.77,32.28,8.06,1015.42
Rio de Janeiro,119.1,2,1,2,11,acept,furnished,401.93,4558.12,102.66,44.94,5107.65
Curitiba,101.8,4,4,2,27,not acept,not furnished,550.92,3988.31,77.84,28.89,4645.96
Sao Paulo,108.6,2,3,1,20,not acept,furnished,709.17,4076.82,170.67,37.46,4994.12
Curitiba,35.2,2,2,3,8,not acept,not furnished,151.12,1364.56,34.25,12.87,1562.8
Rio de Janeiro,106.0,3,2,1,10,acept,not furnished,624.09,3939.42,116.86,47.36,4727.73
Sao Paulo,145.7,3,4,1,13,not acept,not furnished,725.32,6156.18,156.32,87.32,7125.14
Belo Horizonte,102.1,5,5,2,9,not acept,not furnished,570.65,3110.49,144.06,29.65,3854.85
Sao Paulo,60.8,3,4,1,4,acept,not furnished,343.1,2776.11,74.9,41.45,3235.56
Rio de Janeiro,18.0,1,1,1,12,acept,furnished,38.61,451.78,11.24,2.9,504.53
Sao Paulo,161.3,2,1,2,0,acept,not furnished,852.06,5684.92,105.55,70.42,6712.95
Sao Paulo,156.0,3,2,1,26,not acept,not furnished,503.83,,163.42,44.61,6605.23
Sao Paulo,130.6,1,2,1,25,not acept,furnished,609.36,5755.15,171.84,32.11,6568.46
Sao Paulo,56.8,3,4,3,27,acept,not furnished,289.03,2061.96,75.34,11.19,2437.52
Fortaleza,18.0,3,2,1,12,acept,not furnished,198.76,1134.52,44.47,6.11,1383.86
Sao Paulo,101.3,4,5,1,19,acept,not furnished,411.09,3471.83,67.42,38.89,3989.23
Rio de Janeiro,164.5,3,4,2,24,not acept,not furnished,585.37,5102.54,243.67,48.67,5980.25
Sao Paulo,185.7,3,2,2,8,not acept,furnished,698.63,7467.16,263.4,99.4,8528.59
Rio de Janeiro,81.1,1,1,0,18,not acept,furnished,672.2,4472.98,63.04,64.91,5273.13
Fortaleza,60.6,1,1,1,12,not acept,not furnished,245.35,1704.91,69.2,11.11,2030.57
Sao Paulo,197.3,4,3,0,10,not acept,furnished,615.13,7588.18,288.65,92.66,8584.62
Recife,53.4,5,6,0,26,acept,not furnished,426.17,2593.08,97.77,28.14,3145.16
Sao Paulo,100.4,2,2,1,18,not acept,not furnished,434.47,3212.45,132.68,45.39,3824.99
Porto Alegre,82.4,4,5,1,18,acept,furnished,383.53,3343.8,118.97,24.83,3871.13
Belo Horizonte,71.6,3,3,1,2,not acept,furnished,392.1,2372.12,25.32,14.17,2803.71
Fortaleza,55.3,5,6,3,9,not acept,not furnished,144.04,811.89,29.53,7.24,992.7
Belo Horizonte,18.0,2,2,3,25,acept,furnished,210.56,1388.38,58.36,9.33,1666.63
Belo Horizonte,94.2,3,3,2,4,not acept,not furnished,192.63,21758.725150425264,67.28,29.51,2398.48
Sao Paulo,153.8,2,3,1,30,not acept,not furnished,916.24,4855.62,84.17,52.35,5908.38
Sao Paulo,107.7,3,3,3,25,acept,not furnished,318.25,3874.49,142.99,47.27,4383.0
Fortaleza,18.0,2,3,0,6,acept,not furnished,54.51,7455.24322203928,6.16,3.55,582.78
Rio de Janeiro,126.1,3,4,1,1,acept,not furnished,390.42,3494.41,99.23,44.73,4028.79
Rio de Janeiro,118.6,3,3,1,3,not acept,not furnished,462.29,3716.2,108.32,39.13,4325.94
Porto Alegre,102.2,1,1,2,5,not acept,not furnished,410.43,3346.16,164.92,48.59,3970.1
Rio de Janeiro,69.8,3,2,1,5,acept,furnished,684.18,3641.68,62.75,36.88,4425.49
Recife,100.7,3,2,2,0,not acept,not furnished,554.0,3155.99,99.67,16.09,3825.75
Porto Alegre,18.0,4,5,0,21,acept,not furnished,124.79,1197.94,45.22,6.27,1374.22
Belo Horizonte,71.5,2,3,0,30,not acept,not furnished,627.78,27557.309996269716,34.17,23.43,3913.14
Fortaleza,27.7,1,1,2,7,not acept,not furnished,357.79,2897.68,133.69,36.95,3426.11
Sao Paulo,191.5,3,4,1,0,not acept,not furnished,675.67,6360.67,241.08,44.31,7321.73
Sao Paulo,111.2,1,1,1,28,acept,not furnished,776.55,4013.47,140.45,33.24,4963.71
Rio de Janeiro,186.6,3,4,2,4,not acept,furnished,1049.77,7063.17,252.07,64.01,8429.02
Sao Paulo,27.7,1,2,0,0,acept,not furnished,327.79,2174.23,31.76,13.3,2547.08
Porto Alegre,61.4,2,3,0,5,acept,not furnished,341.36,2150.7,103.92,27.64,2623.62
Fortaleza,18.0,1,1,1,1,not acept,not furnished,83.11,536.09,14.83,5.58,639.61
Rio de Janeiro,67.0,1,1,2,21,acept,not furnished,363.93,2339.1,76.93,17.58,2797.54
Rio de Janeiro,152.4,5,6,1,0,not acept,not furnished,344.12,39597.822980865654,86.42,41.52,4760.95
Recife,52.8,5,6,1,12,not acept,furnished,407.05,2508.32,36.26,30.24,2981.87
Rio de Janeiro,108.5,3,2,2,14,not acept,not furnished,634.53,3753.37,155.82,45.2,4588.92
Rio de Janeiro,42.3,2,1,0,23,acept,furnished,111.97,1345.22,45.05,9.9,1512.14
Rio de Janeiro,171.6,4,5,2,15,not acept,not furnished,927.3,5985.01,153.24,55.68,7121.23
Fortaleza,18.0,4,5,2,1,acept,not furnished,54.1,484.07,7.91,2.56,548.64
Belo Horizonte,46.1,4,4,0,11,not acept,not furnished,156.58,1007.66,26.48,9.31,1200.03
Porto Alegre,66.5,3,4,1,28,not acept,not furnished,273.45,2446.14,24.75,13.61,2757.95
Salvador,40.1,1,2,1,5,not acept,furnished,157.91,1725.58,84.5,9.01,1977.0
Rio de Janeiro,76.3,1,2,0,7,acept,furnished,398.24,3927.79,138.73,42.84,4507.6
Rio de Janeiro,54.7,4,4,0,26,not acept,furnished,240.16,1263.14,27.19,13.21,1543.7
Salvador,46.5,4,5,0,23,acept,furnished,246.26,1855.83,82.7,25.68,2210.47
Rio de Janeiro,110.1,2,2,1,7,acept,furnished,826.63,4351.6,59.89,55.03,5293.15
Porto Alegre,18.0,2,1,0,21,not acept,not furnished,138.39,1002.25,18.91,12.68,1172.23
Recife,44.4,3,4,0,0,acept,not furnished,239.66,9552.660238881253,29.21,17.74,1562.75
Curitiba,37.8,4,5,3,15,acept,not furnished,232.83,1572.05,72.51,10.3,1887.69
Porto Alegre,71.9,3,4,0,26,acept,not furnished,465.07,3808.2,76.84,19.48,4369.59
Salvador,73.2,3,4,2,25,not acept,furnished,142.86,11041.882415790238,35.82,11.68,1529.84
Salvador,36.4,2,2,3,4,not acept,not furnished,220.02,1766.55,61.25,13.67,2061.49
Rio de Janeiro,142.6,2,1,0,15,acept,furnished,564.15,5572.85,228.15,33.54,6398.69
Sao Paulo,94.5,3,2,3,10,acept,furnished,741.49,3749.16,136.99,26.56,4654.2
Rio de Janeiro,42.9,4,4,1,16,not acept,not furnished,269.61,2212.84,82.53,13.1,2578.08
Curitiba,42.2,1,1,2,0,not acept,furnished,340.75,2320.71,92.15,28.83,2782.44
Rio de Janeiro,99.0,2,2,1,30,acept,furnished,722.72,3620.76,121.25,37.1,4501.83
Porto Alegre,100.4,3,3,1,16,acept,not furnished,387.7,2725.1,82.61,20.0,3215.41
Rio de Janeiro,84.0,2,3,2,1,acept,furnished,362.05,3087.04,133.37,42.54,3625.0
Curitiba,86.3,3,4,0,19,acept,furnished,483.75,3147.72,121.29,46.4,3799.16
Sao Paulo,63.4,3,3,1,0,not acept,not furnished,522.96,2936.97,85.5,26.99,3572.42
Porto Alegre,35.2,3,4,3,0,not acept,not furnished,373.65,2426.7,106.63,30.08,2937.06
Belo Horizonte,18.0,4,5,0,3,acept,not furnished,197.87,1858.94,31.67,23.05,2111.53
Sao Paulo,22.3,2,1,1,6,acept,furnished,167.63,1626.01,73.71,17.27,1884.62
Sao Paulo,178.7,3,4,2,6,not acept,not furnished,958.86,5774.1,96.89,55.57,6885.42
Porto Alegre,58.3,1,1,0,12,not acept,furnished,331.25,1821.42,36.24,20.84,2209.75
Rio de Janeiro,126.3,4,5,1,14,acept,not furnished,742.69,4531.43,93.29,30.31,5397.72
Sao Paulo,33.2,4,3,2,11,not acept,not furnished,119.29,1308.12,16.43,16.04,1459.88
Recife,21.9,2,1,2,10,not acept,not furnished,193.38,1629.52,35.75,9.95,1868.6
Curitiba,81.8,2,1,1,20,acept,not furnished,432.76,2667.05,56.21,29.49,3185.51
Recife,63.3,1,1,1,5,not acept,furnished,414.43,2506.77,84.2,13.21,3018.61
Rio de Janeiro,119.1,3,3,2,18,acept,furnished,650.37,4792.74,162.6,66.66,5672.37
Rio de Janeiro,92.1,1,2,0,29,not acept,furnished,432.6,3736.81,119.41,45.76,4334.58
Fortaleza,60.8,3,3,2,13,acept,not furnished,108.44,1190.85,41.91,11.55,1352.75
Belo Horizonte,29.0,3,4,2,14,not acept,not furnished,34.54,400.0,4.64,4.43,443.61
Curitiba,33.0,3,3,2,21,not acept,not furnished,157.36,1679.46,63.74,19.12,1919.68
Sao Paulo,92.2,4,5,0,14,acept,not furnished,514.58,4270.84,204.79,60.21,5050.42
Rio de Janeiro,39.5,2,2,1,2,not acept,not furnished,302.71,1975.97,69.72,19.64,2368.04
Sao Paulo,81.1,4,4,2,18,not acept,not furnished,618.32,3401.48,71.83,37.08,4128.71
Sao Paulo,226.9,1,1,0,14,not acept,furnished,861.06,7821.24,175.02,104.03,8961.35
Sao Paulo,22.3,1,1,2,29,not acept,not furnished,35.63,400.0,16.26,3.79,455.68
Sao Paulo,163.6,2,1,1,0,acept,not furnished,1047.22,5345.59,77.3,40.49,6510.6
Recife,30.2,3,2,1,15,not acept,furnished,217.46,1411.9,35.17,11.47,1676.0
Sao Paulo,61.7,1,1,3,18,not acept,furnished,267.83,2759.49,48.61,18.4,3094.33
Curitiba,28.8,3,4,3,18,not acept,not furnished,119.99,1090.03,19.63,13.59,1243.24
Salvador,18.0,2,2,1,0,acept,not furnished,87.64,672.9,6.82,9.69,777.05
Belo Horizonte,32.0,4,3,1,8,not acept,not furnished,191.43,976.28,44.43,5.2,1217.34
Sao Paulo,79.4,3,2,0,6,not acept,not furnished,242.43,2577.04,58.46,30.76,2908.69
Porto Alegre,115.2,3,3,1,20,not acept,not furnished,383.22,2919.34,74.39,26.34,3403.29
Belo Horizonte,18.0,4,4,1,22,acept,furnished,58.1,438.64,4.84,3.79,505.37
Porto Alegre,59.0,3,3,2,4,acept,furnished,417.83,2098.99,28.97,22.39,2568.18
Porto Alegre,18.0,2,2,2,25,acept,not furnished,61.59,597.2,11.29,4.72,674.8
Recife,53.0,3,4,1,13,acept,not furnished,244.33,1793.86,30.23,26.45,2094.87
Belo Horizonte,78.6,3,2,1,6,acept,not furnished,484.12,2439.86,106.32,30.57,3060.87
Rio de Janeiro,109.8,2,2,1,7,acept,not furnished,588.93,3707.89,178.22,35.7,4510.74
Curitiba,80.6,1,1,2,6,not acept,not furnished,235.12,2355.74,111.69,24.96,2727.51
Sao Paulo,42.3,2,2,2,17,not acept,not furnished,76.93,400.0,7.42,2.44,486.79
Fortaleza,18.0,3,2,2,15,acept,furnished,63.06,434.53,6.55,5.17,509.31
Sao Paulo,110.4,2,1,1,28,acept,furnished,727.35,4093.54,149.01,45.15,5015.05
Rio de Janeiro,18.0,1,1,0,6,acept,not furnished,70.69,400.0,8.47,5.81,484.97
Salvador,88.3,2,2,1,8,acept,furnished,401.69,2745.6,33.65,29.16,3210.1
Belo Horizonte,36.1,3,2,1,0,not acept,not furnished,262.0,1472.4,47.85,7.62,1789.87
Rio de Janeiro,57.2,3,3,1,7,acept,not furnished,423.72,11990.095433339107,47.01,27.7,2774.21
Rio de Janeiro,29.4,3,3,2,6,acept,not furnished,293.3,1652.26,37.59,11.16,1994.31
Salvador,63.4,2,3,1,11,not acept,not furnished,331.05,2125.78,71.83,23.21,2551.87
Rio de Janeiro,116.8,4,5,3,14,not acept,not furnished,592.63,3937.38,149.19,43.19,4722.39
Salvador,84.1,3,4,0,20,not acept,not furnished,315.74,2328.25,33.53,33.0,2710.52
Sao Paulo,18.0,3,2,0,4,acept,furnished,67.2,748.89,9.01,7.57,832.67
Porto Alegre,51.1,4,5,0,16,not acept,furnished,274.01,1995.66,85.79,24.94,2380.4
Salvador,55.3,5,4,1,21,acept,furnished,233.92,1504.01,31.17,9.08,1778.18
Sao Paulo,214.1,3,3,2,5,not acept,not furnished,988.95,7363.91,228.49,109.74,8691.09
Rio de Janeiro,112.0,4,5,0,9,acept,furnished,466.17,3579.72,148.21,32.47,4226.57
Sao Paulo,18.0,3,4,1,4,not acept,not furnished,47.83,441.49,5.39,6.01,500.72
Curitiba,80.8,2,1,2,1,not acept,furnished,437.26,3528.46,144.43,44.84,4154.99
Belo Horizonte,24.7,2,1,0,22,acept,not furnished,104.08,996.1,32.21,7.53,1139.92
Curitiba,45.8,3,4,0,5,acept,not furnished,200.08,2239.31,31.84,30.08,2501.31
Sao Paulo,206.8,3,2,1,9,not acept,furnished,1410.81,8452.65,313.18,65.66,10242.3
Sao Paulo,47.4,2,1,0,5,not acept,not furnished,282.59,1723.41,22.27,24.53,2052.8
Sao Paulo,155.6,4,3,1,0,acept,not furnished,772.11,5434.15,121.99,30.29,6358.54
Rio de Janeiro,94.8,2,2,0,21,not acept,furnished,439.26,4908.35,154.3,56.19,5558.1
Belo Horizonte,109.5,2,3,3,19,not acept,not furnished,529.52,3438.92,127.12,29.97,4125.53
Salvador,81.2,1,1,2,13,not acept,not furnished,293.45,2585.78,53.0,25.58,2957.81
Curitiba,71.8,5,4,2,20,not acept,not furnished,605.93,3124.88,53.79,29.03,3813.63
Rio de Janeiro,97.3,4,4,1,25,acept,not furnished,211.31,2462.88,97.56,31.86,2803.61
Recife,57.7,3,3,2,18,not acept,furnished,261.37,3252.93,85.69,48.27,3648.26
Curitiba,64.2,4,4,2,27,acept,not furnished,458.7,2549.74,46.24,16.34,3071.02
Fortaleza,37.5,4,4,0,4,not acept,not furnished,119.93,1112.08,37.56,11.28,1280.85
Belo Horizonte,98.4,4,5,2,27,acept,not furnished,501.56,3126.87,80.58,40.77,3749.78
Sao Paulo,102.4,2,3,1,15,not acept,not furnished,393.04,3224.88,112.19,39.52,3769.63
Sao Paulo,98.3,3,2,2,25,not acept,furnished,654.72,3661.36,151.16,37.25,4504.49
Porto Alegre,49.5,1,2,2,22,not acept,not furnished,581.41,3187.0,34.43,27.9,3830.74
Sao Paulo,118.8,5,4,1,0,not acept,not furnished,1010.49,5235.05,126.82,56.39,6428.75
Rio de Janeiro,131.3,5,6,1,25,acept,not furnished,636.52,,121.23,44.57,5844.81
Belo Horizonte,42.6,3,4,2,8,not acept,not furnished,81.05,1004.1,46.17,11.62,1142.94
Belo Horizonte,49.4,3,4,3,11,acept,not furnished,236.2,2427.75,121.1,32.73,2817.78
Belo Horizonte,24.0,3,2,1,0,acept,not furnished,113.72,972.3,35.12,10.93,1132.07
Sao Paulo,25.4,2,1,2,22,not acept,not furnished,288.93,1632.64,42.96,10.21,1974.74
Rio de Janeiro,77.1,2,2,2,13,acept,furnished,689.39,3642.7,100.57,39.49,4472.15
Belo Horizonte,100.8,3,2,2,28,not acept,not furnished,261.35,2483.89,90.76,23.83,2859.83
Recife,48.1,1,1,3,7,not acept,not furnished,202.07,1593.04,53.8,22.82,1871.73
Porto Alegre,82.4,5,4,1,14,acept,furnished,624.31,4219.95,187.27,45.91,5077.44
Fortaleza,91.0,2,1,2,11,acept,not furnished,275.62,2433.86,93.83,30.19,2833.5
Porto Alegre,103.7,4,5,1,24,acept,not furnished,330.27,2726.17,41.88,30.46,3128.78
Belo Horizonte,55.6,3,2,1,15,not acept,not furnished,410.32,2352.52,102.45,35.22,2900.51
Sao Paulo,187.5,2,3,1,12,acept,not furnished,578.55,52579.7832493048,124.87,75.47,6549.12
Curitiba,98.2,2,1,2,29,not acept,not furnished,492.69,3405.31,137.82,43.9,4079.72
Curitiba,49.1,5,5,1,10,acept,furnished,267.08,1783.68,21.79,17.35,2089.9
Belo Horizonte,104.7,3,2,0,14,not acept,not furnished,286.01,2948.01,66.42,41.23,3341.67
Rio de Janeiro,79.3,2,3,2,16,not acept,furnished,482.49,2937.08,114.41,32.03,3566.01
Belo Horizonte,46.0,1,2,1,0,not acept,not furnished,95.87,922.1,45.25,9.58,1072.8
Rio de Janeiro,73.6,3,4,2,15,acept,furnished,408.6,2496.0,65.08,27.34,2997.02
Belo Horizonte,51.1,2,3,2,8,acept,not furnished,136.31,1065.63,21.02,13.35,1236.31
Sao Paulo,109.5,2,1,2,19,not acept,not furnished,671.97,4379.3,196.39,22.51,5270.17
Salvador,54.4,3,4,2,19,not acept,not furnished,347.61,2318.52,101.21,25.12,2792.46
Sao Paulo,141.6,3,4,2,21,acept,furnished,1131.37,5710.58,181.46,77.48,7100.89
Sao Paulo,18.0,3,2,1,10,not acept,furnished,66.8,762.22,15.75,6.61,851.38
Rio de Janeiro,100.3,4,5,0,1,acept,not furnished,289.58,16334.95560996024,57.07,17.78,2918.81
Curitiba,123.9,3,3,1,12,not acept,not furnished,482.66,3201.14,94.6,19.76,3798.16
Rio de Janeiro,151.6,4,4,2,16,not acept,not furnished,970.3,5680.45,279.98,61.17,6991.9
Sao Paulo,90.7,2,3,0,0,not acept,furnished,694.8,3710.34,53.58,31.89,4490.61
Belo Horizonte,18.0,2,2,2,15,acept,furnished,163.31,1778.69,43.68,22.38,2008.06
Rio de Janeiro,65.1,1,2,1,10,acept,not furnished,360.78,3177.88,141.22,42.06,3721.94
Fortaleza,87.3,2,1,2,13,not acept,furnished,164.6,1758.21,85.22,24.58,2032.61
Fortaleza,39.4,5,5,2,7,acept,furnished,134.68,1516.93,18.24,7.72,1677.57
Belo Horizonte,88.9,5,5,2,14,not acept,not furnished,239.92,2915.98,97.9,38.31,3292.11
Rio de Janeiro,96.7,3,2,0,27,not acept,furnished,726.81,4118.15,140.73,46.21,5031.9
Porto Alegre,32.3,3,3,0,23,not acept,furnished,193.49,1959.18,59.13,16.09,2227.89
Sao Paulo,117.3,3,4,1,18,acept,not furnished,673.53,5322.88,62.41,44.44,6103.26
Rio de Janeiro,105.0,3,4,1,18,acept,furnished,418.98,5143.95,116.79,54.64,5734.36
Rio de Janeiro,125.6,1,1,2,27,not acept,not furnished,833.92,4643.91,128.22,23.45,5629.5
Fortaleza,32.7,3,2,2,13,not acept,not furnished,68.57,737.69,21.77,6.14,834.17
Sao Paulo,147.6,3,4,1,15,acept,not furnished,729.54,5471.78,266.06,76.51,6543.89
Belo Horizonte,32.8,2,3,2,26,not acept,furnished,392.56,3185.57,70.69,36.64,3685.46
Porto Alegre,50.9,2,2,2,22,not acept,not furnished,96.93,877.49,10.85,5.76,991.03
Rio de Janeiro,44.6,2,1,2,12,not acept,not furnished,387.79,2864.5,42.4,38.17,3332.86
Sao Paulo,54.2,3,4,1,7,not acept,not furnished,215.36,2542.04,61.27,31.23,2849.9
Recife,37.7,1,1,2,14,not acept,furnished,243.63,1969.12,81.01,11.12,2304.88
Belo Horizonte,63.2,3,3,1,1,not acept,not furnished,326.93,2261.04,77.53,33.11,2698.61
Belo Horizonte,103.5,2,2,2,20,not acept,furnished,621.2,4062.24,167.68,53.73,4904.85
Sao Paulo,155.4,2,3,1,13,acept,not furnished,673.99,24283.358352370244,216.11,29.72,5543.63
Rio de Janeiro,49.5,4,3,2,17,not acept,not furnished,352.0,2616.85,38.82,35.91,3043.58
Rio de Janeiro,145.9,3,2,1,25,not acept,not furnished,752.25,5010.46,155.79,71.44,5989.94
Sao Paulo,103.1,2,2,2,9,acept,furnished,449.59,4956.49,173.42,50.03,5629.53
Sao Paulo,93.8,4,4,1,14,acept,not furnished,315.11,2689.66,71.74,21.24,3097.75
Salvador,88.2,2,2,1,16,acept,not furnished,497.56,2538.49,71.37,27.0,3134.42
Sao Paulo,160.7,4,4,3,7,acept,furnished,1108.6,5690.26,76.09,67.85,6942.8
Sao Paulo,111.8,3,3,1,6,not acept,not furnished,628.07,4036.74,49.84,30.46,4745.11
Belo Horizonte,83.6,2,3,1,15,acept,not furnished,446.24,3189.29,37.37,24.91,3697.81
Porto Alegre,50.0,3,4,0,6,not acept,not furnished,249.1,2314.48,83.85,29.4,2676.83
Sao Paulo,69.9,2,1,1,26,acept,not furnished,322.01,2613.26,36.67,30.57,3002.51
Belo Horizonte,55.3,1,2,2,30,not acept,not furnished,216.97,1376.46,34.05,11.76,1639.24
Sao Paulo,41.2,1,2,1,4,acept,not furnished,243.77,1373.54,64.12,11.96,1693.39
Sao Paulo,79.2,2,3,2,16,not acept,not furnished,723.99,4038.51,67.48,49.76,4879.74
Sao Paulo,91.0,3,2,0,2,acept,furnished,358.85,3714.03,107.39,31.38,4211.65
Salvador,56.5,4,5,0,3,not acept,not furnished,298.35,2121.55,83.12,17.16,2520.18
Sao Paulo,141.2,4,3,1,23,not acept,not furnished,831.57,5018.4,99.89,63.58,6013.44
Sao Paulo,114.3,2,1,2,4,acept,furnished,696.26,4257.11,46.29,39.04,5038.7
Rio de Janeiro,117.6,3,4,2,22,acept,furnished,956.38,4859.04,199.78,62.74,6077.94
Salvador,27.6,2,3,1,11,acept,not furnished,136.7,1434.88,56.17,18.68,1646.43
Sao Paulo,120.0,3,4,1,13,acept,furnished,472.58,3490.15,171.71,50.77,4185.21
Rio de Janeiro,93.4,4,4,1,6,acept,furnished,437.32,4893.68,167.66,55.7,5554.36
Sao Paulo,85.1,1,1,1,15,acept,furnished,488.92,3292.83,73.65,39.7,3895.1
Rio de Janeiro,38.1,5,4,1,8,not acept,furnished,359.83,2220.45,33.73,20.59,2634.6
Belo Horizonte,82.3,4,4,2,3,not acept,not furnished,294.58,3310.46,46.2,36.75,3687.99
Belo Horizonte,109.7,3,3,2,2,not acept,not furnished,426.1,2959.2,105.1,20.91,3511.31
Rio de Janeiro,42.2,3,4,1,30,not acept,furnished,470.46,2391.92,57.34,27.68,2947.4
Rio de Janeiro,57.8,3,3,1,9,acept,not furnished,234.65,2785.8,120.56,39.28,3180.29
Sao Paulo,110.7,5,5,1,24,acept,not furnished,407.3,4017.86,60.19,27.37,4512.72
Rio de Janeiro,134.8,3,3,2,9,acept,not furnished,544.47,3740.87,181.66,38.5,4505.5
Sao Paulo,160.4,2,1,1,18,acept,not furnished,872.52,5271.47,65.33,38.48,6247.8
Porto Alegre,20.3,3,3,0,25,not acept,not furnished,71.56,400.0,16.51,2.33,490.4
Recife,23.8,2,3,1,20,not acept,not furnished,340.33,2940.29,120.89,17.18,3418.69
Recife,59.6,5,4,2,0,acept,furnished,321.88,2677.28,92.44,19.28,3110.88
Salvador,49.2,4,3,2,4,not acept,not furnished,203.08,1162.65,57.79,9.79,1433.31
Belo Horizonte,119.5,3,3,1,26,acept,not furnished,474.84,3638.74,37.04,26.2,4176.82
Curitiba,36.2,3,3,2,13,acept,furnished,405.71,2191.84,62.7,28.26,2688.51
Sao Paulo,133.5,4,4,1,17,acept,furnished,887.32,4660.22,66.32,26.71,5640.57
Curitiba,48.8,2,2,1,0,not acept,not furnished,348.42,1912.95,58.52,10.38,2330.27
Rio de Janeiro,233.9,3,4,0,13,not acept,not furnished,669.52,7433.0,132.49,50.69,8285.7
Rio de Janeiro,111.5,3,3,2,12,acept,not furnished,713.04,4925.19,137.2,36.0,5811.43
Porto Alegre,41.5,3,4,2,20,not acept,furnished,318.13,1643.68,18.94,19.15,1999.9
Sao Paulo,89.1,2,2,0,6,not acept,not furnished,390.89,1997.95,56.2,10.09,2455.13
Rio de Janeiro,141.2,3,3,1,22,acept,not furnished,760.8,5315.47,194.92,75.16,6346.35
Fortaleza,81.3,2,3,1,20,not acept,not furnished,375.82,2848.74,128.65,22.32,3375.53
Sao Paulo,244.6,1,1,2,14,acept,furnished,931.77,9079.64,427.61,54.77,10493.79
Rio de Janeiro,144.1,1,1,2,10,acept,not furnished,811.48,4064.29,98.09,59.07,5032.93
Fortaleza,81.5,1,2,2,7,not acept,not furnished,385.09,2494.34,105.53,35.02,3019.98
Belo Horizonte,66.7,1,2,1,15,not acept,furnished,194.44,2170.49,98.04,12.71,2475.68
Belo Horizonte,42.1,3,2,1,16,not acept,not furnished,252.94,1365.43,66.61,12.88,1697.86
Sao Paulo,18.0,3,4,1,12,not acept,not furnished,286.36,1803.25,49.74,20.4,2159.75
Rio de Janeiro,118.8,1,1,1,8,not acept,not furnished,392.43,3275.64,140.14,42.1,3850.31
Salvador,69.6,3,4,1,26,not acept,not furnished,254.99,2494.35,50.92,36.97,2837.23
Belo Horizonte,93.5,3,4,0,8,not acept,not furnished,586.87,3672.29,149.44,46.22,4454.82
Belo Horizonte,18.0,1,1,2,20,acept,not furnished,32.46,400.0,16.79,4.17,453.42
Sao Paulo,64.2,2,3,1,27,not acept,furnished,365.49,1989.79,87.84,10.64,2453.76
Sao Paulo,85.1,3,3,2,19,not acept,not furnished,413.39,2657.36,113.01,18.74,3202.5
Recife,60.4,1,2,2,9,not acept,not furnished,304.36,2885.32,119.59,39.49,3348.76
Rio de Janeiro,122.7,1,2,2,7,not acept,furnished,744.73,4557.2,170.05,40.75,5512.73
Belo Horizonte,65.0,5,4,1,26,not acept,furnished,155.72,1395.72,20.15,8.4,1579.99
Sao Paulo,86.1,3,2,1,13,not acept,not furnished,610.99,3282.13,81.67,42.55,4017.34
Curitiba,136.5,3,4,1,17,not acept,furnished,818.22,5132.57,102.02,31.9,6084.71
Fortaleza,91.3,3,3,1,17,not acept,furnished,507.7,2724.36,74.43,21.35,3327.84
Belo Horizonte,68.3,4,3,1,15,not acept,not furnished,253.81,18826.064786343843,70.68,8.02,1847.08
Sao Paulo,71.9,4,3,3,28,acept,not furnished,368.76,2896.59,100.11,23.1,3388.56
Belo Horizonte,40.6,2,2,1,28,not acept,not furnished,329.97,1855.2,24.78,24.45,2234.4
Porto Alegre,82.5,3,2,0,0,not acept,not furnished,480.26,2698.83,59.22,25.47,3263.78
Rio de Janeiro,83.9,3,4,3,14,not acept,furnished,536.5,2730.34,120.34,19.35,3406.53
Fortaleza,33.6,1,1,1,16,acept,furnished,267.09,1731.32,43.3,16.96,2058.67
Curitiba,76.4,4,4,3,28,not acept,not furnished,381.5,2348.68,24.16,11.82,2766.16
Fortaleza,46.2,2,3,1,0,acept,not furnished,258.13,1872.89,76.82,22.49,2230.33
Curitiba,85.5,2,2,1,23,acept,not furnished,353.77,3147.11,49.18,15.9,3565.96
Sao Paulo,45.5,4,4,2,19,not acept,furnished,267.0,2970.79,44.2,24.18,3306.17
Rio de Janeiro,133.8,1,1,1,22,acept,not furnished,797.12,4674.77,162.09,31.92,5665.9
Sao Paulo,140.3,1,1,2,7,not acept,furnished,707.71,5190.41,170.03,75.01,6143.16
Fortaleza,18.0,3,2,1,22,acept,not furnished,229.59,1265.82,30.94,7.91,1534.26
Porto Alegre,65.0,2,1,1,7,not acept,furnished,317.61,2408.62,44.09,26.78,2797.1
Curitiba,87.7,3,2,3,20,acept,not furnished,393.33,2037.15,28.81,17.78,2477.07
Rio de Janeiro,33.8,1,1,2,23,not acept,not furnished,49.84,400.0,5.95,4.89,460.68
Sao Paulo,158.4,2,3,1,23,acept,not furnished,691.16,5224.08,205.98,43.67,6164.89
Porto Alegre,37.1,2,1,1,15,not acept,not furnished,63.55,400.0,18.4,2.42,484.37
Rio de Janeiro,37.3,3,3,0,11,acept,not furnished,196.13,23866.40274441941,53.93,8.98,1919.39
Sao Paulo,107.9,2,3,0,5,not acept,furnished,617.51,3975.75,142.46,59.26,4794.98
Belo Horizonte,94.3,3,2,2,0,not acept,not furnished,218.25,2675.49,130.9,39.15,3063.79
Sao Paulo,155.6,4,3,3,0,not acept,not furnished,576.16,5268.54,55.98,37.68,5938.36
Rio de Janeiro,87.4,4,5,2,11,acept,not furnished,413.03,3823.88,62.09,22.5,4321.5
Rio de Janeiro,77.2,3,2,3,0,acept,furnished,226.33,33511.71947408453,69.87,26.87,2748.42
Sao Paulo,166.1,2,2,0,1,not acept,furnished,1167.69,6111.57,82.63,72.77,7434.66
Recife,56.2,3,3,1,4,acept,not furnished,263.37,1329.62,27.22,16.41,1636.62
Sao Paulo,70.4,3,3,0,13,acept,not furnished,145.04,1709.76,43.61,24.16,1922.57
Sao Paulo,128.8,4,4,2,17,acept,not furnished,444.03,3330.43,127.36,25.11,3926.93
Sao Paulo,65.6,4,3,2,20,acept,not furnished,106.06,1061.4,16.22,7.66,1191.34
Porto Alegre,40.8,4,4,1,13,not acept,not furnished,303.92,1692.76,57.67,9.72,2064.07
Rio de Janeiro,85.8,4,3,2,19,acept,not furnished,341.14,3492.26,42.16,22.7,3898.26
Belo Horizonte,43.4,1,1,2,26,not acept,not furnished,207.69,2034.9,56.75,23.39,2322.73
Sao Paulo,82.3,3,2,0,10,not acept,furnished,498.0,2960.96,41.3,29.2,3529.46
Sao Paulo,46.8,4,3,1,20,acept,not furnished,197.47,2177.18,65.16,26.5,2466.31
Rio de Janeiro,22.5,4,5,0,19,not acept,not furnished,221.22,1140.81,30.37,12.8,1405.2
Salvador,62.6,4,5,2,18,acept,furnished,580.63,3456.54,87.05,41.7,4165.92
Fortaleza,35.0,3,4,1,17,acept,not furnished,214.59,1087.86,46.23,11.21,1359.89
Sao Paulo,134.1,3,3,2,21,not acept,furnished,452.68,3387.04,103.81,49.05,3992.58
Belo Horizonte,62.5,1,1,2,24,acept,not furnished,210.54,1953.72,40.77,22.95,2227.98
Fortaleza,83.1,3,2,1,10,not acept,furnished,504.15,2621.6,111.46,31.61,3268.82
Rio de Janeiro,98.2,3,3,3,19,acept,not furnished,500.18,3549.93,109.44,49.1,4208.65
Salvador,92.8,5,6,1,5,acept,not furnished,643.7,3318.02,162.65,36.81,4161.18
Sao Paulo,72.9,4,3,1,22,not acept,furnished,716.72,3686.6,109.88,26.84,4540.04
Fortaleza,27.9,3,3,1,27,not acept,not furnished,70.37,400.0,17.2,3.7,491.27
Porto Alegre,18.0,1,2,1,23,acept,not furnished,42.84,400.0,4.02,4.9,451.76
Recife,89.2,2,2,0,14,not acept,not furnished,167.81,1552.5,31.13,22.14,1773.58
Curitiba,18.0,3,3,0,2,acept,furnished,77.69,492.98,5.51,4.83,581.01
Rio de Janeiro,81.6,1,1,2,26,not acept,not furnished,411.2,2995.86,95.64,21.69,3524.39
Fortaleza,33.1,2,3,3,24,not acept,furnished,178.53,1373.49,39.72,11.19,1602.93
Sao Paulo,50.9,4,5,1,20,not acept,not furnished,160.14,1532.79,61.83,14.2,1768.96
Rio de Janeiro,18.0,1,1,0,26,acept,furnished,46.25,433.73,6.29,5.34,491.61
Curitiba,68.9,1,2,2,15,not acept,not furnished,210.4,1699.64,73.45,10.29,1993.78
Porto Alegre,93.2,3,3,2,30,acept,furnished,663.2,4257.81,54.87,23.31,4999.19
Fortaleza,67.2,4,4,1,25,not acept,not furnished,218.87,2573.51,112.69,38.54,2943.61
Sao Paulo,93.8,4,4,1,3,acept,not furnished,261.61,2060.97,66.06,17.54,2406.18
Porto Alegre,69.9,5,4,1,11,acept,furnished,464.14,2734.9,37.34,20.65,3257.03
Porto Alegre,79.3,3,4,2,3,acept,not furnished,337.29,2584.1,29.04,29.17,2979.6
Sao Paulo,78.5,2,1,1,5,acept,furnished,585.8,3863.36,161.93,55.3,4666.39
Rio de Janeiro,92.3,4,3,2,14,acept,furnished,312.69,3396.5,77.05,31.92,3818.16
Sao Paulo,120.3,2,1,0,9,not acept,furnished,727.83,3777.72,180.59,49.52,4735.66
Rio de Janeiro,90.3,2,1,1,27,acept,not furnished,365.01,46391.21884851271,186.89,29.27,4356.65
Recife,18.3,2,3,1,0,not acept,not furnished,118.45,750.2,31.57,7.76,907.98
Curitiba,57.5,4,4,0,0,acept,furnished,203.94,2039.84,82.6,21.42,2347.8
Curitiba,32.9,4,4,0,28,acept,not furnished,313.38,1581.86,61.13,11.63,1968.0
Recife,73.2,2,2,1,5,not acept,not furnished,383.33,2458.21,44.13,26.36,2912.03
Rio de Janeiro,61.7,3,4,1,0,not acept,not furnished,305.7,2145.91,34.66,23.1,2509.37
Salvador,86.9,4,5,1,12,acept,not furnished,514.28,2834.18,74.19,30.58,3453.23
Rio de Janeiro,101.8,1,2,1,4,not acept,not furnished,410.99,4089.43,195.51,36.86,4732.79
Salvador,119.8,3,3,2,0,not acept,not furnished,336.5,2569.81,29.11,29.17,2964.59
Sao Paulo,44.2,3,4,1,15,not acept,furnished,553.06,2803.44,120.05,23.56,3500.11
Recife,69.7,2,2,0,2,not acept,not furnished,257.19,1826.39,48.35,16.28,2148.21
Sao Paulo,82.8,2,2,1,25,not acept,not furnished,565.25,3635.5,41.06,19.68,4261.49
Rio de Janeiro,98.7,2,1,2,7,not acept,not furnished,267.8,3037.12,52.04,44.22,3401.18
Porto Alegre,59.4,3,4,0,5,not acept,not furnished,146.61,1654.02,81.46,20.14,1902.23
Rio de Janeiro,146.1,4,3,0,22,acept,furnished,519.2,5940.78,253.12,73.63,6786.73
Belo Horizonte,75.9,3,4,0,25,acept,not furnished,288.1,2074.85,89.48,26.69,2479.12
Rio de Janeiro,35.6,4,5,1,0,acept,not furnished,318.52,1915.85,61.23,23.33,2318.93
Porto Alegre,40.8,3,2,1,2,not acept,not furnished,210.97,1773.41,20.53,24.26,2029.17
Sao Paulo,103.9,2,3,2,13,acept,not furnished,350.81,2353.98,100.57,12.31,2817.67
Sao Paulo,213.2,3,4,2,17,not acept,furnished,1304.67,8741.79,252.98,52.85,10352.29
Sao Paulo,109.5,3,4,1,0,not acept,not furnished,392.57,3965.09,153.02,36.47,4547.15
Rio de Janeiro,165.0,1,1,1,10,not acept,not furnished,826.94,4861.25,193.63,66.2,5948.02
Sao Paulo,26.7,2,2,2,27,not acept,not furnished,87.47,600.93,6.98,4.74,700.12
Rio de Janeiro,70.6,5,6,0,26,not acept,not furnished,117.04,1239.77,23.57,15.46,1395.84
Rio de Janeiro,93.8,3,2,1,8,not acept,furnished,905.68,4675.22,202.51,35.93,5819.34
Sao Paulo,90.4,2,2,1,5,not acept,not furnished,368.82,3365.62,99.81,50.44,3884.69
Belo Horizonte,94.3,2,2,0,17,acept,not furnished,333.32,2572.6,29.0,34.5,2969.42
Fortaleza,59.5,2,3,0,0,not acept,not furnished,153.95,796.25,38.51,7.65,996.36
Sao Paulo,173.6,2,2,0,5,not acept,furnished,861.81,7187.87,249.58,99.72,8398.98
Belo Horizonte,96.1,2,1,2,3,not acept,furnished,247.3,2419.56,62.85,26.74,2756.45
Curitiba,94.2,1,1,1,4,not acept,furnished,806.09,4073.26,187.49,25.66,5092.5
Rio de Janeiro,186.3,2,1,1,4,acept,not furnished,882.01,4421.51,67.57,51.23,5422.32
Curitiba,56.1,3,2,1,18,acept,not furnished,390.93,32363.593215244942,117.81,24.45,2938.35
Rio de Janeiro,103.7,1,1,0,13,not acept,furnished,773.66,4130.7,84.23,29.01,5017.6
Belo Horizonte,55.3,1,1,1,26,acept,not furnished,325.35,1627.92,52.78,9.46,2015.51
Sao Paulo,30.7,1,1,0,22,not acept,furnished,164.2,1683.03,71.9,23.29,1942.42
Curitiba,52.3,2,2,2,14,acept,not furnished,553.6,3058.24,63.07,27.04,3701.95
Curitiba,51.3,2,3,2,7,not acept,furnished,330.76,3865.9,83.67,53.55,4333.88
Sao Paulo,18.0,3,4,1,25,acept,not furnished,107.54,683.62,23.0,8.51,822.67
Rio de Janeiro,130.2,3,4,2,0,acept,not furnished,562.31,3630.3,47.02,19.23,4258.86
Recife,44.8,2,3,1,20,acept,not furnished,241.1,1741.49,70.22,22.88,2075.69
Rio de Janeiro,98.8,4,5,1,1,not acept,furnished,698.99,4688.96,104.76,34.3,5527.01
Belo Horizonte,39.6,3,2,1,15,acept,not furnished,252.22,2225.47,107.4,20.43,2605.52
Fortaleza,44.8,1,1,2,27,not acept,furnished,155.74,1925.63,41.49,16.49,2139.35
Curitiba,46.0,2,1,3,5,not acept,not furnished,153.44,1495.73,71.27,7.68,1728.12
Belo Horizonte,87.6,5,4,2,0,acept,furnished,489.23,2546.91,37.01,34.5,3107.65
Porto Alegre,18.0,5,4,2,8,not acept,furnished,78.17,694.36,18.07,8.37,798.97
Salvador,52.5,2,2,1,13,not acept,not furnished,203.58,1229.8,44.25,11.9,1489.53
Rio de Janeiro,133.9,2,3,2,21,not acept,furnished,726.32,5395.65,110.38,47.94,6280.29
Rio de Janeiro,79.0,3,2,1,0,acept,not furnished,424.01,2144.25,85.48,31.29,2685.03
Rio de Janeiro,18.0,3,3,2,2,acept,furnished,196.87,997.17,49.58,13.71,1257.33
Recife,21.7,2,1,2,11,not acept,furnished,139.65,973.18,46.41,14.45,1173.69
Curitiba,25.5,3,3,2,0,acept,not furnished,361.03,2975.16,146.17,24.47,3506.83
Sao Paulo,179.2,2,1,1,29,not acept,furnished,900.61,7012.09,85.5,79.38,8077.58
Salvador,19.9,1,2,0,14,acept,not furnished,76.7,624.17,21.34,4.99,727.2
Rio de Janeiro,150.2,3,3,2,10,acept,furnished,467.86,5375.99,238.47,30.17,6112.49
Sao Paulo,137.8,4,3,1,30,acept,furnished,547.37,6366.79,286.22,85.63,7286.01
Belo Horizonte,30.9,1,2,2,19,not acept,not furnished,254.54,1727.4,50.94,16.13,2049.01
Rio de Janeiro,177.8,3,4,0,14,not acept,not furnished,860.87,5776.37,60.43,79.41,6777.08
Fortaleza,93.3,2,2,3,5,acept,not furnished,318.8,3592.91,146.36,33.83,4091.9
Sao Paulo,68.4,2,3,2,6,acept,not furnished,315.54,2495.59,118.66,13.62,2943.41
Salvador,73.6,4,4,0,9,acept,not furnished,539.57,2833.77,28.82,15.52,3417.68
Belo Horizonte,65.1,3,3,1,22,acept,furnished,365.3,2758.92,32.41,32.97,3189.6
Sao Paulo,97.6,3,4,1,24,not acept,not furnished,475.16,3871.09,158.52,47.56,4552.33
Recife,42.1,2,3,1,4,not acept,not furnished,142.05,1601.15,65.89,23.77,1832.86
Belo Horizonte,78.7,1,1,2,24,not acept,furnished,405.45,2262.03,41.67,20.98,2730.13
Sao Paulo,182.3,3,4,2,8,not acept,furnished,1151.74,7633.27,295.38,100.28,9180.67
Rio de Janeiro,58.1,2,2,0,4,not acept,not furnished,261.75,2612.01,118.39,20.81,3012.96
Salvador,44.7,1,2,0,4,acept,furnished,312.43,2405.9,48.85,17.83,2785.01
Rio de Janeiro,123.8,3,3,2,13,not acept,not furnished,596.29,3559.7,99.23,18.8,4274.02
Sao Paulo,21.3,1,2,2,23,acept,not furnished,44.72,400.0,11.78,4.13,460.63
Sao Paulo,94.1,2,3,2,16,acept,not furnished,411.25,2971.66,78.97,21.99,3483.87
Sao Paulo,86.4,3,2,1,13,not acept,furnished,369.05,2542.09,58.61,27.96,2997.71
Porto Alegre,90.7,1,1,3,0,not acept,not furnished,460.02,2776.29,137.63,22.93,3396.87
Rio de Janeiro,110.5,3,3,2,16,not acept,not furnished,652.86,4389.84,144.07,53.75,5240.52
Sao Paulo,91.8,4,3,1,20,not acept,not furnished,361.8,2684.68,103.64,30.79,3180.91
Sao Paulo,98.0,2,1,1,0,not acept,not furnished,243.62,2418.09,34.49,34.81,2731.01
Rio de Janeiro,87.6,2,2,0,29,not acept,furnished,391.54,3340.54,101.49,32.8,3866.37
Fortaleza,73.6,3,4,3,0,not acept,not furnished,387.88,3069.47,140.71,23.28,3621.34
Rio de Janeiro,115.5,3,4,1,20,acept,furnished,718.86,3789.76,146.02,35.47,4690.11
Recife,61.6,3,3,2,15,acept,not furnished,379.07,2384.92,50.55,34.65,2849.19
Rio de Janeiro,64.6,2,1,2,27,acept,not furnished,351.45,2424.9,106.0,26.7,2909.05
Sao Paulo,177.5,1,2,0,11,not acept,furnished,956.41,6773.07,81.92,75.67,7887.07
Fortaleza,38.7,1,1,1,14,not acept,not furnished,262.56,1654.68,81.77,24.03,2023.04
Rio de Janeiro,124.8,3,3,2,16,not acept,furnished,517.68,4814.02,194.06,70.83,5596.59
Curitiba,18.0,2,1,2,26,not acept,not furnished,170.34,1296.57,62.28,18.66,1547.85
Recife,18.0,4,4,2,24,not acept,not furnished,59.09,400.0,17.69,4.08,480.86
Sao Paulo,175.9,3,3,1,7,acept,not furnished,649.07,5229.1,213.58,63.64,6155.39
Sao Paulo,154.9,1,2,1,29,acept,not furnished,434.2,5034.01,139.41,43.79,5651.41
Porto Alegre,69.6,2,2,3,22,acept,furnished,307.43,2339.15,98.95,33.27,2778.8
Sao Paulo,159.4,2,3,1,0,acept,not furnished,417.22,4315.3,56.27,59.69,4848.48
Sao Paulo,130.4,3,3,0,3,acept,not furnished,630.66,3622.8,69.3,43.43,4366.19
Sao Paulo,168.2,4,5,0,26,acept,furnished,897.5,6380.72,290.32,41.31,7609.85
Sao Paulo,30.0,1,1,3,19,not acept,furnished,89.13,454.83,17.27,3.9,565.13
Porto Alegre,45.2,2,2,2,6,not acept,not furnished,234.49,1891.62,33.02,27.12,2186.25
Sao Paulo,32.2,2,1,1,3,acept,not furnished,126.47,1130.76,30.1,14.79,1302.12
Rio de Janeiro,66.8,2,2,0,2,not acept,not furnished,649.13,3250.33,125.25,20.39,4045.1
Belo Horizonte,31.8,3,3,3,8,not acept,not furnished,91.95,774.05,32.4,11.28,909.68
Rio de Janeiro,132.6,3,3,1,27,not acept,not furnished,576.71,4507.56,196.61,27.57,5308.45
Sao Paulo,166.0,2,3,1,9,not acept,not furnished,476.6,5871.5,93.47,30.27,6471.84
Porto Alegre,37.5,3,4,1,19,not acept,not furnished,205.91,1953.8,20.07,18.95,2198.73
Sao Paulo,65.4,2,1,0,1,not acept,not furnished,171.62,991.56,15.25,13.95,1192.38
Porto Alegre,56.8,2,1,1,15,acept,furnished,601.91,3655.27,108.53,22.96,4388.67
Fortaleza,46.8,2,2,3,9,acept,furnished,246.75,1925.94,90.27,10.65,2273.61
Rio de Janeiro,71.5,3,2,2,3,not acept,not furnished,530.48,2789.01,49.51,36.01,3405.01
Belo Horizonte,86.2,2,2,1,24,acept,not furnished,354.73,2443.14,99.81,23.84,2921.52
Rio de Janeiro,106.3,2,2,2,24,not acept,not furnished,591.38,3803.59,141.32,57.05,4593.34
Rio de Janeiro,103.4,1,1,2,7,acept,furnished,549.58,3115.12,151.25,19.41,3835.36
Fortaleza,56.4,2,3,0,19,not acept,furnished,344.04,2092.6,45.27,11.46,2493.37
Fortaleza,51.9,1,1,1,10,acept,not furnished,154.21,17741.573033885485,58.96,12.41,1800.45
Rio de Janeiro,87.8,2,3,1,0,not acept,not furnished,343.1,2497.48,27.93,15.07,2883.58
Belo Horizonte,24.1,2,2,1,11,not acept,furnished,205.94,1351.12,26.49,7.76,1591.31
Fortaleza,35.3,2,2,1,16,acept,furnished,202.5,2351.63,82.33,35.19,2671.65
Recife,18.0,2,3,1,7,not acept,furnished,67.91,620.4,30.29,8.73,727.33
Belo Horizonte,18.0,3,2,1,29,not acept,furnished,116.81,671.28,17.43,6.9,812.42
Rio de Janeiro,119.8,3,4,0,16,not acept,not furnished,843.63,4334.89,158.54,23.23,5360.29
Sao Paulo,150.6,3,4,0,10,acept,not furnished,1208.36,6113.88,79.13,82.3,7483.67
Recife,54.6,1,1,1,22,acept,furnished,325.48,1958.72,20.48,16.99,2321.67
Sao Paulo,69.0,1,1,3,9,not acept,furnished,311.29,1894.87,30.32,23.28,2259.76
Belo Horizonte,40.9,2,1,2,0,acept,not furnished,421.69,19121.687352798017,85.12,31.8,3098.22
Sao Paulo,114.3,2,1,1,0,acept,not furnished,431.25,3732.06,158.19,51.59,4373.09
Sao Paulo,48.6,1,2,1,7,not acept,furnished,389.01,3008.09,73.76,45.09,3515.95
Rio de Janeiro,147.6,2,2,1,2,not acept,not furnished,367.27,3617.69,137.53,51.1,4173.59
Recife,72.0,4,4,2,9,not acept,not furnished,193.91,1421.37,41.3,18.06,1674.64
Sao Paulo,74.2,1,1,3,23,acept,furnished,243.24,2865.87,122.46,24.2,3255.77
Belo Horizonte,79.7,4,5,1,7,not acept,not furnished,501.5,2794.37,39.58,39.09,3374.54
Sao Paulo,107.8,4,5,0,16,not acept,not furnished,632.24,3264.08,108.9,25.83,4031.05
Sao Paulo,211.9,4,3,3,28,acept,furnished,735.35,7614.04,359.85,87.49,8796.73
Rio de Janeiro,65.5,4,3,2,20,acept,not furnished,335.21,2425.91,32.85,36.07,2830.04
Belo Horizonte,127.5,1,2,2,16,not acept,not furnished,579.79,4367.74,89.65,61.13,5098.31
Sao Paulo,55.1,2,1,1,26,not acept,not furnished,462.73,2730.06,57.13,28.9,3278.82
Rio de Janeiro,20.4,1,2,1,8,not acept,furnished,78.38,553.0,19.97,3.42,654.77
Sao Paulo,134.3,1,1,1,4,acept,not furnished,665.2,4978.36,205.35,64.11,5913.02
Rio de Janeiro,67.4,2,2,0,22,acept,not furnished,307.48,3177.54,113.09,33.88,3631.99
Recife,60.9,4,5,0,0,acept,not furnished,205.26,1795.71,50.11,19.42,2070.5
Recife,71.4,2,1,2,11,not acept,not furnished,197.9,1314.68,26.32,13.7,1552.6
Rio de Janeiro,61.2,2,3,1,7,acept,not furnished,165.05,1944.34,91.69,16.13,2217.21
Belo Horizonte,80.3,3,4,1,30,not acept,not furnished,343.73,2863.49,49.4,17.67,3274.29
Fortaleza,18.0,1,1,3,10,not acept,not furnished,142.68,1468.07,59.85,11.53,1682.13
Sao Paulo,175.0,2,1,0,19,acept,not furnished,556.46,6243.21,101.63,81.13,6982.43
Salvador,76.4,2,3,2,6,acept,not furnished,288.92,2203.02,59.29,12.61,2563.84
Recife,31.7,4,5,1,30,not acept,not furnished,145.55,1247.63,27.51,14.46,1435.15
Sao Paulo,154.9,3,2,1,3,not acept,not furnished,921.79,6202.07,133.29,50.73,7307.88
Sao Paulo,203.1,3,3,1,27,not acept,not furnished,798.09,7630.25,169.7,62.7,8660.74
Recife,27.0,1,1,0,12,not acept,furnished,91.29,1053.44,45.31,10.78,1200.82
Belo Horizonte,78.6,4,4,1,11,acept,furnished,370.22,4396.2,84.74,39.34,4890.5
Sao Paulo,110.8,2,3,1,21,acept,not furnished,467.43,3546.17,67.41,47.16,4128.17
Sao Paulo,117.9,3,3,2,0,not acept,furnished,346.98,4286.92,99.87,58.98,4792.75
Rio de Janeiro,48.7,5,6,1,15,not acept,not furnished,184.1,2122.95,76.42,27.68,2411.15
Curitiba,38.9,3,2,1,4,not acept,not furnished,260.79,2151.58,69.2,30.47,2512.04
Porto Alegre,48.3,3,3,2,2,acept,not furnished,378.42,1962.02,52.95,20.07,2413.46
Recife,45.3,1,1,2,26,not acept,not furnished,225.81,1361.57,64.79,11.43,1663.6
Sao Paulo,18.0,2,2,1,30,not acept,furnished,95.16,563.92,9.52,4.27,672.87
Belo Horizonte,97.9,4,4,1,30,acept,not furnished,420.57,4185.62,62.01,55.4,4723.6
Belo Horizonte,94.1,1,1,2,25,acept,not furnished,483.48,3256.95,55.58,25.13,3821.14
Rio de Janeiro,39.2,4,3,1,28,acept,not furnished,247.27,2295.56,78.61,27.44,2648.88
Sao Paulo,144.8,3,4,1,28,not acept,furnished,610.73,4295.0,178.45,36.48,5120.66
Recife,38.9,2,1,3,3,not acept,furnished,274.03,1542.98,61.43,15.88,1894.32
Salvador,79.9,3,4,2,0,not acept,furnished,389.48,2955.11,137.18,39.9,3521.67
Rio de Janeiro,26.0,2,3,1,1,acept,not furnished,90.42,841.59,33.07,5.59,970.67
Belo Horizonte,98.1,2,1,1,3,acept,furnished,456.21,3900.37,194.99,31.43,4583.0
Sao Paulo,19.2,2,2,0,25,acept,furnished,63.47,457.37,14.63,2.63,538.1
Belo Horizonte,18.3,2,2,1,29,acept,furnished,388.47,2192.26,109.16,18.86,2708.75
Curitiba,37.2,4,4,2,9,acept,not furnished,96.88,620.79,19.55,7.44,744.66
Belo Horizonte,23.0,2,1,1,0,acept,not furnished,280.48,1440.86,19.06,15.22,1755.62
Recife,35.0,3,3,0,7,not acept,not furnished,330.18,1674.34,70.62,14.1,2089.24
Belo Horizonte,58.5,2,3,1,21,not acept,not furnished,257.48,2190.04,99.52,20.53,2567.57
Rio de Janeiro,29.8,3,2,1,29,acept,not furnished,222.91,1400.01,39.1,10.21,1672.23
Porto Alegre,68.7,3,4,1,12,acept,not furnished,392.1,2376.34,37.91,27.0,2833.35
Sao Paulo,143.1,2,2,1,8,acept,not furnished,537.63,3652.5,173.39,24.22,4387.74
Rio de Janeiro,139.8,4,4,1,19,acept,not furnished,758.05,4296.56,197.86,33.43,5285.9
Rio de Janeiro,88.7,4,4,2,4,acept,not furnished,333.85,2951.05,60.54,35.91,3381.35
Rio de Janeiro,88.5,3,4,2,23,not acept,furnished,509.67,2973.43,49.98,24.23,3557.31
Porto Alegre,58.9,4,4,1,11,not acept,not furnished,209.95,1906.16,26.21,23.73,2166.05
Rio de Janeiro,97.9,3,4,2,30,not acept,not furnished,499.47,3440.92,64.9,21.82,4027.11
Porto Alegre,115.2,4,3,3,28,acept,not furnished,420.83,4497.46,193.26,54.28,5165.83
Belo Horizonte,56.5,2,1,1,19,not acept,not furnished,242.07,1491.86,49.71,14.51,1798.15
Rio de Janeiro,60.1,1,1,3,19,not acept,not furnished,421.77,2307.25,67.66,23.35,2820.03
Salvador,38.0,5,5,1,1,not acept,furnished,184.47,1092.01,50.19,10.56,1337.23
Sao Paulo,128.2,2,3,3,7,not acept,not furnished,915.3,54536.70880402284,111.41,35.82,5770.19
Sao Paulo,108.2,2,2,2,26,not acept,not furnished,1010.49,5086.67,145.75,58.13,6301.04
Belo Horizonte,38.4,2,1,0,9,acept,not furnished,198.06,1463.83,70.53,11.95,1744.37
Sao Paulo,18.0,2,1,1,11,not acept,furnished,188.48,1911.98,40.27,18.1,2158.83
Sao Paulo,106.6,2,2,2,25,acept,not furnished,537.19,3245.79,122.31,25.35,3930.64
Curitiba,91.4,3,3,0,11,acept,not furnished,467.35,3582.11,59.9,31.52,4140.88
Belo Horizonte,91.6,5,5,1,26,acept,not furnished,347.91,2759.89,88.8,13.88,3210.48
Rio de Janeiro,136.7,1,2,1,0,acept,furnished,614.78,6039.17,266.06,60.53,6980.54
Recife,18.0,3,3,1,20,acept,not furnished,34.38,405.08,8.89,4.09,452.44
Belo Horizonte,19.5,1,1,1,0,not acept,not furnished,203.87,1187.59,20.22,12.17,1423.85
Salvador,38.2,1,1,1,24,not acept,furnished,249.56,18164.036514876505,81.46,17.79,2159.56
Sao Paulo,129.9,3,4,1,16,not acept,furnished,634.46,4969.86,85.32,46.02,5735.66
Belo Horizonte,58.5,4,4,0,16,not acept,not furnished,219.4,1769.04,81.94,20.61,2090.99
Salvador,70.5,2,3,2,10,acept,not furnished,254.49,1811.11,70.54,12.71,2148.85
Belo Horizonte,53.6,2,2,1,27,not acept,not furnished,326.33,1930.27,32.53,20.74,2309.87
Curitiba,51.8,2,1,1,14,not acept,not furnished,254.38,1925.6,88.33,26.96,2295.27
Rio de Janeiro,40.2,4,4,0,6,not acept,not furnished,185.15,2024.77,40.24,12.54,2262.7
Sao Paulo,126.8,2,2,1,25,not acept,not furnished,576.95,5196.38,105.14,33.9,5912.37
Rio de Janeiro,98.1,2,1,1,29,not acept,not furnished,261.22,2721.32,109.63,37.18,3129.35
Rio de Janeiro,92.9,4,3,1,5,not acept,furnished,335.24,3260.84,113.05,45.87,3755.0
Salvador,18.0,3,2,1,17,acept,not furnished,250.92,1356.72,58.54,17.22,1683.4
Sao Paulo,52.8,4,4,2,17,not acept,furnished,100.11,994.71,25.63,5.67,1126.12
Recife,40.1,4,5,2,17,acept,not furnished,147.31,,34.43,5.32,1068.51
Recife,54.3,3,3,1,16,acept,not furnished,113.93,980.04,31.43,13.47,1138.87
Sao Paulo,188.3,3,4,1,1,not acept,not furnished,1462.42,7772.21,238.98,116.41,9590.02
Rio de Janeiro,60.4,2,2,1,11,not acept,furnished,267.05,23839.71124074225,60.76,23.02,2077.57
Fortaleza,71.5,5,5,0,30,acept,not furnished,315.37,1959.13,91.05,28.19,2393.74
Recife,76.5,2,2,2,0,acept,not furnished,184.07,1286.9,45.26,18.29,1534.52
Rio de Janeiro,72.1,3,3,2,19,acept,not furnished,645.87,3377.07,107.42,26.09,4156.45
Rio de Janeiro,56.5,2,3,1,27,not acept,not furnished,279.02,2820.28,139.29,26.31,3264.9
Belo Horizonte,87.7,2,2,2,4,not acept,not furnished,403.91,3531.85,152.43,47.91,4136.1
Curitiba,70.4,1,1,2,24,not acept,not furnished,526.51,2792.48,29.37,25.52,3373.88
Sao Paulo,38.7,3,2,2,5,not acept,furnished,634.01,3191.1,62.31,26.0,3913.42
Porto Alegre,97.7,2,2,2,0,not acept,furnished,513.09,2975.51,81.76,17.2,3587.56
Sao Paulo,30.6,1,2,2,15,not acept,not furnished,226.96,2151.26,59.54,16.98,2454.74
Sao Paulo,117.0,2,1,2,21,not acept,furnished,1128.89,5973.02,287.49,88.64,7478.04
Rio de Janeiro,125.6,2,1,1,4,acept,furnished,619.99,6191.41,136.44,88.5,7036.34
Rio de Janeiro,49.1,3,2,2,0,acept,not furnished,285.82,1545.06,75.4,20.74,1927.02
Rio de Janeiro,32.8,2,2,1,16,not acept,not furnished,206.94,1642.79,18.6,20.69,1889.02
Rio de Janeiro,58.0,1,1,2,2,acept,furnished,356.62,4158.49,191.98,31.99,4739.08
Rio de Janeiro,162.7,3,4,2,3,acept,furnished,1045.03,6811.74,241.82,51.69,8150.28
Sao Paulo,21.7,3,4,0,21,not acept,not furnished,183.09,1472.66,38.85,14.69,1709.29
Rio de Janeiro,145.9,3,4,1,18,not acept,furnished,431.56,5243.17,260.11,55.77,5990.61
Recife,63.4,5,4,0,29,not acept,not furnished,264.69,2698.48,134.7,24.38,3122.25
Rio de Janeiro,112.7,1,1,0,8,acept,not furnished,491.01,3644.88,97.67,38.63,4272.19
Rio de Janeiro,143.8,4,5,1,4,acept,not furnished,671.54,4242.9,75.25,41.54,5031.23
Belo Horizonte,39.3,3,2,1,19,not acept,furnished,147.32,1755.09,49.61,19.6,1971.62
Recife,35.0,3,4,1,30,not acept,furnished,223.22,1566.53,67.85,16.09,1873.69
Sao Paulo,111.4,3,3,1,16,not acept,not furnished,433.14,5057.18,193.02,36.28,5719.62
Curitiba,74.6,2,2,0,7,not acept,furnished,753.17,4000.1,49.44,41.12,4843.83
Curitiba,81.8,2,2,1,28,acept,furnished,380.41,2307.72,43.64,23.74,2755.51
Belo Horizonte,75.2,3,2,1,18,acept,not furnished,215.74,2395.21,68.59,13.48,2693.02
Sao Paulo,27.0,1,1,1,4,acept,furnished,270.38,1918.7,92.75,14.61,2296.44
Curitiba,80.8,3,3,2,29,not acept,not furnished,545.22,3241.26,112.38,35.64,3934.5
Sao Paulo,102.4,3,4,1,6,acept,not furnished,333.26,2909.16,34.99,26.76,3304.17
Belo Horizonte,38.4,2,3,2,27,not acept,furnished,141.49,1379.93,34.97,17.97,1574.36
Porto Alegre,58.1,2,3,2,18,not acept,not furnished,328.04,2036.47,94.23,11.45,2470.19
Sao Paulo,70.3,2,2,1,14,not acept,not furnished,497.3,2866.82,86.69,17.98,3468.79
Salvador,38.0,1,2,1,8,not acept,not furnished,126.97,991.23,13.76,14.69,1146.65
Sao Paulo,93.6,1,1,0,1,not acept,not furnished,282.68,2597.33,88.15,29.32,2997.48
Salvador,25.4,2,1,3,5,not acept,furnished,350.88,1817.71,67.44,20.1,2256.13
Rio de Janeiro,73.0,1,1,2,8,acept,not furnished,410.43,2843.28,114.04,36.02,3403.77
Sao Paulo,153.1,2,3,1,7,not acept,furnished,890.12,6411.71,150.22,52.76,7504.81
Sao Paulo,122.6,2,3,0,0,not acept,not furnished,553.84,,125.64,38.22,4020.52
Recife,92.3,5,6,0,16,acept,not furnished,387.43,2065.95,47.12,19.72,2520.22
Sao Paulo,155.6,5,6,0,13,not acept,furnished,756.12,6479.89,199.67,55.84,7491.52
Sao Paulo,190.0,2,1,2,1,not acept,not furnished,991.05,5581.91,60.17,37.43,6670.56
Rio de Janeiro,176.9,2,1,1,13,acept,not furnished,1055.9,5499.22,203.27,32.1,6790.49
Curitiba,87.3,3,3,3,0,not acept,furnished,691.38,3538.03,88.93,18.24,4336.58
Belo Horizonte,31.4,1,2,1,28,not acept,furnished,261.6,1609.53,61.49,12.91,1945.53
Sao Paulo,49.8,3,2,2,6,not acept,not furnished,138.59,803.38,39.02,4.15,985.14
Sao Paulo,119.8,2,1,0,21,acept,not furnished,595.83,3290.07,43.57,25.47,3954.94
Sao Paulo,66.9,2,1,1,6,not acept,not furnished,277.21,1583.3,70.26,17.82,1948.59
Sao Paulo,57.4,4,5,1,13,not acept,not furnished,298.08,2909.21,56.16,19.02,3282.47
Rio de Janeiro,183.3,4,3,2,28,not acept,not furnished,452.79,5640.68,111.04,53.66,6258.17
Curitiba,72.4,5,6,2,26,not acept,not furnished,373.9,2511.79,47.83,16.26,2949.78
Sao Paulo,135.1,2,1,0,23,not acept,not furnished,711.56,4591.12,71.17,39.58,5413.43
Rio de Janeiro,49.2,4,3,3,24,not acept,furnished,244.15,2279.69,40.68,31.17,2595.69
Rio de Janeiro,228.9,3,4,2,25,not acept,not furnished,629.38,6141.08,243.78,72.97,7087.21
Recife,90.3,3,4,1,22,not acept,furnished,443.91,3085.42,125.69,38.22,3693.24
Recife,25.7,4,5,2,27,not acept,not furnished,272.69,1456.82,70.58,14.22,1814.31
Salvador,24.7,4,3,3,9,acept,not furnished,128.25,1250.79,17.7,17.66,1414.4
Sao Paulo,255.3,3,3,2,15,not acept,not furnished,1419.35,7672.1,122.93,49.7,9264.08
Sao Paulo,127.7,2,2,1,19,acept,not furnished,944.1,5143.3,233.53,31.88,6352.81
Rio de Janeiro,124.9,3,4,1,4,not acept,not furnished,499.54,4539.58,147.91,37.12,5224.15
Sao Paulo,18.0,3,4,0,14,acept,furnished,77.02,438.32,13.94,2.62,531.9
Belo Horizonte,22.2,4,4,0,1,not acept,not furnished,261.8,1342.28,54.87,10.76,1669.71
Porto Alegre,41.1,3,3,3,18,not acept,not furnished,176.8,1787.15,57.4,19.07,2040.42
Salvador,49.0,2,3,2,0,not acept,not furnished,258.19,11851.318905292756,22.16,16.05,2070.71
Salvador,41.8,2,3,0,14,acept,not furnished,70.72,400.0,18.39,3.75,492.86
Rio de Janeiro,30.2,1,2,1,13,not acept,furnished,231.84,1934.87,29.71,12.8,2209.22
Curitiba,54.2,4,4,1,1,not acept,not furnished,175.72,1971.45,57.58,18.63,2223.38
Rio de Janeiro,159.3,1,1,1,12,acept,not furnished,510.47,5388.47,132.46,76.57,6107.97
Sao Paulo,143.2,3,3,1,20,acept,furnished,651.76,5431.09,134.66,30.58,6248.09
Curitiba,78.5,4,5,1,17,acept,furnished,244.65,2874.59,61.43,33.98,3214.65
Sao Paulo,18.0,2,1,1,12,not acept,not furnished,34.19,400.0,19.32,4.54,458.05
Rio de Janeiro,220.1,4,4,3,9,acept,not furnished,973.7,4943.39,66.07,64.53,6047.69
Rio de Janeiro,48.3,4,3,0,0,acept,not furnished,132.07,1393.54,58.67,15.37,1599.65
Curitiba,90.4,1,1,1,29,not acept,not furnished,172.21,1728.95,44.44,15.51,1961.11
Porto Alegre,36.8,2,2,1,11,acept,furnished,150.77,999.08,12.09,12.91,1174.85
Rio de Janeiro,24.7,3,3,1,11,not acept,not furnished,193.64,1089.18,35.86,9.36,1328.04
Salvador,72.1,2,2,2,1,acept,not furnished,175.93,1774.27,44.16,13.35,2007.71
Sao Paulo,66.4,3,4,0,15,not acept,not furnished,158.5,1861.1,35.03,19.38,2074.01
Rio de Janeiro,97.7,3,2,2,30,acept,not furnished,343.38,3228.17,80.11,46.67,3698.33
Porto Alegre,54.8,2,1,1,6,not acept,not furnished,395.37,16701.402782871442,138.15,29.53,3377.63
Curitiba,77.5,2,1,1,8,not acept,furnished,663.6,3335.1,135.53,49.85,4184.08
Recife,77.8,1,1,1,5,not acept,not furnished,383.73,2489.03,106.53,32.49,3011.78
Sao Paulo,86.0,1,2,1,26,acept,not furnished,364.92,3422.85,106.18,46.58,3940.53
Curitiba,114.5,3,3,0,13,acept,not furnished,254.01,3123.29,68.15,38.01,3483.46
Belo Horizonte,23.6,3,3,1,25,not acept,not furnished,161.92,1620.43,51.74,13.87,1847.96
Fortaleza,30.6,1,2,1,26,not acept,furnished,413.21,2603.06,82.84,25.61,3124.72
Sao Paulo,20.2,3,3,1,22,not acept,not furnished,171.46,1450.08,23.1,17.57,1662.21
Porto Alegre,20.3,2,1,0,6,not acept,not furnished,241.44,1646.87,60.08,13.13,1961.52
Belo Horizonte,18.0,4,5,0,0,not acept,not furnished,60.12,400.0,16.5,5.42,482.04
Sao Paulo,116.2,2,3,2,2,not acept,furnished,606.54,6121.63,195.63,60.5,6984.3
Rio de Janeiro,115.8,1,1,1,20,not acept,not furnished,347.03,2689.6,69.59,31.7,3137.92
Rio de Janeiro,96.2,3,4,2,22,not acept,furnished,501.16,3422.24,121.67,34.08,4079.15
Belo Horizonte,78.9,3,2,0,23,not acept,furnished,264.02,1434.36,45.17,21.02,1764.57
Fortaleza,30.3,2,3,2,5,acept,furnished,241.48,1372.51,18.29,12.87,1645.15
Belo Horizonte,90.2,2,2,1,2,not acept,not furnished,528.36,3285.35,82.06,30.28,3926.05
Curitiba,61.4,2,1,2,28,not acept,not furnished,406.8,2347.89,110.48,26.58,2891.75
Belo Horizonte,60.3,2,2,0,19,not acept,furnished,410.3,2103.94,26.22,13.03,2553.49
Sao Paulo,124.1,1,2,1,22,not acept,furnished,973.51,5674.57,121.17,68.8,6838.05
Sao Paulo,57.0,3,4,0,0,acept,not furnished,252.95,27800.901766304818,107.16,13.27,2794.44
Rio de Janeiro,18.0,4,5,1,11,not acept,not furnished,132.14,1098.12,11.04,15.67,1256.97
Rio de Janeiro,122.9,3,4,1,0,acept,not furnished,452.62,3645.75,173.71,37.7,4309.78
Sao Paulo,105.7,1,2,0,19,acept,furnished,801.28,6047.1,226.93,47.96,7123.27
Belo Horizonte,31.7,4,4,1,13,not acept,not furnished,293.25,1879.44,47.3,14.25,2234.24
Rio de Janeiro,89.2,3,2,0,12,acept,not furnished,445.45,3415.61,38.05,42.05,3941.16
Sao Paulo,138.6,2,3,2,27,not acept,furnished,803.08,5912.69,69.92,34.6,6820.29
Rio de Janeiro,18.0,3,4,3,22,acept,furnished,66.16,437.64,9.55,6.25,519.6
Sao Paulo,110.7,2,3,2,29,acept,furnished,798.07,4502.37,163.73,45.31,5509.48
Fortaleza,18.0,2,2,3,0,not acept,furnished,100.06,747.75,9.49,8.85,866.15
Salvador,24.6,2,3,2,18,not acept,not furnished,286.77,1842.18,83.39,10.59,2222.93
Curitiba,18.0,3,4,2,18,not acept,not furnished,85.75,631.37,27.97,4.7,749.79
Sao Paulo,65.9,1,2,1,0,not acept,not furnished,583.31,2920.8,62.52,14.75,3581.38
Porto Alegre,40.3,3,2,1,23,acept,furnished,324.8,1680.96,29.89,11.53,2047.18
Salvador,37.4,3,2,2,2,acept,not furnished,182.55,1259.88,34.24,13.27,1489.94
Porto Alegre,51.3,2,3,1,21,acept,not furnished,298.18,1676.6,35.7,16.75,2027.23
Sao Paulo,170.5,1,1,3,0,not acept,not furnished,987.86,5380.77,258.36,68.88,6695.87
Curitiba,119.3,4,5,2,18,not acept,furnished,361.68,4339.63,144.55,49.56,4895.42
Salvador,47.9,3,4,2,15,acept,furnished,442.74,2325.13,91.71,28.37,2887.95
Belo Horizonte,32.5,2,1,1,13,acept,not furnished,320.88,1751.02,54.67,13.06,2139.63
Curitiba,79.8,3,2,0,9,acept,not furnished,410.82,2304.53,100.17,23.3,2838.82
Rio de Janeiro,59.6,1,2,2,11,not acept,not furnished,312.75,2111.5,29.37,29.92,2483.54
Belo Horizonte,46.8,2,1,1,13,not acept,not furnished,159.97,1490.37,57.99,14.76,1723.09
Sao Paulo,65.5,3,2,3,7,acept,furnished,483.56,3449.49,140.4,24.81,4098.26
Curitiba,56.4,3,2,2,28,not acept,furnished,340.39,1934.87,47.23,21.07,2343.56
Sao Paulo,95.0,2,2,2,29,acept,not furnished,486.59,3625.85,48.65,23.53,4184.62
Rio de Janeiro,94.3,2,2,1,7,not acept,not furnished,712.97,3592.11,129.79,42.04,4476.91
Sao Paulo,147.0,2,2,1,23,not acept,furnished,698.93,6519.89,144.51,62.27,7425.6
Belo Horizonte,27.1,5,5,2,22,not acept,not furnished,365.66,1931.73,64.42,15.92,2377.73
Sao Paulo,57.1,2,2,1,26,acept,not furnished,377.06,3175.63,143.67,23.47,3719.83
Curitiba,102.4,2,3,2,0,acept,furnished,630.06,3487.99,150.96,39.43,4308.44
Porto Alegre,76.8,4,3,0,8,not acept,not furnished,352.36,2666.54,88.09,24.1,3131.09
Sao Paulo,47.3,2,2,1,2,not acept,not furnished,398.73,2216.23,31.79,29.66,2676.41
Sao Paulo,216.0,2,1,2,10,acept,furnished,1227.49,8144.83,227.24,45.48,9645.04
Sao Paulo,104.6,3,4,1,16,not acept,not furnished,759.32,55238.892795760476,156.94,35.2,4972.06
Fortaleza,59.2,3,2,1,27,not acept,not furnished,351.54,35063.51091912743,83.6,15.28,3008.46
Belo Horizonte,92.9,3,2,0,25,not acept,not furnished,442.7,2305.96,53.43,31.05,2833.14
Rio de Janeiro,72.2,1,2,1,14,acept,furnished,217.61,2283.69,51.01,18.94,2571.25
Sao Paulo,134.6,4,5,1,0,acept,not furnished,838.8,4737.01,175.92,51.4,5803.13
Curitiba,22.8,2,1,2,7,not acept,not furnished,139.14,1306.57,46.08,14.53,1506.32
Salvador,29.2,2,1,2,1,acept,not furnished,217.03,2017.09,67.96,26.63,2328.71
Salvador,65.1,2,3,1,19,not acept,not furnished,166.79,1898.06,91.26,27.97,2184.08
Curitiba,65.9,3,3,2,20,not acept,furnished,657.89,3920.29,179.52,30.76,4788.46
Sao Paulo,210.2,3,3,1,19,acept,furnished,1212.06,7707.4,173.88,74.01,9167.35
Sao Paulo,108.9,3,3,1,6,acept,furnished,658.59,5478.63,109.35,57.19,6303.76
Sao Paulo,90.7,3,3,1,28,acept,not furnished,632.56,3209.4,150.55,23.37,4015.88
Sao Paulo,122.9,1,1,2,17,not acept,furnished,428.07,4921.82,90.23,32.85,5472.97
Sao Paulo,121.2,2,2,2,17,not acept,not furnished,742.3,4306.1,211.37,21.9,5281.67
Sao Paulo,113.0,3,3,2,24,not acept,furnished,591.8,5299.55,98.67,29.28,6019.3
Rio de Janeiro,65.4,2,3,2,0,acept,furnished,257.61,2925.97,41.93,36.83,3262.34
Recife,117.3,2,3,1,4,not acept,not furnished,481.81,3080.43,78.94,37.58,3678.76
Belo Horizonte,100.8,4,5,1,17,not acept,not furnished,310.65,2599.76,119.69,13.69,3043.79
Salvador,72.2,3,4,1,18,not acept,not furnished,321.59,2398.85,94.16,23.35,2837.95
Curitiba,18.0,2,1,2,13,acept,not furnished,108.63,794.43,26.97,5.07,935.1
Sao Paulo,68.7,3,2,2,23,not acept,furnished,335.09,3947.71,150.26,28.13,4461.19
Porto Alegre,30.9,3,2,2,9,not acept,not furnished,105.96,736.76,22.7,10.43,875.85
Sao Paulo,101.9,1,1,1,0,acept,not furnished,371.42,4384.11,99.58,51.11,4906.22
Curitiba,67.6,2,2,3,8,acept,not furnished,158.45,1554.12,46.44,13.1,1772.11
Rio de Janeiro,57.2,2,1,0,29,not acept,not furnished,312.67,1883.46,47.45,27.29,2270.87
Recife,54.8,2,2,2,23,acept,not furnished,260.82,17351.234533360435,63.66,22.41,1910.25
Sao Paulo,66.3,2,2,1,8,acept,not furnished,181.48,2259.01,37.66,20.45,2498.6
Sao Paulo,121.9,4,4,1,5,not acept,not furnished,746.32,4103.7,114.88,31.49,4996.39
Fortaleza,54.2,3,3,1,24,not acept,not furnished,134.16,1655.35,23.62,23.94,1837.07
Sao Paulo,272.5,4,4,2,4,not acept,not furnished,1520.18,7745.19,90.86,104.21,9460.44
Curitiba,18.0,2,3,1,17,acept,not furnished,244.55,1660.78,32.05,15.15,1952.53
Porto Alegre,75.3,2,1,0,14,not acept,not furnished,311.22,2506.17,41.21,21.61,2880.21
Salvador,79.9,4,3,0,11,not acept,furnished,417.61,2732.13,112.77,31.25,3293.76
Recife,72.4,3,3,2,11,not acept,furnished,182.75,1868.11,30.67,24.99,2106.52
Recife,46.9,4,4,1,21,acept,not furnished,358.76,2613.52,96.42,15.99,3084.69
Sao Paulo,64.5,1,2,1,1,acept,not furnished,379.01,2330.11,70.17,25.38,2804.67
Salvador,49.0,4,3,1,10,not acept,not furnished,297.06,1873.83,45.81,15.64,2232.34
Curitiba,98.0,2,3,2,29,not acept,not furnished,516.53,2734.21,34.09,23.28,3308.11
Curitiba,126.5,2,3,2,23,acept,furnished,523.82,4589.91,122.44,49.71,5285.88
Sao Paulo,61.8,3,2,2,0,not acept,not furnished,200.44,2265.8,74.2,32.73,2573.17
Curitiba,73.9,3,4,1,12,acept,not furnished,277.42,2224.65,32.72,24.77,2559.56
Recife,97.6,1,2,2,1,not acept,not furnished,189.9,1979.48,91.82,19.86,2281.06
Fortaleza,44.2,5,4,3,13,not acept,not furnished,239.03,1276.94,18.43,14.88,1549.28
Rio de Janeiro,180.6,3,2,1,1,acept,furnished,1614.73,8165.13,352.92,58.57,10191.35
Sao Paulo,97.1,2,1,0,10,not acept,not furnished,634.13,4061.27,167.85,44.57,4907.82
Rio de Janeiro,79.3,2,3,2,15,acept,not furnished,582.38,3323.13,150.83,23.69,4080.03
Salvador,76.8,2,2,1,9,acept,not furnished,422.93,2585.1,36.83,25.88,3070.74
Curitiba,55.8,2,2,2,16,acept,furnished,214.95,1474.75,41.89,16.44,1748.03
Rio de Janeiro,118.2,3,3,0,30,acept,not furnished,622.39,3469.5,78.34,31.9,4202.13
Sao Paulo,56.9,3,4,1,5,not acept,furnished,390.64,2086.83,78.1,23.53,2579.1
Rio de Janeiro,116.1,3,4,1,16,not acept,not furnished,617.03,4360.01,76.23,60.2,5113.47
Rio de Janeiro,36.6,2,2,1,13,not acept,furnished,276.41,1558.66,21.2,8.5,1864.77
Fortaleza,92.8,1,1,2,24,not acept,not furnished,311.92,2459.68,46.12,33.31,2851.03
Curitiba,27.8,5,4,1,8,acept,not furnished,202.12,1871.57,92.97,19.88,2186.54
Rio de Janeiro,63.6,2,3,1,18,acept,furnished,387.99,2862.14,57.82,34.74,3342.69
Belo Horizonte,69.4,2,2,1,20,acept,not furnished,274.42,2501.8,53.7,32.43,2862.35
Sao Paulo,91.9,3,4,2,30,not acept,furnished,349.28,2749.77,106.9,17.95,3223.9
Recife,60.2,3,4,2,2,not acept,not furnished,282.56,1801.11,40.47,9.96,2134.1
Rio de Janeiro,18.0,5,5,1,30,acept,not furnished,61.64,612.52,19.07,6.34,699.57
Rio de Janeiro,20.2,5,6,1,21,not acept,furnished,212.51,1273.11,50.97,11.82,1548.41
Rio de Janeiro,69.3,4,3,1,12,not acept,furnished,925.62,4935.37,115.46,52.57,6029.02
Curitiba,114.6,2,1,1,6,not acept,furnished,514.95,4090.03,99.91,53.39,4758.28
Curitiba,86.9,2,2,3,18,not acept,not furnished,720.89,3660.29,69.3,33.21,4483.69
Curitiba,81.8,3,4,1,2,acept,not furnished,456.13,2803.86,112.14,33.2,3405.33
Sao Paulo,145.9,1,1,1,29,acept,furnished,873.14,5858.31,291.26,54.1,7076.81
Rio de Janeiro,133.8,2,2,0,3,not acept,furnished,493.52,4237.21,52.94,52.96,4836.63
Sao Paulo,79.9,1,1,1,23,acept,not furnished,215.42,2627.88,69.06,37.89,2950.25
Curitiba,25.8,2,2,1,9,not acept,furnished,61.99,478.35,11.35,3.51,555.2
Sao Paulo,184.2,3,4,1,4,acept,not furnished,1386.15,7318.39,177.05,41.45,8923.04
Belo Horizonte,75.3,2,2,1,24,not acept,not furnished,356.11,2017.76,62.49,19.77,2456.13
Salvador,55.4,2,3,1,27,acept,not furnished,360.95,1823.56,66.28,16.9,2267.69
Fortaleza,29.3,4,4,2,0,acept,furnished,251.12,1419.43,42.08,10.44,1723.07
Rio de Janeiro,88.5,3,4,0,30,acept,furnished,628.6,3751.88,151.79,44.25,4576.52
Rio de Janeiro,39.5,4,3,0,11,not acept,not furnished,129.11,1427.84,17.89,8.03,1582.87
Sao Paulo,180.9,2,3,0,0,not acept,not furnished,1308.53,6623.36,278.38,73.94,8284.21
Curitiba,27.3,2,1,2,12,not acept,not furnished,122.26,13737.228262128752,48.15,6.18,1239.34
Salvador,18.0,1,1,0,1,acept,not furnished,138.11,1264.04,42.85,17.62,1462.62
Sao Paulo,101.5,3,3,3,6,acept,furnished,406.67,4869.08,110.98,52.16,5438.89
Rio de Janeiro,67.7,4,3,3,16,not acept,furnished,343.09,2676.53,77.5,28.41,3125.53
Salvador,18.0,2,3,3,9,not acept,not furnished,121.81,650.12,21.98,8.29,802.2
Fortaleza,20.5,4,3,3,5,acept,not furnished,356.67,2069.61,86.62,25.77,2538.67
Sao Paulo,22.3,3,4,0,4,acept,not furnished,307.0,2041.98,84.45,10.53,2443.96
Belo Horizonte,56.1,1,2,2,18,acept,not furnished,281.98,1662.48,39.72,23.14,2007.32
Sao Paulo,162.2,3,4,1,27,not acept,furnished,419.67,4860.88,132.81,52.33,5465.69
Sao Paulo,145.8,3,3,2,0,not acept,not furnished,590.4,5756.45,233.77,76.91,6657.53
Fortaleza,75.9,1,2,1,5,not acept,not furnished,103.77,762.06,20.68,9.37,895.88
Salvador,86.0,2,2,1,19,not acept,not furnished,416.25,2596.93,91.95,13.8,3118.93
Porto Alegre,64.4,3,2,2,30,acept,furnished,328.01,2212.18,109.45,13.74,2663.38
Sao Paulo,35.5,3,2,1,20,acept,not furnished,111.46,7316.04253807476,49.39,7.71,1300.83
Salvador,34.9,2,2,2,0,acept,not furnished,331.02,1853.42,34.7,15.76,2234.9
Rio de Janeiro,98.7,4,3,1,3,not acept,not furnished,230.33,2392.21,63.33,22.08,2707.95
Rio de Janeiro,127.5,2,1,2,9,not acept,not furnished,331.73,3012.24,95.82,37.14,3476.93
Belo Horizonte,18.0,2,1,1,2,not acept,not furnished,103.28,533.39,18.1,4.64,659.41
Sao Paulo,18.0,2,1,1,3,acept,not furnished,195.41,1014.9,22.24,13.5,1246.05
Porto Alegre,43.3,4,5,2,6,not acept,furnished,151.54,1517.63,71.01,14.94,1755.12
Belo Horizonte,53.3,3,2,0,10,not acept,not furnished,251.51,2340.14,108.57,19.83,2720.05
Sao Paulo,41.0,3,4,0,10,not acept,furnished,67.0,426.19,7.06,5.59,505.84
Sao Paulo,71.5,5,4,0,14,not acept,not furnished,593.44,3285.62,155.05,21.24,4055.35
Sao Paulo,126.8,3,3,3,28,not acept,not furnished,630.97,4294.88,119.47,46.88,5092.2
Sao Paulo,94.9,2,2,0,30,not acept,not furnished,365.83,3219.18,88.62,16.96,3690.59
Belo Horizonte,45.5,3,4,0,0,not acept,not furnished,121.07,1060.47,18.36,13.2,1213.1
Salvador,18.0,3,3,1,14,not acept,furnished,95.53,1132.81,15.13,12.58,1256.05
Sao Paulo,166.0,2,3,1,22,acept,not furnished,400.76,4967.84,99.05,65.63,5533.28
Sao Paulo,211.2,2,1,1,0,acept,not furnished,634.74,6654.39,300.8,51.06,7640.99
Belo Horizonte,20.8,3,3,3,29,not acept,not furnished,360.15,1808.34,47.52,23.2,2239.21
Salvador,109.0,2,3,1,28,acept,not furnished,295.5,2853.79,133.51,22.78,3305.58
Rio de Janeiro,81.1,2,3,1,4,acept,furnished,361.87,2480.08,84.29,21.26,2947.5
Rio de Janeiro,107.2,3,2,2,23,not acept,furnished,309.95,3079.99,31.81,44.42,3466.17
Belo Horizonte,86.3,4,3,1,17,not acept,furnished,366.91,1994.59,46.34,19.11,2426.95
Sao Paulo,185.0,1,1,0,0,not acept,not furnished,831.33,5215.02,78.76,53.33,6178.44
Sao Paulo,92.8,2,3,2,7,acept,furnished,531.8,3145.93,125.27,45.18,3848.18
Porto Alegre,50.5,3,2,0,6,acept,not furnished,209.25,1176.11,43.61,17.03,1446.0
Curitiba,139.3,3,3,1,26,acept,not furnished,567.27,3199.04,61.23,26.97,3854.51
Belo Horizonte,86.9,5,6,1,27,acept,furnished,256.1,3166.95,58.09,30.41,3511.55
Porto Alegre,56.5,3,2,0,0,not acept,furnished,320.92,1997.93,92.1,20.6,2431.55
Curitiba,57.2,3,3,1,22,acept,not furnished,343.13,1920.11,28.22,15.52,2306.98
Sao Paulo,110.5,5,5,1,1,not acept,not furnished,356.36,4114.13,46.57,48.55,4565.61
Rio de Janeiro,86.6,1,1,1,24,acept,not furnished,474.11,3294.42,81.21,24.99,3874.73
Sao Paulo,110.6,1,1,3,25,acept,furnished,367.07,3647.47,118.73,23.99,4157.26
Sao Paulo,124.5,3,4,2,0,acept,furnished,463.84,4395.15,205.53,62.96,5127.48
Curitiba,32.5,2,3,0,8,acept,not furnished,152.58,842.7,39.15,4.31,1038.74
Salvador,54.8,1,1,1,10,acept,not furnished,297.11,2197.82,34.25,24.53,2553.71
Recife,45.7,2,2,1,29,not acept,furnished,349.84,3424.86,142.06,40.89,3957.65
Curitiba,102.4,3,2,2,10,acept,not furnished,522.9,3084.37,146.13,38.47,3791.87
Sao Paulo,139.9,4,5,1,6,acept,furnished,964.71,5159.61,223.62,52.3,6400.24
Sao Paulo,154.3,1,2,2,18,not acept,not furnished,773.62,4791.22,127.3,35.87,5728.01
Salvador,41.9,3,2,3,2,acept,furnished,289.21,1518.16,27.8,19.79,1854.96
Belo Horizonte,33.4,2,3,1,18,not acept,furnished,232.49,2032.63,94.77,11.87,2371.76
Belo Horizonte,67.2,3,3,1,12,acept,not furnished,362.21,2745.45,85.88,39.97,3233.51
Porto Alegre,18.0,3,4,2,22,not acept,not furnished,67.33,726.82,14.63,5.91,814.69
Curitiba,63.5,4,4,2,16,acept,not furnished,133.3,1501.1,34.44,8.59,1677.43
Salvador,82.4,1,2,1,3,not acept,not furnished,245.84,1914.89,62.17,11.53,2234.43
Sao Paulo,91.8,3,3,1,28,acept,not furnished,420.86,2600.2,68.25,38.76,3128.07
Porto Alegre,133.2,2,1,1,12,acept,not furnished,752.6,4413.68,51.2,48.92,5266.4
Salvador,83.8,3,3,3,22,not acept,furnished,276.38,2817.32,92.9,31.28,3217.88
Sao Paulo,47.2,4,3,0,15,not acept,not furnished,190.56,1240.26,32.54,16.42,1479.78
Curitiba,69.3,4,5,3,26,acept,not furnished,372.71,2606.46,75.43,25.82,3080.42
Rio de Janeiro,67.4,2,2,1,8,acept,not furnished,331.59,1873.95,75.16,14.08,2294.78
Recife,71.2,4,4,1,18,acept,not furnished,167.42,999.87,11.03,6.5,1184.82
Sao Paulo,90.0,2,3,2,0,not acept,not furnished,560.78,4005.5,50.58,25.2,4642.06
Belo Horizonte,41.2,1,2,0,0,acept,furnished,202.67,1850.0,18.58,23.94,2095.19
Sao Paulo,214.9,4,4,1,25,not acept,not furnished,1508.35,8142.28,219.74,111.64,9982.01
Curitiba,51.6,1,1,2,24,acept,furnished,272.99,2727.99,57.88,36.45,3095.31
Sao Paulo,123.8,1,2,2,9,acept,furnished,648.37,5830.42,153.8,85.62,6718.21
Sao Paulo,46.1,2,2,0,20,not acept,not furnished,281.55,1749.7,57.89,24.03,2113.17
Rio de Janeiro,66.8,2,3,3,25,not acept,furnished,422.35,2945.24,30.43,26.84,3424.86
Fortaleza,58.6,1,2,0,2,acept,furnished,135.62,1465.79,23.95,9.74,1635.1
Sao Paulo,69.4,4,3,1,30,not acept,not furnished,445.5,3224.47,48.71,41.46,3760.14
Sao Paulo,85.9,2,1,0,27,not acept,not furnished,279.46,2968.19,103.43,29.9,3380.98
Porto Alegre,57.2,3,2,0,20,acept,furnished,96.7,1039.01,34.96,8.85,1179.52
Belo Horizonte,110.9,2,2,2,15,acept,not furnished,318.98,34707.01517056389,37.74,15.07,3252.61
Fortaleza,18.0,3,4,2,27,acept,furnished,233.63,2321.9,97.66,30.1,2683.29
Sao Paulo,170.3,3,2,1,22,not acept,furnished,1631.7,8198.97,134.79,112.8,10078.26
Curitiba,46.5,4,4,3,17,acept,not furnished,295.88,1517.81,25.68,16.21,1855.58
Sao Paulo,200.5,5,4,1,27,acept,furnished,1302.83,7805.38,203.79,113.52,9425.52
Sao Paulo,148.9,2,1,2,4,acept,not furnished,981.67,5431.31,126.43,29.52,6568.93
Curitiba,63.3,5,6,0,5,not acept,furnished,448.32,2387.4,116.03,13.79,2965.54
Belo Horizonte,74.4,2,2,1,28,acept,not furnished,284.67,1982.94,91.8,12.29,2371.7
Porto Alegre,89.1,1,2,1,0,acept,furnished,506.77,39701.33502471251,34.46,24.79,3429.27
Rio de Janeiro,18.0,3,2,2,0,acept,furnished,82.99,6153.115296088332,11.32,3.76,538.81
Rio de Janeiro,90.1,2,3,1,24,not acept,not furnished,261.32,3036.72,125.55,33.97,3457.56
Rio de Janeiro,32.6,1,1,3,11,not acept,not furnished,365.6,2068.51,72.75,27.94,2534.8
Recife,51.0,4,3,2,28,acept,not furnished,182.91,2033.46,83.1,12.13,2311.6
Sao Paulo,124.7,3,2,1,7,not acept,not furnished,934.49,4834.45,127.07,49.23,5945.24
Sao Paulo,201.4,1,1,1,7,not acept,not furnished,1020.26,6348.64,162.25,36.14,7567.29
Rio de Janeiro,99.9,3,2,1,29,not acept,not furnished,728.32,3645.24,148.32,22.7,4544.58
Belo Horizonte,89.8,4,4,2,16,not acept,furnished,395.7,3083.58,66.85,39.03,3585.16
Sao Paulo,141.7,4,5,2,18,not acept,not furnished,774.6,4229.45,52.05,44.5,5100.6
Fortaleza,49.2,3,3,1,27,not acept,furnished,593.44,3047.15,138.99,24.14,3803.72
Sao Paulo,38.9,3,2,1,10,not acept,not furnished,220.1,1909.31,91.35,15.55,2236.31
Fortaleza,18.0,3,3,2,5,not acept,not furnished,100.52,548.3,18.89,5.54,673.25
Sao Paulo,139.0,3,2,1,16,not acept,furnished,739.27,39991.45857717906,233.67,54.94,6947.04
Curitiba,73.0,3,2,1,11,not acept,not furnished,229.92,1765.88,66.37,10.34,2072.51
Fortaleza,55.4,3,4,1,3,not acept,not furnished,313.46,1698.39,53.45,14.64,2079.94
Sao Paulo,165.5,3,2,2,1,not acept,furnished,986.62,6817.28,231.86,73.04,8108.8
Recife,82.0,5,5,1,21,not acept,furnished,455.76,3545.19,112.06,47.91,4160.92
Rio de Janeiro,157.6,2,2,2,0,not acept,furnished,730.04,7432.31,108.03,60.75,8331.13
Recife,46.4,1,2,3,15,not acept,not furnished,274.53,2072.59,47.16,15.14,2409.42
Curitiba,88.1,3,4,0,8,not acept,not furnished,573.26,3419.57,36.56,27.76,4057.15
Rio de Janeiro,90.9,2,1,1,2,not acept,furnished,696.7,4280.04,56.0,39.38,5072.12
Sao Paulo,143.7,3,2,2,27,not acept,not furnished,954.2,5487.01,166.44,59.84,6667.49
Rio de Janeiro,143.7,1,1,2,22,acept,furnished,1176.53,6893.78,117.97,92.82,8281.1
Sao Paulo,58.4,3,2,0,23,not acept,not furnished,169.89,1377.87,33.47,8.99,1590.22
Sao Paulo,78.0,4,4,1,12,acept,not furnished,494.03,2735.04,118.92,33.43,3381.42
Sao Paulo,65.7,3,2,1,19,not acept,furnished,300.76,3552.8,47.88,45.36,3946.8
Rio de Janeiro,113.4,2,3,2,0,acept,not furnished,257.3,3084.51,133.48,35.98,3511.27
Porto Alegre,86.1,5,5,0,2,not acept,not furnished,555.51,2852.67,130.61,39.97,3578.76
Sao Paulo,144.6,2,2,1,8,acept,furnished,1304.62,7045.3,160.22,96.24,8606.38
Sao Paulo,99.7,2,1,1,12,not acept,not furnished,412.43,3214.18,90.68,45.94,3763.23
Curitiba,57.1,3,2,1,0,not acept,furnished,444.92,2455.84,65.04,27.48,2993.28
Sao Paulo,18.0,5,5,3,16,acept,not furnished,258.95,1638.84,25.86,8.35,1932.0
Sao Paulo,155.5,1,2,1,5,acept,not furnished,529.34,5272.16,72.54,71.69,5945.73
Sao Paulo,146.2,3,2,1,23,acept,furnished,828.39,,172.19,68.55,7217.32
Fortaleza,31.6,2,2,0,0,not acept,not furnished,96.45,1101.06,35.98,10.42,1243.91
Salvador,65.1,1,1,2,26,acept,furnished,330.04,2745.97,81.11,33.11,3190.23
Rio de Janeiro,105.7,4,3,1,22,not acept,not furnished,461.57,4402.68,163.84,47.6,5075.69
Curitiba,59.7,3,4,1,15,not acept,not furnished,381.88,2138.55,62.1,16.99,2599.52
Belo Horizonte,95.7,3,3,1,22,not acept,not furnished,539.78,3203.75,142.71,44.78,3931.02
Curitiba,88.6,2,2,1,9,not acept,furnished,432.19,4949.01,169.29,37.84,5588.33
Curitiba,73.0,3,3,3,3,not acept,not furnished,351.25,2429.92,46.29,12.92,2840.38
Curitiba,67.2,4,3,3,0,acept,not furnished,487.99,2920.09,131.54,19.17,3558.79
Sao Paulo,195.5,2,2,3,15,acept,not furnished,1057.54,6832.0,303.51,46.37,8239.42
Sao Paulo,52.3,3,3,1,7,acept,furnished,170.7,1973.98,48.96,29.37,2223.01
Rio de Janeiro,133.7,5,4,2,4,acept,furnished,330.04,3183.22,55.92,30.01,3599.19
Fortaleza,67.7,4,5,1,26,not acept,not furnished,294.5,2334.96,96.05,24.79,2750.3
Belo Horizonte,76.1,2,2,1,21,acept,not furnished,190.65,1999.27,24.78,29.05,2243.75
Salvador,18.0,3,2,1,30,acept,not furnished,248.74,2549.15,69.13,22.75,2889.77
Recife,62.4,3,4,0,19,not acept,not furnished,273.31,2162.96,61.4,19.02,2516.69
Sao Paulo,58.7,1,1,0,27,acept,furnished,215.27,1550.16,54.51,8.7,1828.64
Curitiba,141.0,3,4,2,1,not acept,not furnished,400.17,,94.82,48.41,5089.59
Curitiba,133.2,5,4,2,21,not acept,not furnished,569.77,3400.43,82.27,36.3,4088.77
Recife,18.0,4,5,1,0,not acept,not furnished,160.0,1102.21,53.05,12.63,1327.89
Recife,57.1,4,5,1,0,not acept,not furnished,424.47,2172.94,97.6,13.86,2708.87
Curitiba,24.9,1,1,2,26,not acept,not furnished,105.24,925.83,23.4,10.0,1064.47
Sao Paulo,143.0,5,5,1,9,not acept,furnished,620.06,5571.51,271.2,28.82,6491.59
Porto Alegre,33.6,3,4,2,8,not acept,not furnished,160.7,1331.2,16.63,12.79,1521.32
Sao Paulo,69.0,2,1,2,3,not acept,not furnished,547.0,3764.94,83.47,42.53,4437.94
Porto Alegre,26.8,3,3,2,13,acept,furnished,234.71,2012.04,77.32,17.35,2341.42
Fortaleza,27.7,4,4,2,4,not acept,not furnished,239.98,2061.32,70.11,27.01,2398.42
Rio de Janeiro,126.6,1,1,2,15,acept,not furnished,864.25,4719.04,146.36,30.84,5760.49
Curitiba,56.1,4,3,2,19,acept,furnished,173.7,1895.1,77.33,23.37,2169.5
Rio de Janeiro,59.9,4,5,2,19,not acept,not furnished,266.09,1900.95,93.33,13.64,2274.01
Rio de Janeiro,48.9,1,1,1,9,not acept,not furnished,358.37,2101.84,79.62,31.46,2571.29
Rio de Janeiro,86.0,4,4,0,21,acept,not furnished,741.87,3808.03,103.99,44.34,4698.23
Porto Alegre,31.4,4,3,1,6,not acept,not furnished,171.93,12578.047586109262,34.53,5.63,1137.4
Fortaleza,48.6,1,1,3,24,not acept,not furnished,166.75,1581.17,49.24,11.52,1808.68
Recife,56.5,2,2,3,0,not acept,not furnished,261.89,16282.125224264322,68.35,26.05,2292.19
Sao Paulo,141.8,2,1,2,29,not acept,not furnished,733.07,4894.57,180.63,28.16,5836.43
Fortaleza,18.0,2,2,2,12,acept,not furnished,47.6,400.0,19.9,3.54,471.04
Porto Alegre,104.0,3,3,3,8,not acept,not furnished,430.11,3638.76,108.64,21.14,4198.65
Sao Paulo,150.5,2,3,1,18,not acept,not furnished,563.31,5510.43,223.55,58.86,6356.15
Sao Paulo,96.5,5,5,0,26,not acept,not furnished,318.0,3695.57,177.4,21.38,4212.35
Sao Paulo,240.5,5,6,1,9,not acept,not furnished,1428.92,8238.67,154.91,101.62,9924.12
Fortaleza,18.0,2,3,3,0,acept,not furnished,163.92,,31.04,17.03,1437.59
Curitiba,118.8,3,4,1,9,not acept,furnished,865.93,25939.30969038086,151.25,38.66,5746.2
Porto Alegre,92.3,3,4,1,0,not acept,furnished,324.4,3148.47,81.18,23.88,3577.93
Sao Paulo,98.2,3,3,0,3,acept,furnished,399.42,3206.61,125.74,39.43,3771.2
Curitiba,28.6,2,2,1,0,not acept,furnished,229.1,1868.08,31.08,9.81,2138.07
Sao Paulo,165.3,2,1,2,10,acept,furnished,1099.74,7204.73,344.81,48.42,8697.7
Rio de Janeiro,121.9,1,2,1,0,acept,furnished,626.89,4524.21,113.45,24.54,5289.09
Curitiba,52.8,1,1,0,30,not acept,not furnished,449.16,2937.93,136.89,39.51,3563.49
Sao Paulo,72.0,4,5,2,23,acept,not furnished,336.62,2746.48,132.68,33.65,3249.43
Salvador,42.2,2,3,1,11,not acept,not furnished,227.02,1176.39,21.01,16.28,1440.7
Sao Paulo,196.5,1,1,1,24,not acept,not furnished,1139.75,5936.41,193.35,39.05,7308.56
Curitiba,61.9,3,4,3,11,not acept,not furnished,339.94,1960.8,79.35,15.83,2395.92
Rio de Janeiro,123.0,1,1,1,19,acept,furnished,873.03,4376.41,49.75,25.23,5324.42
Belo Horizonte,73.8,1,1,2,25,acept,not furnished,137.56,1309.68,34.17,18.13,1499.54
Sao Paulo,175.3,3,3,0,20,not acept,not furnished,721.27,5467.74,145.32,40.33,6374.66
Sao Paulo,181.1,3,3,1,0,not acept,not furnished,929.39,5966.23,218.48,72.43,7186.53
Fortaleza,22.4,1,2,1,0,acept,not furnished,111.65,880.88,27.19,5.76,1025.48
Sao Paulo,32.0,3,3,1,16,acept,furnished,101.22,942.96,37.03,4.73,1085.94
Salvador,47.0,2,1,1,4,not acept,not furnished,142.53,1673.09,40.85,22.63,1879.1
Recife,64.2,3,4,0,30,acept,not furnished,496.61,2566.88,67.5,36.91,3167.9
Sao Paulo,96.0,3,3,2,0,acept,not furnished,360.26,3346.18,87.94,46.67,3841.05
Sao Paulo,18.0,2,2,1,22,acept,furnished,82.81,606.39,14.02,4.0,707.22
Curitiba,18.0,2,1,2,0,acept,not furnished,33.07,400.0,5.25,5.39,443.71
Recife,75.1,3,4,2,18,acept,not furnished,334.7,2315.74,65.56,26.62,2742.62
Fortaleza,34.6,4,3,0,11,acept,not furnished,213.62,6032.648513608691,52.73,17.39,1467.37
Belo Horizonte,32.3,4,3,1,18,not acept,not furnished,152.85,1132.51,30.6,7.79,1323.75
Porto Alegre,165.2,3,3,0,23,not acept,not furnished,850.52,4490.77,70.67,32.58,5444.54
Sao Paulo,114.5,3,3,2,0,acept,not furnished,411.58,3894.72,86.8,54.73,4447.83
Recife,18.0,3,2,3,15,not acept,not furnished,103.77,994.71,40.12,14.48,1153.08
Recife,45.5,4,5,2,29,not acept,furnished,344.18,2266.86,45.74,20.58,2677.36
Sao Paulo,186.5,4,5,2,4,acept,furnished,1052.3,5937.63,73.4,87.97,7151.3
Sao Paulo,127.7,2,3,1,0,acept,not furnished,354.47,4398.72,53.56,25.28,4832.03
Sao Paulo,37.1,2,1,1,23,acept,furnished,95.49,864.66,29.64,10.24,1000.03
Sao Paulo,41.4,2,3,1,22,acept,not furnished,191.25,1741.39,79.95,22.68,2035.27
Salvador,92.6,2,2,0,10,acept,not furnished,356.35,17163.147839868852,51.41,34.88,2962.32
Rio de Janeiro,63.3,5,4,2,25,acept,furnished,478.57,3106.74,153.84,26.72,3765.87
Sao Paulo,48.6,2,1,1,15,acept,not furnished,368.8,2541.23,47.8,29.83,2987.66
Rio de Janeiro,32.0,2,1,1,13,acept,not furnished,245.67,2247.81,53.6,31.69,2578.77
Recife,70.5,4,5,2,25,not acept,not furnished,404.38,2191.81,62.91,32.75,2691.85
Curitiba,62.6,1,2,0,0,acept,furnished,578.33,3344.51,47.83,47.35,4018.02
Rio de Janeiro,41.3,2,2,2,5,acept,furnished,235.63,1507.62,32.76,18.72,1794.73
Sao Paulo,108.9,2,3,1,12,acept,not furnished,488.04,3915.38,133.35,44.44,4581.21
Recife,76.8,3,4,0,0,not acept,furnished,218.31,1828.87,19.17,22.75,2089.1
Salvador,100.0,2,3,0,30,acept,furnished,404.68,2394.11,70.24,20.03,2889.06
Sao Paulo,207.9,3,4,1,8,acept,not furnished,576.57,6084.14,221.32,74.53,6956.56
Sao Paulo,65.2,2,2,0,29,not acept,furnished,193.03,2296.29,50.36,13.08,2552.76
Sao Paulo,53.1,3,3,1,13,not acept,not furnished,592.93,3022.82,135.56,44.92,3796.23
Sao Paulo,179.6,2,2,3,28,not acept,not furnished,1259.13,6492.81,136.93,82.37,7971.24
Belo Horizonte,24.6,4,5,1,12,not acept,not furnished,222.18,1150.41,53.47,13.02,1439.08
Fortaleza,18.0,2,3,1,24,not acept,furnished,180.73,1240.37,53.74,11.38,1486.22
Rio de Janeiro,116.5,2,1,0,22,not acept,furnished,311.01,3394.98,65.66,19.58,3791.23
Salvador,70.3,3,2,0,29,acept,not furnished,182.07,1300.26,16.28,10.9,1509.51
Rio de Janeiro,135.7,1,2,1,18,not acept,furnished,640.39,5197.69,58.55,69.94,5966.57
Curitiba,87.4,2,1,2,5,not acept,not furnished,455.7,3048.12,125.09,27.1,3656.01
Porto Alegre,99.7,3,3,1,15,not acept,not furnished,581.39,3093.14,100.46,45.03,3820.02
Sao Paulo,28.9,2,2,0,2,not acept,not furnished,109.33,803.6,13.74,8.21,934.88
Rio de Janeiro,119.2,3,3,2,8,not acept,not furnished,779.21,4375.96,72.48,60.49,5288.14
Curitiba,57.1,1,1,0,23,not acept,furnished,419.69,3022.84,75.91,40.78,3559.22
Sao Paulo,18.0,4,4,1,0,not acept,not furnished,256.37,1320.27,17.78,9.81,1604.23
Rio de Janeiro,38.9,5,5,3,18,not acept,not furnished,122.18,894.4,33.67,7.2,1057.45
Belo Horizonte,18.0,2,2,0,20,acept,not furnished,66.14,400.0,19.19,2.8,488.13
Recife,27.2,3,4,2,27,acept,not furnished,154.95,1148.73,30.51,7.57,1341.76
Rio de Janeiro,19.9,2,3,2,22,not acept,not furnished,53.31,415.35,18.6,3.0,490.26
Salvador,46.8,4,4,1,11,not acept,not furnished,143.54,845.13,19.51,10.93,1019.11
Rio de Janeiro,62.9,1,1,3,23,not acept,not furnished,384.11,2267.35,45.06,13.33,2709.85
Porto Alegre,62.1,3,4,1,18,acept,not furnished,212.48,2003.21,46.82,24.82,2287.33
Belo Horizonte,52.4,3,4,1,17,acept,furnished,332.52,2575.33,47.27,19.23,2974.35
Fortaleza,61.9,2,1,0,0,acept,not furnished,149.1,1840.13,35.82,18.42,2043.47
Rio de Janeiro,67.2,2,3,1,15,not acept,not furnished,168.72,2052.3,77.12,11.08,2309.22
Belo Horizonte,104.8,2,2,1,26,not acept,not furnished,308.98,3172.55,141.46,38.29,3661.28
Curitiba,95.8,4,5,1,12,not acept,not furnished,554.5,3232.38,81.59,21.04,3889.51
Rio de Janeiro,35.1,1,1,0,21,acept,not furnished,159.9,1795.77,60.43,23.32,2039.42
Sao Paulo,143.9,3,2,1,27,acept,not furnished,843.97,4375.8,71.71,26.29,5317.77
Sao Paulo,271.5,2,3,0,15,not acept,not furnished,909.9,8814.64,354.89,60.93,10140.36
Sao Paulo,33.0,2,1,0,0,not acept,furnished,334.73,1796.04,24.34,25.55,2180.66
Fortaleza,87.0,3,3,2,0,acept,not furnished,619.99,3194.96,54.76,38.1,3907.81
Sao Paulo,91.8,4,4,2,24,not acept,not furnished,510.13,3885.53,103.75,23.04,4522.45
Sao Paulo,199.1,3,3,2,0,acept,furnished,1111.7,7788.97,114.57,56.97,9072.21
Porto Alegre,18.5,3,3,1,30,not acept,not furnished,158.96,1341.59,61.51,15.71,1577.77
Rio de Janeiro,105.5,3,2,2,1,acept,furnished,747.47,3977.02,118.11,33.69,4876.29
Belo Horizonte,92.3,3,4,1,23,acept,not furnished,402.25,2848.9,61.0,36.78,3348.93
Sao Paulo,84.1,2,3,1,26,not acept,not furnished,657.43,27499.994495855695,51.7,48.83,4081.9
Recife,34.3,4,4,1,7,acept,not furnished,311.06,1584.84,26.6,18.76,1941.26
Salvador,49.0,3,3,2,15,acept,not furnished,330.7,1702.35,66.75,18.64,2118.44
Salvador,44.8,3,2,1,29,acept,furnished,157.5,1283.05,58.07,10.05,1508.67
Rio de Janeiro,58.7,3,2,2,29,not acept,not furnished,237.68,2644.36,94.61,36.43,3013.08
Porto Alegre,53.4,2,2,3,28,not acept,furnished,337.38,2104.75,51.1,12.7,2505.93
Sao Paulo,121.3,2,2,1,6,acept,furnished,888.18,4805.99,98.23,37.9,5830.3
Sao Paulo,180.9,1,2,1,0,not acept,furnished,772.01,6299.74,185.75,58.94,7316.44
Sao Paulo,101.9,3,4,1,1,not acept,not furnished,843.48,4313.88,95.13,26.28,5278.77
Belo Horizonte,33.0,2,3,1,2,acept,not furnished,351.66,1857.8,55.4,12.89,2277.75
Rio de Janeiro,203.9,2,2,1,20,not acept,furnished,1078.84,6935.4,72.47,71.61,8158.32
Belo Horizonte,93.9,4,3,3,24,acept,not furnished,252.43,2685.28,121.64,16.22,3075.57
Sao Paulo,128.8,3,2,1,0,acept,not furnished,795.54,4251.7,142.58,37.23,5227.05
Rio de Janeiro,21.5,1,1,1,27,acept,furnished,88.65,935.7,27.69,13.22,1065.26
Curitiba,46.2,3,3,3,22,not acept,furnished,247.4,1732.99,50.61,16.88,2047.88
Rio de Janeiro,127.8,2,2,1,15,not acept,not furnished,256.03,3110.59,126.29,34.29,3527.2
Porto Alegre,85.1,3,2,2,30,acept,furnished,291.44,2957.29,94.24,20.75,3363.72
Sao Paulo,128.4,3,2,2,6,not acept,furnished,572.5,3877.48,138.2,52.07,4640.25
Salvador,57.4,2,1,0,4,not acept,not furnished,142.52,1777.53,74.45,19.65,2014.15
Belo Horizonte,53.0,1,1,1,8,acept,furnished,251.37,2560.71,113.23,37.45,2962.76
Sao Paulo,71.2,2,3,0,15,not acept,not furnished,411.63,3865.71,124.04,29.33,4430.71
Sao Paulo,36.0,1,2,1,10,not acept,not furnished,86.33,1014.13,33.84,11.15,1145.45
Curitiba,117.5,2,2,3,25,not acept,not furnished,578.53,3868.2,144.62,42.07,4633.42
Salvador,18.0,5,6,0,27,not acept,furnished,238.38,1388.6,40.12,19.27,1686.37
Rio de Janeiro,113.7,2,1,1,29,not acept,furnished,405.15,4794.37,221.15,59.51,5480.18
Sao Paulo,149.4,4,5,3,24,not acept,furnished,721.41,5551.42,176.23,36.91,6485.97
Salvador,62.3,3,2,0,17,acept,furnished,368.85,2541.57,119.38,34.24,3064.04
Curitiba,74.3,3,3,0,18,acept,not furnished,382.9,2683.64,113.09,36.83,3216.46
Rio de Janeiro,44.9,2,2,0,3,acept,not furnished,310.52,2247.04,55.13,23.23,2635.92
Rio de Janeiro,18.0,2,1,2,6,acept,not furnished,36.59,400.0,14.62,3.96,455.17
Sao Paulo,201.3,3,2,2,30,not acept,not furnished,717.92,6534.88,252.75,69.09,7574.64
Curitiba,57.5,4,5,2,6,not acept,not furnished,483.63,2527.71,72.57,13.91,3097.82
Rio de Janeiro,131.8,1,1,2,13,not acept,not furnished,478.91,4696.01,179.66,53.61,5408.19
Recife,61.3,3,3,2,10,acept,not furnished,493.38,2833.95,55.64,16.75,3399.72
Rio de Janeiro,42.3,1,1,2,20,acept,not furnished,202.61,2075.05,44.74,24.32,2346.72
Rio de Janeiro,18.0,3,4,1,8,not acept,not furnished,165.06,976.82,34.92,14.06,1190.86
Belo Horizonte,48.4,3,2,2,20,not acept,not furnished,354.06,2192.89,64.28,25.84,2637.07
Fortaleza,32.9,3,2,1,29,acept,not furnished,79.63,400.0,10.13,3.9,493.66
Salvador,27.1,1,2,1,6,acept,furnished,64.03,650.41,8.24,7.68,730.36
Rio de Janeiro,135.1,2,2,2,10,not acept,furnished,392.41,3469.05,171.23,40.43,4073.12
Curitiba,84.1,3,2,2,9,acept,not furnished,597.15,3296.96,63.03,33.81,3990.95
Belo Horizonte,72.0,5,6,0,7,not acept,not furnished,215.59,1468.14,51.24,19.02,1753.99
Rio de Janeiro,32.0,2,3,0,6,not acept,not furnished,117.89,986.19,41.11,14.08,1159.27
Sao Paulo,95.0,2,3,1,18,acept,furnished,415.18,4233.95,128.37,23.07,4800.57
Rio de Janeiro,110.4,2,3,1,15,acept,furnished,603.45,4107.82,136.24,58.18,4905.69
Sao Paulo,134.9,1,1,0,14,not acept,not furnished,637.62,4623.32,144.5,41.12,5446.56
Fortaleza,55.9,3,4,2,24,not acept,furnished,236.72,28638.056975971514,76.61,14.59,2488.32
Rio de Janeiro,63.2,2,1,0,2,not acept,not furnished,343.68,2210.86,58.93,12.46,2625.93
Recife,18.3,3,3,1,3,not acept,furnished,214.78,1326.52,32.16,17.41,1590.87
Belo Horizonte,49.0,3,4,0,14,acept,furnished,312.5,2132.93,105.38,29.41,2580.22
Curitiba,85.0,3,4,1,9,acept,furnished,401.61,2511.73,62.64,36.54,3012.52
Belo Horizonte,51.1,1,1,1,3,acept,furnished,194.04,1753.35,48.84,19.65,2015.88
Sao Paulo,102.5,4,5,2,20,acept,not furnished,756.54,4012.45,66.14,22.52,4857.65
Rio de Janeiro,114.6,2,1,2,14,not acept,not furnished,285.9,3310.61,142.65,29.91,3769.07
Sao Paulo,122.7,3,3,2,4,acept,furnished,512.21,5099.26,208.8,34.51,5854.78
Curitiba,84.9,3,3,1,6,acept,not furnished,170.15,1594.67,62.63,20.18,1847.63
Rio de Janeiro,30.3,3,2,2,21,not acept,not furnished,433.03,2227.47,99.68,30.88,2791.06
Porto Alegre,75.7,2,1,2,8,acept,furnished,329.37,2878.9,30.93,19.54,3258.74
Sao Paulo,82.1,5,5,2,4,not acept,not furnished,624.29,3254.52,34.88,17.2,3930.89
Sao Paulo,211.9,2,3,1,29,acept,not furnished,983.76,7169.09,351.88,86.21,8590.94
Rio de Janeiro,118.2,4,3,2,0,acept,not furnished,668.71,4024.63,71.16,31.41,4795.91
Fortaleza,79.1,2,1,1,2,acept,furnished,239.68,2114.67,96.2,21.74,2472.29
Curitiba,29.4,2,1,0,21,acept,not furnished,336.86,2049.15,85.62,28.81,2500.44
Rio de Janeiro,138.6,1,1,1,11,acept,furnished,949.08,5145.64,158.46,53.54,6306.72
Belo Horizonte,72.2,1,2,0,22,acept,not furnished,327.97,2197.18,25.75,11.39,2562.29
Sao Paulo,89.9,2,1,1,16,not acept,furnished,650.64,3432.73,62.55,41.56,4187.48
Recife,34.0,1,1,1,0,not acept,not furnished,203.32,1605.18,20.32,23.56,1852.38
Curitiba,71.4,5,5,3,20,not acept,not furnished,538.82,25383.76953967579,143.53,48.93,4220.45
Sao Paulo,247.5,3,4,1,24,not acept,furnished,1112.33,9807.73,295.58,145.64,11361.28
Belo Horizonte,18.0,1,1,0,16,acept,not furnished,48.89,499.82,24.72,2.96,576.39
Sao Paulo,107.7,2,2,2,7,not acept,furnished,374.06,3760.69,118.34,54.44,4307.53
Recife,28.9,3,2,1,0,not acept,not furnished,131.64,987.65,14.34,13.76,1147.39
Sao Paulo,87.6,2,1,1,27,not acept,not furnished,689.44,3581.99,50.22,26.08,4347.73
Curitiba,59.0,4,3,2,21,acept,not furnished,164.62,1423.25,44.06,8.36,1640.29
Sao Paulo,30.9,3,3,2,0,acept,not furnished,68.07,746.15,24.89,10.74,849.85
Curitiba,84.1,3,4,1,25,not acept,not furnished,413.78,3097.51,50.18,23.27,3584.74
Porto Alegre,81.7,3,4,1,0,not acept,not furnished,198.47,2044.52,32.98,23.02,2298.99
Curitiba,33.5,3,4,1,21,acept,furnished,190.05,1806.28,84.18,14.56,2095.07
Belo Horizonte,70.6,2,2,1,20,not acept,furnished,365.71,1930.95,84.54,18.19,2399.39
Fortaleza,43.6,2,1,1,28,not acept,furnished,445.81,2837.33,29.52,31.45,3344.11
Sao Paulo,176.7,1,1,1,3,acept,not furnished,799.26,5611.23,223.67,36.09,6670.25
Rio de Janeiro,165.7,3,2,0,16,not acept,furnished,725.93,6787.03,210.96,51.43,7775.35
Sao Paulo,129.2,3,3,2,15,not acept,not furnished,339.34,3720.33,133.22,26.97,4219.86
Recife,107.8,3,3,2,0,not acept,furnished,486.15,30752.394719046642,29.17,35.47,3068.74
Rio de Janeiro,135.6,2,3,3,18,not acept,furnished,724.39,5020.56,138.05,29.74,5912.74
Porto Alegre,18.0,2,2,1,6,not acept,not furnished,95.8,1002.01,28.99,14.98,1141.78
Curitiba,20.4,2,3,3,8,acept,not furnished,117.0,864.05,13.07,9.28,1003.4
Sao Paulo,156.1,3,3,1,5,acept,not furnished,840.61,5466.92,257.92,66.45,6631.9
Sao Paulo,167.9,4,5,1,0,not acept,not furnished,916.38,5639.11,59.06,69.14,6683.69
Sao Paulo,89.6,3,3,1,3,not acept,furnished,318.45,3501.63,48.14,49.57,3917.79
Rio de Janeiro,114.4,4,4,0,4,acept,not furnished,643.84,3908.15,128.0,26.33,4706.32
Sao Paulo,100.9,5,4,3,16,not acept,not furnished,704.9,4071.23,41.42,59.86,4877.41
Sao Paulo,131.5,3,2,3,2,not acept,not furnished,374.9,3020.64,150.27,25.94,3571.75
Fortaleza,40.8,2,1,1,28,not acept,furnished,470.48,2934.54,32.84,27.28,3465.14
Recife,18.0,2,2,1,5,not acept,not furnished,36.74,400.0,14.09,2.9,453.73
Rio de Janeiro,119.3,2,1,3,19,not acept,furnished,981.07,4923.04,120.42,40.35,6064.88
Rio de Janeiro,136.4,5,4,2,2,acept,not furnished,419.58,4732.49,68.63,29.51,5250.21
Sao Paulo,115.3,2,2,0,24,acept,furnished,455.18,4361.77,194.22,47.65,5058.82
Curitiba,44.8,2,2,1,0,acept,not furnished,302.45,1768.12,56.29,26.02,2152.88
Salvador,65.2,4,3,0,22,not acept,furnished,489.8,2509.36,92.47,35.07,3126.7
Sao Paulo,220.6,2,1,1,10,acept,not furnished,800.11,7235.8,299.94,70.67,8406.52
Sao Paulo,139.9,3,3,1,13,not acept,not furnished,452.85,4931.86,158.23,46.11,5589.05
Porto Alegre,71.9,3,3,0,9,not acept,not furnished,266.01,2743.54,55.12,28.99,3093.66
Belo Horizonte,48.9,4,5,1,11,not acept,not furnished,381.34,2354.14,52.94,25.63,2814.05
Sao Paulo,167.8,4,5,3,0,not acept,not furnished,800.83,,243.99,69.66,6785.47
Curitiba,170.2,4,4,1,0,acept,not furnished,796.47,4282.51,177.49,22.7,5279.17
Rio de Janeiro,125.5,3,3,2,24,acept,not furnished,400.18,4344.98,45.96,29.99,4821.11
Rio de Janeiro,69.0,2,1,2,4,not acept,not furnished,249.63,1780.9,59.04,9.68,2099.25
Porto Alegre,73.0,3,4,2,17,not acept,not furnished,334.45,2178.74,87.44,27.05,2627.68
Salvador,72.0,4,3,0,19,acept,furnished,667.19,3635.68,51.0,33.28,4387.15
Rio de Janeiro,47.1,2,3,1,20,acept,furnished,329.08,2247.07,77.61,11.55,2665.31
Recife,76.6,2,1,1,17,not acept,furnished,268.1,2630.88,75.37,35.52,3009.87
Rio de Janeiro,68.2,2,3,1,18,acept,furnished,373.54,2001.21,37.45,14.26,2426.46
Porto Alegre,18.0,3,3,1,17,not acept,furnished,223.09,1213.18,43.07,8.14,1487.48
Rio de Janeiro,75.4,1,1,1,28,acept,not furnished,559.31,3026.81,66.55,22.85,3675.52
Fortaleza,69.2,3,3,0,19,not acept,furnished,410.98,36328.07647443285,49.18,28.52,3220.7
Fortaleza,76.1,1,1,1,9,not acept,not furnished,554.7,2835.89,79.32,28.71,3498.62
Sao Paulo,126.5,1,2,1,9,acept,furnished,632.99,4315.68,147.0,48.05,5143.72
Fortaleza,73.8,2,1,3,0,acept,furnished,161.63,1651.94,45.09,21.75,1880.41
Salvador,18.0,3,3,3,30,acept,not furnished,282.18,2205.62,102.38,14.17,2604.35
Porto Alegre,104.0,2,3,0,27,acept,furnished,645.0,3603.61,165.78,36.76,4451.15
Sao Paulo,119.3,2,3,2,0,not acept,not furnished,1088.18,5512.4,136.54,78.85,6815.97
Salvador,25.4,4,3,1,26,acept,not furnished,234.12,1302.76,24.04,8.44,1569.36
Salvador,68.2,4,4,2,2,not acept,not furnished,144.49,13862.209262933104,53.79,14.93,1382.37
Sao Paulo,107.2,4,3,2,5,acept,furnished,325.7,4012.38,106.99,55.94,4501.01
Recife,71.3,3,2,0,20,not acept,not furnished,212.65,2097.45,47.04,11.48,2368.62
Sao Paulo,18.0,4,4,2,22,acept,not furnished,33.78,400.0,19.33,3.42,456.53
Sao Paulo,43.9,3,3,2,14,not acept,furnished,244.57,1369.25,40.68,7.56,1662.06
Belo Horizonte,52.9,5,4,1,29,not acept,not furnished,214.88,1840.0,82.74,26.06,2163.68
Belo Horizonte,18.0,1,2,0,13,not acept,not furnished,65.36,400.0,4.15,3.34,472.85
Curitiba,125.8,1,1,1,6,acept,not furnished,440.65,3415.13,41.63,19.89,3917.3
Sao Paulo,118.8,2,2,1,0,acept,not furnished,574.29,5093.95,148.52,29.8,5846.56
Recife,89.0,4,4,2,26,acept,furnished,424.43,2969.11,107.14,35.07,3535.75
Sao Paulo,62.0,3,3,1,10,acept,furnished,614.73,4431.88,129.25,66.23,5242.09
Sao Paulo,145.8,2,3,1,23,not acept,not furnished,986.16,5516.47,159.73,60.53,6722.89
Sao Paulo,127.7,3,4,2,23,acept,not furnished,723.38,4423.1,102.67,22.26,5271.41
Belo Horizonte,97.1,4,3,0,0,not acept,not furnished,408.57,3484.56,98.45,27.75,4019.33
Fortaleza,77.0,4,3,0,25,acept,furnished,344.91,1951.56,84.58,11.55,2392.6
Curitiba,63.2,3,3,1,7,not acept,furnished,307.05,2023.09,81.85,15.28,2427.27
Salvador,27.1,3,2,0,25,not acept,not furnished,199.36,1651.04,31.66,20.52,1902.58
Sao Paulo,122.5,2,3,3,14,acept,not furnished,673.95,3802.09,147.34,34.2,4657.58
Belo Horizonte,124.3,3,3,2,17,acept,not furnished,412.86,3318.34,123.99,24.75,3879.94
Rio de Janeiro,59.1,4,4,2,1,not acept,not furnished,238.12,2757.85,42.32,24.52,3062.81
Rio de Janeiro,54.1,3,3,1,10,not acept,furnished,584.22,3150.0,140.3,27.24,3901.76
Sao Paulo,90.6,3,2,1,30,not acept,not furnished,454.58,3408.7,42.29,24.85,3930.42
Curitiba,42.4,1,1,0,28,not acept,not furnished,359.39,3027.49,30.84,18.58,3436.3
Belo Horizonte,26.6,1,1,1,30,not acept,furnished,326.89,1723.85,72.78,22.61,2146.13
Porto Alegre,63.7,1,2,1,14,acept,not furnished,331.66,3009.06,108.09,35.05,3483.86
Rio de Janeiro,98.6,3,3,1,24,acept,not furnished,695.32,3539.99,62.3,27.29,4324.9
Sao Paulo,174.1,3,2,2,12,not acept,not furnished,473.64,5677.48,221.28,32.14,6404.54
Curitiba,58.1,4,4,3,29,acept,not furnished,388.28,2421.24,109.37,29.31,2948.2
Sao Paulo,18.2,3,2,0,30,acept,not furnished,40.6,465.78,7.94,3.31,517.63
Fortaleza,24.8,2,3,2,26,acept,furnished,193.61,13901.884020966323,49.83,24.49,2397.71
Belo Horizonte,33.3,2,3,0,18,not acept,not furnished,193.28,989.68,42.42,9.2,1234.58
Sao Paulo,106.2,4,4,1,30,acept,not furnished,839.94,4410.46,178.57,35.6,5464.57
Recife,18.0,3,4,1,30,acept,furnished,248.91,1373.22,47.03,10.06,1679.22
Belo Horizonte,69.4,3,3,3,13,acept,not furnished,539.25,3339.54,85.45,24.36,3988.6
Sao Paulo,135.8,3,4,2,7,not acept,not furnished,649.59,4776.07,127.14,28.76,5581.56
Curitiba,86.7,1,2,1,3,not acept,not furnished,579.26,3589.59,97.98,51.7,4318.53
Sao Paulo,77.8,1,1,0,20,acept,not furnished,574.32,3910.25,183.69,32.09,4700.35
Salvador,23.4,2,1,2,0,acept,not furnished,72.91,400.0,12.35,5.88,491.14
Salvador,18.0,2,2,1,23,not acept,not furnished,78.05,461.23,14.03,3.92,557.23
Recife,84.3,3,3,1,0,acept,not furnished,392.67,2428.13,59.87,36.24,2916.91
Belo Horizonte,18.0,3,2,2,6,not acept,furnished,188.21,1823.91,64.85,18.11,2095.08
Rio de Janeiro,140.1,5,6,1,14,acept,not furnished,630.61,3964.24,127.44,21.85,4744.14
Porto Alegre,25.0,4,4,0,0,not acept,not furnished,198.86,1437.1,51.99,12.32,1700.27
Sao Paulo,93.0,3,4,1,0,not acept,not furnished,494.97,2855.18,136.05,38.26,3524.46
Belo Horizonte,66.8,3,2,1,13,not acept,not furnished,431.35,3205.67,135.3,21.9,3794.22
Belo Horizonte,68.3,3,4,1,27,acept,not furnished,105.02,5036.318895170094,9.4,7.57,873.54
Sao Paulo,104.5,1,2,2,11,acept,not furnished,451.86,3480.82,171.72,47.12,4151.52
Rio de Janeiro,71.6,5,5,1,4,not acept,not furnished,428.32,2162.1,42.74,29.85,2663.01
Salvador,78.0,3,4,1,11,not acept,not furnished,381.15,2520.05,90.05,20.1,3011.35
Salvador,82.2,4,3,0,21,acept,not furnished,588.11,3105.64,108.16,15.64,3817.55
Sao Paulo,99.7,5,6,2,0,acept,not furnished,614.19,3326.81,39.24,32.87,4013.11
Sao Paulo,137.0,3,2,1,0,not acept,not furnished,789.82,4636.93,229.36,59.84,5715.95
Sao Paulo,48.8,1,1,1,13,not acept,not furnished,209.13,1488.05,40.51,10.72,1748.41
Fortaleza,26.6,3,3,1,20,acept,not furnished,193.51,1338.08,56.78,8.78,1597.15
Sao Paulo,91.0,3,2,3,18,not acept,furnished,908.67,4729.87,119.84,42.49,5800.87
Curitiba,18.0,3,2,1,18,acept,furnished,147.1,1366.03,34.08,10.83,1558.04
Sao Paulo,209.5,1,1,1,3,not acept,furnished,1375.05,7900.09,289.3,59.01,9623.45
Curitiba,49.0,3,3,0,15,acept,furnished,278.02,2403.12,56.82,32.39,2770.35
Rio de Janeiro,18.0,4,4,2,10,acept,not furnished,34.8,400.0,10.88,2.57,448.25
Porto Alegre,93.4,5,4,1,1,not acept,not furnished,332.29,2608.49,75.66,14.93,3031.37
Sao Paulo,144.8,2,2,2,1,acept,furnished,754.25,5285.99,144.09,33.79,6218.12
Curitiba,96.4,4,3,1,19,acept,not furnished,345.34,3603.87,80.58,35.83,4065.62
Sao Paulo,156.7,1,1,0,29,not acept,not furnished,976.11,5753.34,240.21,82.5,7052.16
Curitiba,20.4,4,3,1,1,not acept,not furnished,239.89,1418.86,59.71,9.17,1727.63
Fortaleza,37.6,2,2,2,14,not acept,not furnished,143.34,854.85,35.13,12.04,1045.36
Sao Paulo,49.7,5,4,1,5,not acept,not furnished,291.92,2463.06,26.63,34.15,2815.76
Salvador,73.3,3,2,0,7,not acept,not furnished,326.32,2335.3,71.72,21.82,2755.16
Belo Horizonte,95.0,2,2,0,5,not acept,furnished,323.12,3203.4,135.58,46.21,3708.31
Sao Paulo,71.4,2,2,2,15,not acept,furnished,385.05,2904.82,29.82,26.69,3346.38
Rio de Janeiro,78.4,2,1,1,0,acept,furnished,699.27,3592.7,70.15,25.79,4387.91
Sao Paulo,38.1,3,2,1,22,acept,furnished,230.47,1981.7,61.74,26.05,2299.96
Curitiba,115.6,4,3,1,17,acept,furnished,413.03,4809.9,120.99,49.64,5393.56
Porto Alegre,77.7,3,3,1,10,not acept,not furnished,358.09,3047.94,126.5,31.54,3564.07
Sao Paulo,172.3,4,4,1,4,not acept,furnished,1133.53,40747.34235289192,202.43,68.77,7694.64
Belo Horizonte,92.3,3,4,0,15,not acept,not furnished,558.39,2957.33,112.18,15.37,3643.27
Salvador,88.5,5,5,1,29,acept,not furnished,229.89,2833.02,31.74,16.77,3111.42
Fortaleza,47.6,3,2,1,21,not acept,not furnished,385.31,2799.47,43.31,14.55,3242.64
Belo Horizonte,74.6,2,2,3,6,not acept,furnished,528.59,2727.88,82.67,26.92,3366.06
Recife,40.9,3,3,1,22,not acept,not furnished,97.53,1025.71,44.06,9.25,1176.55
Belo Horizonte,18.0,2,3,0,14,acept,not furnished,66.42,5532.269293912525,9.67,11.11,846.13
Rio de Janeiro,42.6,5,6,3,0,not acept,not furnished,68.39,400.0,4.31,4.87,477.57
Salvador,89.8,2,1,3,18,not acept,furnished,270.69,1726.27,62.0,21.42,2080.38
Rio de Janeiro,134.8,2,3,0,5,acept,furnished,913.7,5486.31,154.94,42.96,6597.91
Rio de Janeiro,45.4,2,1,2,11,acept,not furnished,261.35,2320.66,50.72,26.52,2659.25
Rio de Janeiro,112.4,3,2,2,13,not acept,not furnished,511.61,3984.46,63.27,25.1,4584.44
Salvador,18.0,1,1,1,24,acept,not furnished,118.41,795.55,17.31,7.79,939.06
Salvador,67.3,5,4,0,17,acept,not furnished,185.21,1080.97,22.22,13.18,1301.58
Rio de Janeiro,190.4,2,3,2,9,not acept,not furnished,770.93,6519.92,79.06,86.34,7456.25
Rio de Janeiro,91.1,2,1,0,19,acept,furnished,507.61,3945.44,134.24,51.15,4638.44
Rio de Janeiro,78.9,1,1,1,4,acept,not furnished,259.62,1798.27,79.48,11.37,2148.74
Belo Horizonte,90.3,2,2,1,25,not acept,furnished,360.85,4468.54,174.62,39.14,5043.15
Sao Paulo,95.3,2,1,1,4,not acept,not furnished,663.13,3650.89,126.68,30.58,4471.28
Porto Alegre,70.7,2,2,2,16,not acept,furnished,273.57,1766.32,38.83,18.33,2097.05
Rio de Janeiro,44.5,2,3,2,4,not acept,not furnished,110.75,1232.06,38.29,10.27,1391.37
Rio de Janeiro,119.8,1,1,3,8,acept,furnished,600.37,4904.5,102.76,47.53,5655.16
Sao Paulo,157.5,2,3,1,11,acept,not furnished,548.82,5407.52,86.78,43.76,6086.88
Sao Paulo,140.7,3,4,1,9,acept,furnished,573.86,6769.77,93.24,51.82,7488.69
Recife,40.0,2,2,1,28,acept,not furnished,169.99,1448.88,19.33,9.62,1647.82
Rio de Janeiro,18.0,2,3,1,5,not acept,furnished,84.15,455.47,13.0,3.92,556.54
Sao Paulo,85.7,2,3,2,3,not acept,not furnished,205.72,2335.52,90.67,17.56,2649.47
Rio de Janeiro,44.8,3,4,1,14,acept,furnished,485.37,2619.7,75.29,21.02,3201.38
Rio de Janeiro,94.1,2,2,2,29,not acept,not furnished,469.99,4426.23,149.15,37.15,5082.52
Sao Paulo,18.0,3,4,0,14,not acept,not furnished,77.86,400.0,13.06,2.38,493.3
Rio de Janeiro,18.0,5,4,1,29,acept,not furnished,109.39,1028.44,22.87,6.63,1167.33
Belo Horizonte,92.3,1,1,0,4,not acept,not furnished,478.01,2616.09,122.5,18.39,3234.99
Belo Horizonte,102.5,2,1,3,0,not acept,not furnished,534.23,2809.98,110.8,30.03,3485.04
Rio de Janeiro,102.0,2,2,2,7,not acept,not furnished,965.03,5061.7,196.88,46.81,6270.42
Rio de Janeiro,100.1,2,1,0,18,not acept,not furnished,367.6,3875.62,117.38,20.06,4380.66
Recife,44.4,1,2,1,17,not acept,furnished,222.44,1385.68,24.37,20.35,1652.84
Rio de Janeiro,18.0,3,2,0,5,not acept,not furnished,108.1,604.56,16.44,5.27,734.37
Sao Paulo,150.9,4,3,2,19,acept,not furnished,831.54,4940.43,93.69,47.19,5912.85
Sao Paulo,98.0,1,1,0,25,acept,furnished,600.23,4387.09,77.09,31.83,5096.24
Rio de Janeiro,136.9,2,2,2,20,acept,not furnished,832.78,4315.74,60.6,38.31,5247.43
Porto Alegre,35.7,3,4,0,21,not acept,furnished,239.59,2358.67,48.85,21.42,2668.53
Sao Paulo,103.5,2,3,1,7,not acept,furnished,658.64,3554.23,131.41,31.88,4376.16
Curitiba,97.1,1,1,1,15,not acept,furnished,461.83,4239.65,173.73,24.17,4899.38
Sao Paulo,92.5,3,2,1,0,acept,not furnished,449.2,3350.59,158.8,45.87,4004.46
Rio de Janeiro,91.6,1,1,0,9,not acept,not furnished,489.49,3612.34,107.7,18.98,4228.51
Porto Alegre,35.3,4,3,1,24,not acept,not furnished,45.89,400.0,14.5,4.65,465.04
Rio de Janeiro,156.1,1,1,1,24,acept,furnished,834.85,7317.18,349.63,50.22,8551.88
Belo Horizonte,29.8,3,2,3,29,not acept,not furnished,142.3,12222.61480105236,42.04,16.66,1341.01
Sao Paulo,118.8,3,3,1,29,not acept,not furnished,282.38,3462.49,133.08,26.93,3904.88
Porto Alegre,42.6,2,1,0,30,acept,furnished,239.85,2199.73,90.68,18.11,2548.37
Sao Paulo,58.1,1,1,0,2,acept,not furnished,277.02,1426.86,28.2,14.87,1746.95
Salvador,85.5,2,1,0,1,not acept,furnished,444.32,2671.87,109.32,28.8,3254.31
Sao Paulo,95.5,4,4,1,26,not acept,not furnished,274.36,2057.26,93.97,21.52,2447.11
Fortaleza,25.6,3,3,1,10,not acept,not furnished,32.05,400.0,5.06,2.66,439.77
Rio de Janeiro,18.0,2,3,0,9,not acept,not furnished,65.99,400.0,18.52,3.6,488.11
Porto Alegre,111.7,3,3,0,15,not acept,not furnished,462.94,3326.87,73.5,24.35,3887.66
Rio de Janeiro,57.6,3,4,1,12,acept,not furnished,377.94,31327.600731724953,105.7,13.78,2878.09
Fortaleza,58.0,5,6,2,5,not acept,not furnished,212.68,,20.06,12.47,1915.65
Sao Paulo,163.8,2,1,1,25,not acept,furnished,551.16,6881.53,323.17,77.08,7832.94
Sao Paulo,28.8,4,5,0,27,acept,furnished,163.9,1092.4,24.81,9.67,1290.78
Rio de Janeiro,45.8,2,1,0,22,acept,not furnished,438.92,2513.85,102.85,35.28,3090.9
Sao Paulo,119.6,4,4,2,0,acept,furnished,560.44,5287.4,71.51,59.3,5978.65
Sao Paulo,106.4,1,1,0,1,not acept,not furnished,694.2,4351.72,184.39,37.81,5268.12
Recife,32.2,2,3,0,9,acept,not furnished,250.52,2050.43,49.31,29.89,2380.15
Recife,26.7,4,3,1,16,acept,not furnished,198.7,1104.03,50.39,15.16,1368.28
Rio de Janeiro,181.8,4,5,1,17,not acept,not furnished,770.44,5812.73,177.97,54.22,6815.36
Fortaleza,95.6,2,3,1,0,acept,not furnished,206.03,2354.03,109.05,30.27,2699.38
Belo Horizonte,153.5,3,3,2,29,not acept,furnished,937.85,6535.19,200.86,76.49,7750.39
Sao Paulo,201.9,2,3,0,15,acept,not furnished,972.05,6356.72,284.87,62.23,7675.87
Curitiba,129.7,1,1,1,12,not acept,not furnished,390.11,3296.03,100.05,36.24,3822.43
Curitiba,43.8,1,1,1,4,acept,not furnished,167.97,1880.69,51.51,20.04,2120.21
Recife,51.5,1,1,0,29,not acept,not furnished,328.87,1930.23,77.92,14.12,2351.14
Sao Paulo,156.2,3,4,0,12,not acept,furnished,689.02,4754.95,115.75,33.32,5593.04
Curitiba,46.0,2,3,1,1,not acept,not furnished,191.6,1821.85,72.25,20.91,2106.61
Sao Paulo,113.0,1,2,2,18,acept,not furnished,421.61,4113.76,114.19,35.3,4684.86
Sao Paulo,18.0,4,3,1,9,not acept,not furnished,58.21,400.0,6.99,2.19,467.39
Sao Paulo,172.7,1,2,1,24,not acept,furnished,626.21,5345.07,262.09,67.23,6300.6
Recife,18.0,3,2,0,15,acept,not furnished,141.55,868.67,18.18,6.78,1035.18
Salvador,18.0,4,5,2,1,not acept,furnished,246.28,2021.15,49.3,27.57,2344.3
Porto Alegre,18.0,2,3,0,22,acept,not furnished,221.3,1621.78,50.42,9.1,1902.6
Belo Horizonte,79.8,2,2,2,7,not acept,not furnished,290.45,3332.16,140.12,34.75,3797.48
Rio de Janeiro,184.5,3,3,1,11,not acept,not furnished,768.49,5679.25,160.5,39.17,6647.41
Sao Paulo,53.9,3,2,0,23,acept,furnished,252.68,3111.25,61.08,28.83,3453.84
Sao Paulo,96.5,3,4,1,1,not acept,not furnished,425.52,3451.62,129.12,30.17,4036.43
Rio de Janeiro,90.7,3,2,2,30,acept,not furnished,436.0,3719.22,152.92,35.86,4344.0
Porto Alegre,80.6,4,4,2,21,not acept,not furnished,449.82,2634.44,111.29,28.85,3224.4
Belo Horizonte,37.0,1,1,1,4,acept,furnished,349.5,2029.01,63.87,19.5,2461.88
Sao Paulo,82.7,3,3,2,0,not acept,not furnished,451.6,3467.21,130.09,40.0,4088.9
Sao Paulo,113.3,2,2,1,15,acept,furnished,851.26,4318.83,102.74,30.96,5303.79
Sao Paulo,157.4,2,1,3,10,not acept,not furnished,469.86,4271.07,67.51,40.79,4849.23
Rio de Janeiro,105.8,1,2,1,0,not acept,furnished,366.31,3667.07,58.98,20.62,4112.98
Fortaleza,45.5,2,1,0,17,not acept,not furnished,312.91,1760.71,20.63,18.07,2112.32
Curitiba,61.1,4,5,1,7,acept,furnished,350.78,2484.02,48.1,22.86,2905.76
Salvador,38.2,1,1,3,8,not acept,furnished,237.17,2292.84,83.41,26.39,2639.81
Rio de Janeiro,41.7,2,1,0,3,not acept,not furnished,120.19,1001.99,46.44,6.87,1175.49
Rio de Janeiro,144.8,2,3,2,2,not acept,not furnished,415.42,4547.19,189.7,34.85,5187.16
Sao Paulo,131.9,1,2,0,2,not acept,not furnished,667.1,4078.95,165.84,48.36,4960.25
Fortaleza,75.7,3,3,2,27,acept,furnished,333.66,2389.84,110.83,20.34,2854.67
Porto Alegre,18.0,3,4,1,15,acept,not furnished,187.5,1269.39,24.27,17.72,1498.88
Sao Paulo,88.2,4,5,2,13,not acept,not furnished,275.71,3100.58,38.32,20.47,3435.08
Belo Horizonte,18.0,3,2,0,21,acept,not furnished,308.54,1882.27,50.44,22.66,2263.91
Rio de Janeiro,159.7,3,3,1,8,not acept,not furnished,666.49,5782.54,144.94,37.16,6631.13
Curitiba,95.5,2,2,1,25,acept,furnished,257.93,2600.06,88.13,22.23,2968.35
Recife,18.0,3,4,0,4,not acept,furnished,57.43,438.5,12.85,2.76,511.54
Belo Horizonte,43.3,2,3,0,24,not acept,furnished,344.37,1886.46,75.33,18.39,2324.55
Belo Horizonte,84.5,5,5,0,0,not acept,not furnished,242.17,1943.86,81.36,23.11,2290.5
Sao Paulo,162.4,5,5,1,2,not acept,furnished,534.76,5744.97,190.06,41.4,6511.19
Sao Paulo,83.0,4,4,0,27,acept,not furnished,750.01,3884.82,71.15,57.98,4763.96
Sao Paulo,18.0,2,3,3,1,not acept,not furnished,62.68,400.0,18.06,3.18,483.92
Sao Paulo,127.7,2,3,2,5,acept,furnished,550.51,4737.99,97.47,54.13,5440.1
Porto Alegre,44.7,4,4,1,0,not acept,not furnished,273.12,1821.36,73.98,15.12,2183.58
Porto Alegre,89.5,3,3,1,17,acept,furnished,389.07,4283.08,129.87,33.85,4835.87
Sao Paulo,156.3,3,4,3,8,acept,not furnished,808.0,5470.08,176.51,41.2,6495.79
Salvador,73.7,2,3,1,18,not acept,not furnished,312.83,1754.3,28.85,16.74,2112.72
Sao Paulo,179.0,4,5,1,0,acept,furnished,655.1,,222.59,96.4,7755.32
Rio de Janeiro,133.0,3,2,2,10,acept,not furnished,792.46,4398.8,190.86,41.35,5423.47
Sao Paulo,113.0,2,2,1,10,acept,not furnished,558.08,3813.39,104.8,47.16,4523.43
Rio de Janeiro,55.8,4,3,2,15,not acept,furnished,238.82,2316.75,53.15,21.22,2629.94
Sao Paulo,96.7,2,1,1,7,not acept,not furnished,290.24,2754.86,57.19,31.98,3134.27
Rio de Janeiro,61.4,3,4,1,30,not acept,not furnished,568.56,3057.2,88.31,23.12,3737.19
Rio de Janeiro,18.0,3,3,1,8,not acept,not furnished,289.92,2114.84,42.0,29.69,2476.45
Recife,39.2,3,4,0,20,acept,not furnished,153.13,1343.97,37.02,19.78,1553.9
Sao Paulo,141.2,1,2,2,9,acept,not furnished,392.1,3554.96,106.25,41.02,4094.33
Sao Paulo,148.7,3,4,1,15,not acept,not furnished,618.93,4834.83,81.37,29.41,5564.54
Sao Paulo,18.0,3,4,0,5,acept,not furnished,145.96,842.12,37.24,5.36,1030.68
Curitiba,36.1,3,3,2,3,acept,not furnished,150.88,1813.34,70.4,20.61,2055.23
Sao Paulo,31.3,4,4,2,30,acept,not furnished,219.32,2360.21,100.78,12.65,2692.96
Salvador,41.6,2,3,1,15,acept,furnished,118.93,891.76,39.71,5.68,1056.08
Belo Horizonte,46.2,4,3,1,13,acept,not furnished,372.45,1971.38,59.89,21.07,2424.79
Belo Horizonte,83.2,2,3,1,19,acept,furnished,481.48,2588.14,117.4,34.84,3221.86
Belo Horizonte,70.9,3,2,0,5,acept,not furnished,365.53,2103.79,71.13,15.92,2556.37
Sao Paulo,52.7,1,1,2,25,not acept,not furnished,449.44,2276.11,110.18,25.57,2861.3
Sao Paulo,164.6,2,3,3,5,acept,not furnished,412.25,4437.16,120.61,36.42,5006.44
Rio de Janeiro,164.4,3,3,1,15,not acept,furnished,1065.35,5727.28,235.51,56.12,7084.26
Belo Horizonte,91.9,1,2,1,1,not acept,not furnished,184.27,2236.29,53.7,11.89,2486.15
Sao Paulo,103.6,5,5,2,16,acept,not furnished,678.95,5230.42,79.03,70.17,6058.57
Sao Paulo,61.1,2,1,1,13,acept,not furnished,203.73,1902.92,84.73,27.7,2219.08
Recife,18.0,4,4,1,7,acept,not furnished,51.07,413.38,15.69,3.4,483.54
Sao Paulo,67.5,3,3,0,7,acept,not furnished,500.13,2540.33,84.61,34.02,3159.09
Salvador,39.5,3,3,2,0,not acept,not furnished,189.31,1584.43,76.1,9.62,1859.46
Porto Alegre,71.9,1,2,2,0,not acept,furnished,504.42,3242.88,134.72,46.99,3929.01
Sao Paulo,61.8,2,1,0,17,not acept,not furnished,505.32,3107.67,40.06,46.31,3699.36
Sao Paulo,147.8,2,1,2,21,acept,not furnished,823.7,5643.82,66.14,29.26,6562.92
Sao Paulo,56.9,3,3,1,15,not acept,furnished,177.56,1952.93,64.61,12.52,2207.62
Curitiba,33.3,3,2,2,0,not acept,furnished,296.48,1622.57,45.83,16.76,1981.64
Curitiba,66.6,3,3,2,29,not acept,not furnished,446.39,2558.46,30.82,27.16,3062.83
Porto Alegre,111.8,4,4,2,21,acept,not furnished,673.8,3964.87,55.19,43.1,4736.96
Fortaleza,19.2,3,3,2,5,not acept,not furnished,384.66,2032.49,48.1,11.71,2476.96
Curitiba,19.4,2,2,1,20,not acept,not furnished,175.15,1439.35,39.01,19.34,1672.85
Sao Paulo,67.8,2,3,1,1,not acept,not furnished,310.5,2082.12,80.95,28.32,2501.89
Sao Paulo,168.7,4,4,1,23,acept,furnished,1108.52,6371.06,259.35,82.44,7821.37
Salvador,34.0,1,1,1,13,acept,furnished,248.66,26517.29186565925,58.44,22.82,2194.89
Sao Paulo,207.3,3,4,1,11,not acept,not furnished,1135.15,5804.48,92.05,30.23,7061.91
Sao Paulo,134.3,1,1,2,0,acept,not furnished,735.21,4043.1,97.92,53.8,4930.03
Curitiba,90.6,2,3,1,19,acept,not furnished,379.79,2643.37,111.82,13.41,3148.39
Rio de Janeiro,31.8,3,3,2,25,not acept,not furnished,141.95,1453.18,67.61,9.76,1672.5
Fortaleza,77.9,3,4,0,7,acept,furnished,294.58,2097.56,46.51,13.11,2451.76
Curitiba,18.0,3,2,3,0,acept,not furnished,155.35,1481.87,18.13,18.03,1673.38
Sao Paulo,103.1,3,4,1,23,not acept,not furnished,373.89,2903.12,61.14,19.41,3357.56
Recife,18.0,2,3,2,18,not acept,furnished,75.69,676.58,28.99,7.55,788.81
Sao Paulo,114.3,2,2,3,23,not acept,furnished,840.26,4732.44,122.67,30.15,5725.52
Rio de Janeiro,92.3,3,3,2,15,acept,furnished,493.81,4443.63,68.11,52.67,5058.22
Rio de Janeiro,101.4,3,4,1,13,not acept,not furnished,409.53,2712.53,101.67,37.96,3261.69
Sao Paulo,76.8,1,1,2,4,not acept,not furnished,142.57,1652.79,71.52,21.03,1887.91
Rio de Janeiro,62.7,3,3,2,0,acept,furnished,335.42,1967.61,69.47,15.6,2388.1
Sao Paulo,66.5,3,4,2,13,not acept,not furnished,418.83,3128.67,128.97,38.26,3714.73
Rio de Janeiro,81.0,1,1,1,26,not acept,furnished,385.57,2967.85,130.08,44.36,3527.86
Rio de Janeiro,113.5,3,3,1,0,acept,not furnished,421.78,3189.72,66.91,37.32,3715.73
Porto Alegre,68.4,3,4,1,30,not acept,not furnished,533.08,3220.38,121.29,20.2,3894.95
Salvador,18.0,2,3,1,29,not acept,furnished,124.31,943.61,40.32,10.02,1118.26
Sao Paulo,84.4,3,4,2,19,acept,not furnished,367.56,2181.45,22.9,19.93,2591.84
Rio de Janeiro,104.5,3,2,1,28,acept,furnished,526.59,4621.05,196.54,32.04,5376.22
Rio de Janeiro,119.0,4,3,1,16,not acept,furnished,751.18,3846.95,147.11,26.26,4771.5
Sao Paulo,211.9,3,2,1,11,not acept,not furnished,1021.91,7234.42,232.62,94.35,8583.3
Porto Alegre,18.0,2,2,0,16,acept,not furnished,60.01,400.0,4.06,2.63,466.7
Curitiba,96.9,1,2,1,26,acept,not furnished,528.57,3234.75,44.19,46.94,3854.45
Sao Paulo,153.1,4,5,1,29,acept,not furnished,766.97,5107.73,123.47,73.31,6071.48
Rio de Janeiro,20.8,4,3,3,25,not acept,not furnished,199.09,1348.03,23.29,18.76,1589.17
Sao Paulo,113.4,2,2,1,3,acept,not furnished,258.69,3221.93,55.18,22.03,3557.83
Curitiba,52.9,1,1,1,17,not acept,furnished,221.9,1641.9,36.28,14.61,1914.69
Sao Paulo,155.9,3,4,1,12,not acept,not furnished,799.85,4346.65,44.84,42.84,5234.18
Recife,18.0,3,2,0,13,not acept,not furnished,318.73,1669.99,24.38,20.12,2033.22
Porto Alegre,115.6,2,3,2,11,acept,not furnished,292.18,2549.84,68.84,19.8,2930.66
Rio de Janeiro,106.2,3,2,2,0,not acept,not furnished,704.29,4268.58,156.95,27.3,5157.12
Belo Horizonte,18.0,2,1,2,25,not acept,not furnished,206.13,1126.25,32.26,12.68,1377.32
Fortaleza,79.2,2,3,1,30,acept,not furnished,398.82,3002.32,147.78,31.44,3580.36
Belo Horizonte,39.8,2,1,2,4,acept,not furnished,228.16,1503.62,16.97,15.18,1763.93
Sao Paulo,123.6,3,2,1,18,acept,furnished,545.69,3480.37,130.79,19.62,4176.47
Rio de Janeiro,71.6,4,3,1,15,not acept,furnished,379.57,1957.77,70.19,20.66,2428.19
Salvador,78.2,3,2,3,27,acept,not furnished,260.74,1891.57,70.63,13.61,2236.55
Curitiba,112.6,2,2,2,21,not acept,not furnished,673.22,3882.62,103.53,35.49,4694.86
Curitiba,58.0,4,3,1,22,not acept,not furnished,203.32,23373.390479377646,50.04,16.87,2255.17
Salvador,18.0,1,1,1,29,acept,not furnished,259.84,1728.92,77.34,18.46,2084.56
Fortaleza,81.7,3,2,1,19,acept,not furnished,361.87,2686.74,43.8,23.12,3115.53
Fortaleza,18.0,3,4,0,12,not acept,furnished,98.18,912.78,20.25,9.25,1040.46
Sao Paulo,26.8,2,2,3,0,acept,not furnished,32.65,400.0,6.41,5.49,444.55
Belo Horizonte,35.0,2,1,0,27,not acept,not furnished,232.88,1542.92,23.32,19.83,1818.95
Porto Alegre,58.7,4,3,2,17,not acept,not furnished,427.69,2414.93,62.77,33.55,2938.94
Porto Alegre,72.3,3,4,3,20,not acept,not furnished,435.88,2464.55,115.26,31.53,3047.22
Belo Horizonte,26.4,1,1,2,14,not acept,not furnished,256.57,2024.28,93.84,18.4,2393.09
Sao Paulo,78.5,4,4,3,10,not acept,furnished,264.3,2598.81,94.88,28.51,2986.5
Porto Alegre,64.7,2,2,0,14,acept,not furnished,274.4,1420.28,42.53,16.29,1753.5
Porto Alegre,127.3,2,1,1,0,acept,not furnished,502.52,3994.44,132.43,44.15,4673.54
Sao Paulo,199.8,3,3,1,24,not acept,not furnished,789.7,6487.1,232.52,73.79,7583.11
Rio de Janeiro,72.5,3,4,2,2,not acept,not furnished,368.86,2398.61,71.9,27.21,2866.58
Sao Paulo,201.6,2,3,2,8,acept,not furnished,985.98,7423.98,231.31,87.67,8728.94
Rio de Janeiro,24.2,1,1,2,0,not acept,not furnished,198.99,1641.01,69.28,19.5,1928.78
Sao Paulo,77.3,3,2,0,24,not acept,not furnished,405.59,3408.45,148.62,37.1,3999.76
Rio de Janeiro,167.5,3,2,2,3,not acept,not furnished,725.7,5711.03,176.33,43.3,6656.36
Belo Horizonte,79.0,4,3,2,10,acept,not furnished,482.59,2974.55,98.56,30.17,3585.87
Belo Horizonte,18.0,3,4,2,11,acept,not furnished,87.39,,18.21,10.48,1189.9
Curitiba,46.7,3,2,2,8,not acept,not furnished,145.25,1392.01,34.76,16.81,1588.83
Salvador,74.6,1,1,1,26,acept,not furnished,242.37,2189.91,69.48,30.01,2531.77
Sao Paulo,32.0,4,3,0,23,not acept,not furnished,224.02,1120.39,30.88,15.37,1390.66
Sao Paulo,63.8,2,1,2,22,not acept,not furnished,363.45,1953.09,79.55,14.24,2410.33
Salvador,38.3,3,4,3,5,acept,furnished,311.87,2388.98,44.59,23.27,2768.71
Sao Paulo,205.1,4,4,1,3,not acept,not furnished,909.78,5542.45,106.09,76.09,6634.41
Recife,62.5,4,3,1,5,not acept,not furnished,249.18,2301.08,108.24,25.23,2683.73
Salvador,40.5,3,4,2,10,acept,not furnished,301.1,1562.59,22.73,18.82,1905.24
Belo Horizonte,45.5,3,3,1,13,acept,furnished,296.91,1551.54,30.31,19.28,1898.04
Recife,18.0,4,5,1,6,not acept,furnished,93.53,940.64,37.26,5.41,1076.84
Sao Paulo,120.3,4,4,0,12,not acept,furnished,933.02,4874.55,151.18,44.26,6003.01
Rio de Janeiro,41.3,3,4,0,3,acept,not furnished,302.87,2343.24,34.81,23.44,2704.36
Curitiba,54.2,3,2,1,6,acept,furnished,395.17,2841.38,101.77,42.22,3380.54
Rio de Janeiro,120.8,1,1,0,6,acept,furnished,602.39,3693.48,69.56,50.73,4416.16
Fortaleza,31.4,3,4,2,21,not acept,furnished,337.54,2455.95,43.33,36.06,2872.88
Sao Paulo,46.0,2,1,3,12,not acept,furnished,265.1,1782.18,38.04,21.55,2106.87
Belo Horizonte,18.0,2,1,1,18,acept,furnished,143.0,1069.52,26.8,10.51,1249.83
Belo Horizonte,80.1,3,3,0,19,acept,furnished,241.62,2743.7,126.55,40.73,3152.6
Curitiba,83.8,1,2,1,0,acept,not furnished,401.74,2750.6,83.43,30.73,3266.5
Sao Paulo,92.0,1,1,1,24,acept,not furnished,316.36,3682.44,61.98,38.51,4099.29
Rio de Janeiro,144.1,2,3,0,7,not acept,not furnished,365.85,3974.2,193.77,59.35,4593.17
Salvador,20.3,2,1,1,14,acept,not furnished,231.37,1424.08,36.06,14.97,1706.48
Sao Paulo,32.9,2,1,1,8,not acept,not furnished,239.53,1756.79,83.62,12.25,2092.19
Salvador,18.0,4,3,2,23,not acept,not furnished,282.61,1951.95,48.31,17.93,2300.8
Belo Horizonte,84.2,3,3,1,5,acept,not furnished,250.01,2495.25,33.58,25.65,2804.49
Porto Alegre,18.0,2,3,1,29,not acept,not furnished,76.51,471.63,16.72,6.31,571.17
Curitiba,65.1,2,2,3,11,not acept,not furnished,210.91,2379.68,113.06,23.57,2727.22
Sao Paulo,132.5,3,3,1,21,not acept,not furnished,522.78,4735.35,180.19,54.01,5492.33
Belo Horizonte,86.1,3,3,2,19,acept,not furnished,609.96,3238.29,37.67,46.53,3932.45
Salvador,18.0,3,3,1,22,not acept,not furnished,88.29,1062.73,21.51,13.56,1186.09
Rio de Janeiro,123.5,2,2,1,16,not acept,not furnished,729.42,4303.2,141.46,43.63,5217.71
Recife,73.9,1,1,0,10,not acept,furnished,251.97,2544.36,26.02,22.84,2845.19
Rio de Janeiro,18.0,2,1,1,3,acept,furnished,83.99,466.65,14.67,5.31,570.62
Sao Paulo,39.8,3,2,2,14,acept,furnished,344.25,2250.93,94.65,33.45,2723.28
Rio de Janeiro,93.4,3,3,2,0,acept,not furnished,215.97,2569.47,127.23,29.48,2942.15
Recife,67.4,4,3,3,0,acept,furnished,230.5,2845.03,89.29,19.97,3184.79
Rio de Janeiro,66.6,2,1,2,18,not acept,not furnished,420.78,2823.08,104.97,19.67,3368.5
Salvador,57.4,3,2,1,13,acept,not furnished,327.19,1866.89,30.16,11.18,2235.42
Fortaleza,77.8,5,5,0,14,not acept,not furnished,358.64,19502.724715200573,31.82,14.62,2569.61
Rio de Janeiro,18.0,3,4,0,8,acept,furnished,56.28,487.43,17.41,6.82,567.94
Sao Paulo,171.0,3,4,2,24,acept,not furnished,1049.88,6291.38,103.22,50.55,7495.03
Porto Alegre,78.7,4,3,1,4,not acept,not furnished,336.47,2968.36,120.33,16.74,3441.9
Rio de Janeiro,76.2,2,2,1,17,acept,not furnished,482.68,3462.39,130.61,41.28,4116.96
Porto Alegre,45.0,1,2,2,26,acept,not furnished,113.54,1065.64,26.51,5.79,1211.48
Rio de Janeiro,129.7,5,4,2,25,not acept,not furnished,424.57,29848.04061154832,166.13,23.55,5136.98
Rio de Janeiro,39.7,3,3,1,0,not acept,not furnished,265.26,1358.71,33.77,11.11,1668.85
Porto Alegre,122.5,3,4,0,6,acept,not furnished,484.2,3068.65,106.68,15.61,3675.14
Rio de Janeiro,44.7,4,5,2,21,not acept,not furnished,291.29,2724.94,99.17,27.68,3143.08
Rio de Janeiro,121.9,2,2,3,22,acept,furnished,460.91,4863.1,186.88,58.33,5569.22
Rio de Janeiro,137.5,3,4,0,13,acept,not furnished,511.72,4614.56,143.3,32.61,5302.19
Rio de Janeiro,54.7,3,2,3,4,not acept,furnished,256.12,2056.2,51.01,22.46,2385.79
Belo Horizonte,90.7,2,1,1,6,acept,not furnished,602.59,3277.5,113.71,30.55,4024.35
Salvador,18.0,1,1,2,24,acept,furnished,203.94,1259.79,36.85,17.14,1517.72
Rio de Janeiro,50.1,3,3,2,4,not acept,not furnished,251.57,2041.75,25.28,20.55,2339.15
Belo Horizonte,58.7,1,1,2,29,acept,not furnished,338.08,2838.0,83.96,24.32,3284.36
Curitiba,83.4,2,2,1,14,not acept,not furnished,418.23,3853.75,95.09,39.35,4406.42
Sao Paulo,263.0,2,3,0,7,acept,not furnished,747.84,7996.67,98.28,59.31,8902.1
Sao Paulo,82.9,3,4,0,10,not acept,not furnished,743.34,4054.1,58.07,36.39,4891.9
Fortaleza,36.9,4,5,1,6,not acept,not furnished,213.26,1561.2,51.29,16.04,1841.79
Porto Alegre,32.0,3,4,0,10,acept,furnished,220.22,1137.85,48.58,13.8,1420.45
Belo Horizonte,24.5,2,2,1,2,not acept,not furnished,235.85,1358.72,39.47,9.21,1643.25
Curitiba,48.4,5,6,1,25,not acept,not furnished,342.09,2096.32,25.03,26.53,2489.97
Sao Paulo,204.7,1,1,1,29,acept,not furnished,916.48,61772.4544392146,329.38,44.33,8830.87
Belo Horizonte,74.2,2,1,1,19,not acept,not furnished,340.82,2496.79,91.33,13.02,2941.96
Belo Horizonte,77.7,2,3,2,24,not acept,not furnished,262.25,2417.48,112.72,32.59,2825.04
Belo Horizonte,88.0,2,2,3,5,acept,not furnished,509.05,2893.23,143.52,16.62,3562.42
Rio de Janeiro,102.2,2,1,3,0,not acept,furnished,563.07,4141.59,181.63,56.46,4942.75
Sao Paulo,83.2,2,3,2,18,acept,furnished,749.7,4291.47,199.19,62.87,5303.23
Sao Paulo,110.3,2,3,2,24,not acept,not furnished,331.61,3690.44,150.34,44.15,4216.54
Recife,60.5,3,4,2,25,acept,furnished,286.66,2434.33,113.65,24.04,2858.68
Rio de Janeiro,80.3,2,2,2,15,acept,not furnished,258.09,2850.57,82.2,29.67,3220.53
Rio de Janeiro,74.0,3,3,0,18,not acept,furnished,432.29,2866.57,134.79,27.94,3461.59
Sao Paulo,100.8,3,2,3,9,not acept,not furnished,567.6,3401.97,62.92,29.49,4061.98
Sao Paulo,145.9,2,3,1,25,not acept,not furnished,975.63,5601.45,82.5,55.36,6714.94
Curitiba,83.4,4,3,1,20,not acept,furnished,411.13,3303.68,95.4,25.31,3835.52
Belo Horizonte,107.6,3,3,1,3,not acept,not furnished,377.87,3919.07,79.59,27.05,4403.58
Belo Horizonte,78.2,2,3,1,6,not acept,not furnished,534.81,2725.65,98.64,22.39,3381.49
Sao Paulo,26.8,2,1,2,2,acept,not furnished,133.74,13444.186732541213,55.48,6.54,1496.81
Porto Alegre,69.9,3,4,1,14,acept,not furnished,326.38,2748.4,51.3,25.72,3151.8
Sao Paulo,18.0,3,3,2,4,not acept,not furnished,46.63,400.0,5.12,2.18,453.93
Sao Paulo,55.0,3,2,1,2,not acept,furnished,350.8,2034.85,69.83,13.14,2468.62
Rio de Janeiro,173.3,2,3,0,3,acept,furnished,1194.12,6620.04,240.77,59.19,8114.12
Sao Paulo,176.4,3,4,1,6,not acept,not furnished,750.18,6565.98,218.04,78.26,7612.46
Sao Paulo,80.3,3,4,1,24,acept,not furnished,403.81,3542.3,133.35,37.04,4116.5
Curitiba,27.6,4,3,1,28,not acept,not furnished,263.03,17174.443877578804,19.88,13.14,1912.01
Curitiba,55.7,3,3,0,30,acept,furnished,200.44,1094.85,40.93,6.28,1342.5
Salvador,38.8,2,2,1,0,not acept,furnished,48.89,498.11,15.12,4.58,566.7
Rio de Janeiro,154.8,1,1,2,16,acept,not furnished,1003.97,5069.09,108.94,71.32,6253.32
Sao Paulo,19.6,2,3,1,6,acept,furnished,327.96,2024.64,55.93,13.54,2422.07
Sao Paulo,92.9,3,2,1,30,not acept,not furnished,326.84,2812.87,49.13,38.32,3227.16
Recife,27.8,2,1,0,30,acept,not furnished,292.54,1702.21,18.67,21.61,2035.03
Belo Horizonte,123.2,3,3,1,28,acept,not furnished,268.34,3133.38,55.97,33.25,3490.94
Curitiba,61.4,3,2,1,0,acept,not furnished,392.29,2073.4,62.84,19.83,2548.36
Sao Paulo,22.7,2,3,2,2,not acept,furnished,164.05,,33.03,13.83,1406.28
Belo Horizonte,80.2,3,3,0,16,not acept,furnished,333.79,3163.73,152.84,39.69,3690.05
Sao Paulo,77.0,3,3,3,3,acept,furnished,506.97,3146.3,144.84,40.27,3838.38
Belo Horizonte,42.9,2,3,1,26,acept,not furnished,154.76,1697.51,33.66,20.36,1906.29
Fortaleza,18.0,4,3,1,20,not acept,not furnished,259.75,1896.26,50.8,16.43,2223.24
Recife,54.0,3,3,2,3,acept,furnished,394.83,2049.25,99.8,10.75,2554.63
Belo Horizonte,35.7,2,1,0,24,not acept,furnished,296.19,1891.07,49.11,18.63,2255.0
Rio de Janeiro,62.5,4,5,1,14,acept,not furnished,230.57,2524.41,124.33,16.24,2895.55
Recife,51.3,3,3,2,21,acept,furnished,360.59,1947.46,37.32,18.51,2363.88
Curitiba,24.5,3,4,2,2,not acept,furnished,84.67,471.59,16.06,4.52,576.84
Sao Paulo,132.3,3,3,2,14,not acept,furnished,656.78,3891.92,157.15,39.32,4745.17
Rio de Janeiro,23.0,2,3,0,23,acept,furnished,175.67,1763.65,26.67,25.39,1991.38
Sao Paulo,106.4,2,1,2,9,acept,not furnished,529.4,3434.76,168.81,38.79,4171.76
Rio de Janeiro,18.0,3,4,1,3,acept,furnished,76.15,,16.37,2.36,531.87
Rio de Janeiro,97.8,1,2,2,18,not acept,not furnished,676.89,4086.98,51.89,50.43,4866.19
Belo Horizonte,86.2,4,5,0,19,not acept,furnished,439.77,3663.81,47.11,43.57,4194.26
Rio de Janeiro,65.1,2,3,2,4,acept,furnished,380.34,1960.57,43.47,25.17,2409.55
Sao Paulo,199.6,3,4,1,0,acept,furnished,864.96,8323.36,405.0,72.93,9666.25
Belo Horizonte,125.9,3,2,1,3,not acept,not furnished,428.78,3234.39,140.52,45.66,3849.35
Salvador,50.4,3,2,0,6,acept,not furnished,143.24,1108.61,44.18,13.08,1309.11
Curitiba,30.7,3,3,0,0,not acept,not furnished,145.65,776.53,15.61,5.16,942.95
Rio de Janeiro,113.2,3,4,1,28,not acept,furnished,353.18,3362.35,147.82,40.17,3903.52
Fortaleza,80.6,2,1,0,5,acept,not furnished,417.63,2420.58,76.75,22.39,2937.35
Fortaleza,61.9,1,2,2,22,not acept,furnished,316.15,2197.6,108.97,19.77,2642.49
Sao Paulo,110.5,4,5,2,11,not acept,furnished,732.97,4792.28,100.15,27.54,5652.94
Sao Paulo,214.0,4,4,2,14,not acept,not furnished,526.03,6396.64,289.54,75.0,7287.21
Porto Alegre,58.5,2,3,0,15,not acept,not furnished,302.68,1879.59,23.36,15.88,2221.51
Salvador,20.9,2,1,1,23,acept,not furnished,199.12,1861.24,79.73,19.86,2159.95
Recife,73.6,2,2,0,23,acept,not furnished,196.0,1457.77,47.97,20.29,1722.03
Fortaleza,73.0,4,4,1,2,not acept,not furnished,147.39,1075.16,30.92,9.35,1262.82
Belo Horizonte,98.2,2,2,2,7,not acept,not furnished,616.6,3154.91,59.57,22.2,3853.28
Belo Horizonte,56.1,2,3,1,16,not acept,not furnished,353.87,2604.76,43.65,27.28,3029.56
Sao Paulo,123.8,2,2,2,8,not acept,not furnished,432.29,3322.59,80.94,49.68,3885.5
Sao Paulo,98.2,3,2,3,2,acept,not furnished,461.3,2693.85,44.65,25.43,3225.23
Rio de Janeiro,18.0,4,3,1,11,acept,not furnished,147.97,1134.44,22.22,11.04,1315.67
Curitiba,119.8,2,2,0,4,not acept,not furnished,777.54,4201.38,207.93,21.78,5208.63
Belo Horizonte,73.4,1,1,2,2,not acept,furnished,246.99,1721.04,75.36,14.89,2058.28
Porto Alegre,105.8,3,3,1,7,not acept,furnished,687.57,3724.91,43.4,55.12,4511.0
Sao Paulo,73.5,2,3,1,7,acept,furnished,513.18,3209.09,73.0,30.59,3825.86
Belo Horizonte,81.9,1,1,1,0,not acept,furnished,409.84,2591.9,43.05,14.83,3059.62
Sao Paulo,85.8,4,4,0,17,not acept,furnished,484.58,3277.75,56.56,41.88,3860.77
Rio de Janeiro,128.6,4,5,2,8,acept,not furnished,502.54,3601.09,59.49,49.38,4212.5
Porto Alegre,45.3,5,5,1,3,not acept,not furnished,326.53,2641.3,86.2,31.81,3085.84
Curitiba,41.0,3,3,0,24,not acept,furnished,431.49,2450.07,41.67,19.46,2942.69
Recife,78.7,2,1,2,0,acept,not furnished,330.65,2109.02,105.13,17.25,2562.05
Sao Paulo,108.4,3,2,1,12,not acept,furnished,390.27,4266.75,75.18,48.08,4780.28
Rio de Janeiro,98.6,2,1,2,12,not acept,not furnished,532.7,3303.75,147.96,40.1,4024.51
Rio de Janeiro,39.6,2,3,2,20,not acept,not furnished,192.22,2239.85,93.26,27.94,2553.27
Rio de Janeiro,36.8,2,1,1,10,acept,not furnished,78.85,400.0,19.34,5.5,503.69
Salvador,69.3,5,4,0,14,not acept,furnished,308.64,2604.0,123.92,29.71,3066.27
Curitiba,76.8,3,3,1,27,acept,not furnished,335.61,3565.2,109.67,38.49,4048.97
Fortaleza,19.1,1,2,0,3,not acept,furnished,50.4,467.48,23.27,4.47,545.62
Sao Paulo,89.0,1,1,0,1,not acept,furnished,967.99,4988.36,230.97,68.99,6256.31
Fortaleza,44.9,4,4,2,22,not acept,furnished,276.88,1988.22,58.11,17.26,2340.47
Sao Paulo,60.4,4,5,3,22,acept,furnished,525.75,,77.09,21.13,3289.36
Fortaleza,18.0,3,4,2,28,acept,not furnished,47.64,400.0,15.65,5.36,468.65
Rio de Janeiro,72.4,2,2,2,30,acept,not furnished,182.59,2143.56,64.68,19.11,2409.94
Rio de Janeiro,97.4,3,3,2,10,acept,not furnished,563.7,2962.65,136.33,41.41,3704.09
Belo Horizonte,18.0,3,3,0,10,not acept,not furnished,76.06,400.0,5.72,4.69,486.47
Recife,53.8,4,5,0,27,not acept,furnished,312.01,2549.85,122.46,36.56,3020.88
Sao Paulo,116.0,2,2,2,26,not acept,furnished,890.39,5591.68,276.05,35.56,6793.68
Rio de Janeiro,110.0,3,3,0,10,acept,not furnished,476.35,4296.67,213.45,29.17,5015.64
Salvador,55.5,2,1,2,0,acept,furnished,214.61,1384.55,51.41,20.06,1670.63
Rio de Janeiro,161.9,2,1,1,17,not acept,not furnished,433.54,4942.85,53.91,64.1,5494.4
Sao Paulo,238.8,2,1,0,6,acept,not furnished,907.92,7469.56,312.09,79.84,8769.41
Rio de Janeiro,60.2,4,3,2,27,acept,not furnished,253.88,2006.85,80.95,27.13,2368.81
Rio de Janeiro,116.6,2,1,1,24,not acept,furnished,335.42,2858.01,46.53,34.53,3274.49
Fortaleza,64.0,2,2,1,27,acept,not furnished,329.59,2373.41,50.72,23.38,2777.1
Porto Alegre,53.8,2,2,2,0,acept,not furnished,436.57,2746.22,49.77,33.15,3265.71
Belo Horizonte,47.7,4,5,1,26,acept,furnished,367.13,2622.36,122.66,23.96,3136.11
Recife,29.5,3,4,1,17,acept,furnished,73.83,552.43,13.19,8.03,647.48
Rio de Janeiro,139.5,1,2,2,4,not acept,furnished,806.67,5058.35,242.08,50.21,6157.31
Sao Paulo,73.8,1,1,2,7,acept,furnished,692.97,3817.92,94.29,24.1,4629.28
Sao Paulo,29.5,3,2,1,12,not acept,not furnished,227.9,1709.58,42.36,14.8,1994.64
Rio de Janeiro,102.9,2,2,0,18,not acept,furnished,473.73,3464.0,80.43,38.48,4056.64
Sao Paulo,130.1,2,2,0,5,acept,not furnished,1052.11,5708.73,248.24,51.91,7060.99
Recife,19.9,3,4,1,4,not acept,furnished,115.95,1431.86,26.28,20.85,1594.94
Porto Alegre,22.8,1,2,2,27,not acept,not furnished,51.79,400.0,15.04,5.83,472.66
Sao Paulo,93.6,5,6,2,25,not acept,not furnished,277.51,3356.91,44.14,37.29,3715.85
Belo Horizonte,96.4,1,2,2,23,not acept,not furnished,414.52,3311.28,165.14,16.9,3907.84
Porto Alegre,58.1,1,1,2,23,acept,not furnished,181.52,1633.88,47.96,15.22,1878.58
Recife,76.3,2,3,1,23,acept,furnished,393.36,2679.0,40.17,30.63,3143.16
Fortaleza,56.6,3,2,2,28,acept,furnished,348.41,2564.76,72.57,35.96,3021.7
Belo Horizonte,60.2,2,2,1,25,acept,not furnished,187.06,2026.33,26.69,14.29,2254.37
Porto Alegre,27.5,3,2,1,10,acept,furnished,229.94,1597.92,59.62,9.36,1896.84
Belo Horizonte,135.6,2,2,2,13,acept,not furnished,545.23,3340.09,99.08,40.02,4024.42
Belo Horizonte,74.5,1,1,1,17,not acept,not furnished,306.39,3532.98,52.92,26.49,3918.78
Sao Paulo,18.0,4,5,2,13,acept,furnished,122.89,1464.56,50.39,20.24,1658.08
Sao Paulo,59.3,4,3,3,7,acept,not furnished,752.41,4041.9,87.33,55.19,4936.83
Belo Horizonte,73.0,3,3,2,26,acept,furnished,280.66,1896.11,90.42,20.05,2287.24
Sao Paulo,148.9,4,3,0,24,not acept,furnished,574.71,6176.7,223.7,60.95,7036.06
Sao Paulo,97.6,1,1,1,10,acept,furnished,577.12,3472.62,91.05,18.89,4159.68
Porto Alegre,69.2,2,2,2,1,acept,not furnished,510.92,2794.98,43.51,41.81,3391.22
Sao Paulo,85.2,2,2,1,0,not acept,furnished,726.62,3706.38,140.74,27.39,4601.13
Belo Horizonte,21.4,5,4,1,0,not acept,furnished,190.76,1062.17,30.71,9.62,1293.26
Belo Horizonte,27.2,3,3,1,2,acept,not furnished,311.75,1833.67,73.28,20.49,2239.19
Recife,71.5,1,1,2,19,not acept,furnished,442.76,2388.08,85.85,21.73,2938.42
Rio de Janeiro,105.9,2,1,2,4,acept,furnished,648.84,4684.72,163.46,61.73,5558.75
Sao Paulo,20.8,1,2,2,18,not acept,not furnished,55.34,3383.5556925216865,15.75,2.29,473.38
Belo Horizonte,25.1,2,1,0,8,acept,not furnished,242.04,1502.3,36.39,18.92,1799.65
Salvador,19.0,3,3,1,27,acept,not furnished,158.63,857.21,41.74,6.22,1063.8
Recife,70.9,2,2,0,13,acept,furnished,322.91,3073.89,145.85,35.98,3578.63
Rio de Janeiro,57.8,1,1,2,20,acept,not furnished,206.25,1565.3,60.57,20.11,1852.23
Rio de Janeiro,56.4,1,1,1,13,acept,not furnished,590.1,3459.22,51.15,45.61,4146.08
Fortaleza,101.5,3,2,0,28,acept,not furnished,235.09,2063.64,87.81,23.23,2409.77
Sao Paulo,18.0,3,4,0,20,not acept,not furnished,34.67,400.0,9.18,4.98,448.83
Belo Horizonte,18.0,2,1,0,19,not acept,furnished,60.65,468.61,7.21,5.8,542.27
Rio de Janeiro,136.0,3,3,1,17,acept,furnished,1099.78,5590.91,206.12,28.83,6925.64
Sao Paulo,196.8,2,1,2,30,acept,furnished,1222.0,7757.28,317.62,85.42,9382.32
Rio de Janeiro,187.6,1,2,1,20,acept,not furnished,997.21,5753.22,255.3,46.5,7052.23
Sao Paulo,89.2,4,5,1,22,acept,not furnished,283.32,3074.7,45.48,29.96,3433.46
Curitiba,36.3,2,3,2,0,not acept,not furnished,205.35,1431.32,26.1,16.4,1679.17
Recife,48.1,2,3,1,24,not acept,not furnished,323.1,1744.52,80.37,24.82,2172.81
Sao Paulo,171.0,4,5,1,17,not acept,not furnished,1153.59,6216.06,117.28,72.52,7559.45
Salvador,18.0,2,1,0,8,not acept,not furnished,217.49,1100.94,37.07,10.01,1365.51
Sao Paulo,114.2,1,2,0,17,acept,not furnished,891.1,4979.18,86.87,44.29,6001.44
Belo Horizonte,81.4,4,5,2,18,acept,furnished,440.29,2381.45,36.71,19.16,2877.61
Sao Paulo,122.1,1,1,1,6,not acept,furnished,562.14,5372.44,105.37,60.35,6100.3
Fortaleza,24.4,3,4,0,12,acept,not furnished,130.92,16663.372949412544,30.13,18.51,1754.42
Porto Alegre,32.4,2,1,1,21,acept,not furnished,201.73,1271.44,22.67,18.12,1513.96
Curitiba,92.4,3,3,0,5,not acept,not furnished,418.55,2571.27,35.7,15.83,3041.35
Salvador,80.5,3,2,2,25,acept,furnished,441.8,2324.22,29.88,33.63,2829.53
Curitiba,127.5,2,2,0,0,acept,not furnished,573.52,3905.2,88.48,39.51,4606.71
Recife,54.0,3,4,0,17,acept,furnished,405.09,3094.89,71.34,36.32,3607.64
Curitiba,43.2,4,3,1,10,not acept,furnished,233.43,1215.0,50.06,14.36,1512.85
Fortaleza,18.0,1,1,1,0,acept,furnished,83.04,799.47,34.56,5.28,922.35
Belo Horizonte,108.1,4,3,2,23,acept,furnished,442.48,3247.8,52.01,38.69,3780.98
Sao Paulo,82.5,1,1,0,15,acept,not furnished,284.84,3342.41,139.4,23.68,3790.33
Belo Horizonte,46.8,1,2,1,21,not acept,not furnished,418.82,2388.42,49.46,20.1,2876.8
Sao Paulo,99.5,5,4,1,10,not acept,furnished,670.38,4329.37,129.54,59.42,5188.71
Belo Horizonte,61.1,3,2,2,26,not acept,not furnished,238.2,2074.81,27.88,27.83,2368.72
Rio de Janeiro,41.1,2,1,1,0,not acept,not furnished,281.9,1948.23,50.52,23.26,2303.91
Curitiba,18.0,3,4,1,5,not acept,not furnished,252.28,1552.88,18.82,10.27,1834.25
Sao Paulo,144.0,2,3,1,24,acept,furnished,909.39,5197.64,53.39,36.64,6197.06
Sao Paulo,144.3,3,3,1,29,not acept,furnished,559.98,6061.56,286.67,71.31,6979.52
Rio de Janeiro,71.6,3,2,1,25,not acept,not furnished,204.51,1983.49,83.19,15.47,2286.66
Recife,66.1,4,4,1,5,not acept,not furnished,308.3,2160.02,39.99,17.1,2525.41
Rio de Janeiro,165.7,1,1,0,9,not acept,not furnished,961.08,5816.47,124.21,39.71,6941.47
Rio de Janeiro,72.4,2,3,0,23,acept,not furnished,522.4,2814.67,42.59,25.3,3404.96
Curitiba,34.3,1,1,0,29,not acept,not furnished,107.44,739.12,11.85,4.61,863.02
Belo Horizonte,67.5,1,2,3,7,not acept,not furnished,233.71,2005.06,66.75,24.08,2329.6
Sao Paulo,195.5,4,3,3,10,acept,furnished,1419.87,7761.51,256.54,39.13,9477.05
Rio de Janeiro,21.0,4,4,1,0,not acept,furnished,91.79,470.01,15.3,2.52,579.62
Sao Paulo,102.5,3,4,0,14,acept,not furnished,450.58,4100.35,47.06,53.02,4651.01
Recife,72.5,3,4,1,0,not acept,not furnished,302.39,1986.03,74.32,12.62,2375.36
Sao Paulo,53.9,4,3,2,0,acept,furnished,280.49,2365.42,26.09,31.36,2703.36
Rio de Janeiro,140.3,1,1,2,23,acept,furnished,1237.17,6755.08,335.2,35.01,8362.46
Sao Paulo,59.5,1,2,1,9,acept,furnished,531.74,4120.85,178.15,27.15,4857.89
Sao Paulo,35.5,2,2,1,28,not acept,furnished,238.89,1259.52,59.18,12.45,1570.04
Porto Alegre,59.7,4,5,1,21,not acept,not furnished,416.97,3043.79,127.35,27.48,3615.59
Sao Paulo,104.9,3,4,0,7,acept,furnished,744.26,4434.17,100.8,43.36,5322.59
Sao Paulo,133.2,3,4,0,20,acept,furnished,785.87,6475.43,115.49,96.25,7473.04
Rio de Janeiro,96.8,2,2,1,26,not acept,furnished,604.63,4221.7,125.3,47.04,4998.67
Sao Paulo,121.4,3,3,2,12,not acept,not furnished,684.21,4201.47,175.7,27.13,5088.51
Sao Paulo,105.2,4,4,2,16,acept,not furnished,344.18,3346.8,103.87,22.77,3817.62
Salvador,49.7,2,2,2,4,not acept,not furnished,184.95,1832.74,40.34,23.48,2081.51
Porto Alegre,50.0,3,3,2,11,not acept,furnished,172.69,1909.53,39.05,15.73,2137.0
Fortaleza,30.4,2,2,1,16,acept,not furnished,214.64,1755.43,51.6,19.62,2041.29
Salvador,22.8,3,3,0,18,not acept,not furnished,231.78,1537.9,39.92,13.98,1823.58
Curitiba,52.7,3,2,1,21,not acept,furnished,224.56,2415.13,84.61,14.14,2738.44
Sao Paulo,161.7,2,2,1,29,acept,furnished,608.45,6210.78,65.27,92.93,6977.43
Porto Alegre,34.7,2,2,2,25,not acept,furnished,236.22,1354.14,47.79,12.38,1650.53
Salvador,61.6,1,1,0,26,not acept,furnished,336.82,2543.31,73.77,16.22,2970.12
Porto Alegre,18.0,4,3,3,16,not acept,furnished,137.18,1512.44,63.54,20.07,1733.23
Belo Horizonte,100.0,5,5,3,2,acept,not furnished,339.33,2868.84,61.63,27.93,3297.73
Sao Paulo,113.2,3,3,0,18,not acept,furnished,576.15,4251.84,175.98,26.52,5030.49
Salvador,38.0,2,2,1,11,acept,not furnished,43.35,400.0,19.3,4.31,466.96
Porto Alegre,56.2,3,2,2,0,acept,not furnished,301.09,1866.6,52.55,23.22,2243.46
Recife,69.9,3,4,0,4,not acept,not furnished,259.81,1469.23,36.16,12.19,1777.39
Sao Paulo,83.5,2,3,2,22,not acept,not furnished,327.04,1890.68,83.61,18.95,2320.28
Sao Paulo,141.4,1,2,2,18,not acept,furnished,785.45,5302.51,102.99,73.26,6264.21
Sao Paulo,65.5,4,5,1,30,acept,not furnished,432.1,3207.43,126.08,28.07,3793.68
Porto Alegre,86.0,3,4,0,28,not acept,furnished,619.15,3238.27,106.56,46.3,4010.28
Sao Paulo,174.7,4,4,2,17,not acept,furnished,694.97,7413.82,202.06,56.45,8367.3
Sao Paulo,114.8,2,3,1,2,not acept,not furnished,430.33,,53.86,29.95,3559.52
Recife,88.1,3,3,1,8,acept,not furnished,364.67,3076.56,32.41,39.0,3512.64
Sao Paulo,86.1,3,2,0,5,acept,not furnished,326.28,2445.04,77.1,19.87,2868.29
Salvador,58.0,2,1,1,13,acept,not furnished,252.35,1609.48,19.82,13.55,1895.2
Rio de Janeiro,111.6,4,5,1,24,not acept,not furnished,419.85,2811.09,40.09,32.56,3303.59
Salvador,46.1,5,4,1,25,acept,not furnished,211.23,1275.38,43.59,12.64,1542.84
Belo Horizonte,41.8,4,4,2,3,not acept,furnished,147.15,1790.19,35.14,14.64,1987.12
Fortaleza,52.2,3,4,1,15,not acept,not furnished,180.53,1311.56,49.27,12.82,1554.18
Fortaleza,75.2,3,4,1,20,acept,not furnished,365.57,2242.85,35.71,17.36,2661.49
Sao Paulo,105.8,3,3,1,10,not acept,not furnished,632.19,3605.63,46.22,30.83,4314.87
Sao Paulo,173.3,4,4,3,27,not acept,furnished,623.29,44027.25512098186,205.99,87.91,7570.61
Sao Paulo,18.0,3,3,1,9,not acept,not furnished,47.22,400.0,7.82,4.17,459.21
Curitiba,72.7,2,3,1,14,acept,furnished,341.93,2276.27,61.65,21.21,2701.06
Fortaleza,58.8,3,2,1,17,not acept,not furnished,196.08,1553.26,22.32,12.48,1784.14
Rio de Janeiro,50.4,4,3,2,11,not acept,not furnished,200.63,1582.01,34.34,19.82,1836.8
Belo Horizonte,53.7,2,1,1,29,not acept,not furnished,289.29,2910.19,36.0,39.31,3274.79
Sao Paulo,261.7,3,2,2,23,acept,furnished,999.74,9405.48,399.07,71.58,10875.87
Salvador,34.9,2,3,0,25,not acept,furnished,254.92,2241.81,22.81,33.56,2553.1
Recife,46.6,4,4,1,22,not acept,not furnished,261.43,1573.94,76.15,17.77,1929.29
Sao Paulo,161.2,3,2,1,17,not acept,not furnished,596.37,4593.19,95.96,63.45,5348.97
Rio de Janeiro,82.3,3,4,2,0,not acept,not furnished,261.61,2485.85,32.61,24.22,2804.29
Sao Paulo,33.8,3,4,0,23,acept,not furnished,128.99,1473.63,65.15,17.84,1685.61
Belo Horizonte,83.5,4,3,1,18,acept,not furnished,359.45,2439.05,89.6,36.25,2924.35
Belo Horizonte,31.8,4,4,1,0,not acept,furnished,175.47,1676.54,73.96,24.21,1950.18
Sao Paulo,206.9,4,4,0,1,not acept,not furnished,969.39,6429.0,204.75,46.21,7649.35
Rio de Janeiro,55.6,1,2,0,13,not acept,not furnished,510.85,3512.69,71.34,43.49,4138.37
Rio de Janeiro,198.6,1,1,2,26,acept,furnished,911.35,7569.95,105.54,56.77,8643.61
Belo Horizonte,41.5,4,5,1,16,not acept,not furnished,196.64,1818.69,57.98,26.76,2100.07
Belo Horizonte,77.4,4,4,0,28,not acept,not furnished,322.89,2438.73,87.54,31.48,2880.64
Sao Paulo,138.9,2,1,0,24,not acept,furnished,750.48,6239.39,173.91,82.05,7245.83
Porto Alegre,90.2,1,1,1,18,not acept,not furnished,208.19,1734.38,40.4,24.92,2007.89
Curitiba,68.7,2,1,2,8,not acept,furnished,561.65,2909.35,127.87,35.86,3634.73
Rio de Janeiro,61.2,2,1,2,26,acept,furnished,332.28,2202.55,78.41,17.93,2631.17
Sao Paulo,179.1,3,4,2,19,not acept,furnished,952.94,5984.41,96.11,69.49,7102.95
Porto Alegre,58.1,1,1,2,16,not acept,not furnished,183.77,1780.02,83.13,18.45,2065.37
Recife,104.4,2,3,3,14,not acept,not furnished,371.75,2903.59,48.88,35.73,3359.95
Sao Paulo,18.0,4,3,3,4,not acept,furnished,291.56,2626.39,119.99,20.04,3057.98
Rio de Janeiro,120.1,2,1,0,0,not acept,not furnished,696.67,3645.16,42.56,38.27,4422.66
Sao Paulo,52.4,3,2,0,21,not acept,not furnished,248.4,1839.4,89.83,14.31,2191.94
Belo Horizonte,55.3,2,2,1,28,acept,not furnished,353.51,1862.67,55.94,22.83,2294.95
Sao Paulo,106.4,3,3,1,3,not acept,furnished,465.68,3319.71,49.55,43.18,3878.12
Rio de Janeiro,80.2,1,1,1,28,not acept,not furnished,674.12,3421.95,49.03,23.21,4168.31
Curitiba,66.6,2,3,0,0,not acept,furnished,616.38,3786.76,101.17,55.28,4559.59
Belo Horizonte,112.9,2,1,2,16,not acept,furnished,598.87,3998.6,107.72,41.88,4747.07
Rio de Janeiro,147.8,4,5,2,1,acept,not furnished,835.03,5284.66,175.65,73.04,6368.38
Rio de Janeiro,71.8,3,2,1,27,not acept,furnished,250.87,2725.77,66.21,20.56,3063.41
Belo Horizonte,44.8,1,1,1,1,acept,not furnished,313.87,2024.01,61.47,14.04,2413.39
Sao Paulo,72.8,4,5,1,6,not acept,not furnished,326.07,2803.48,95.79,40.63,3265.97
Sao Paulo,62.0,1,2,1,24,acept,not furnished,293.05,1693.99,75.35,25.3,2087.69
Fortaleza,38.5,4,4,1,20,acept,furnished,220.19,1716.96,83.02,12.02,2032.19
Sao Paulo,28.3,2,3,1,10,acept,not furnished,332.63,1801.36,81.65,19.13,2234.77
Curitiba,108.5,3,2,2,25,acept,not furnished,523.92,4235.91,56.22,51.49,4867.54
Fortaleza,61.2,1,2,2,18,acept,not furnished,231.24,2027.37,44.71,17.13,2320.45
Sao Paulo,47.3,3,3,1,6,acept,not furnished,56.24,400.0,6.08,3.64,465.96
Rio de Janeiro,105.4,3,2,1,22,acept,furnished,644.49,4773.97,160.43,47.74,5626.63
Belo Horizonte,36.3,2,1,1,8,not acept,furnished,215.07,2478.05,95.81,14.01,2802.94
Fortaleza,64.1,1,1,0,24,not acept,furnished,607.61,3528.37,135.6,38.23,4309.81
Recife,23.2,4,5,1,23,not acept,not furnished,167.95,1323.38,37.33,11.71,1540.37
Porto Alegre,86.5,4,3,2,7,acept,not furnished,279.37,2068.32,70.97,25.41,2444.07
Sao Paulo,192.6,3,2,0,1,not acept,furnished,1274.08,7708.16,163.44,56.64,9202.32
Curitiba,78.2,3,4,0,25,acept,furnished,242.74,2829.31,104.52,36.28,3212.85
Rio de Janeiro,97.8,3,2,2,9,not acept,furnished,228.75,2075.9,33.62,12.08,2350.35
Rio de Janeiro,153.6,1,2,1,8,not acept,furnished,629.03,5909.92,83.19,47.53,6669.67
Sao Paulo,214.2,4,5,2,0,acept,furnished,1095.33,7646.96,190.72,80.61,9013.62
Sao Paulo,119.3,2,2,1,21,not acept,not furnished,720.93,3947.35,163.17,25.57,4857.02
Porto Alegre,74.9,3,2,1,6,acept,not furnished,451.0,3285.31,67.4,23.65,3827.36
Rio de Janeiro,158.7,3,4,2,12,acept,furnished,737.44,6310.73,113.27,41.62,7203.06
Rio de Janeiro,156.7,3,3,2,27,not acept,not furnished,506.25,5487.02,253.65,75.02,6321.94
Rio de Janeiro,105.2,4,5,3,1,not acept,furnished,341.65,4253.45,139.37,39.27,4773.74
Salvador,34.6,2,1,2,0,not acept,not furnished,159.63,1401.12,24.96,17.05,1602.76
Porto Alegre,44.4,3,3,0,16,not acept,furnished,525.38,3871.02,67.66,42.15,4506.21
Sao Paulo,30.3,3,4,1,20,acept,not furnished,192.79,1569.86,23.1,17.48,1803.23
Sao Paulo,83.3,1,1,2,15,acept,not furnished,251.15,1858.98,27.8,26.7,2164.63
Sao Paulo,185.1,2,1,1,8,acept,not furnished,805.09,6063.82,255.36,50.76,7175.03
Fortaleza,59.7,4,5,1,9,acept,not furnished,154.6,1153.54,48.59,8.87,1365.6
Belo Horizonte,62.0,2,1,2,2,acept,not furnished,107.65,670.68,32.29,6.27,816.89
Belo Horizonte,37.2,3,4,2,8,not acept,not furnished,184.93,1483.83,32.49,14.02,1715.27
Belo Horizonte,27.5,3,3,2,22,not acept,furnished,348.12,1951.38,64.26,27.35,2391.11
Rio de Janeiro,189.7,3,2,1,14,not acept,not furnished,1072.15,6087.67,191.68,82.79,7434.29
Salvador,53.0,4,4,1,27,acept,not furnished,292.25,2711.6,38.2,24.89,3066.94
Belo Horizonte,75.1,2,3,1,3,not acept,furnished,263.29,2814.79,87.18,36.07,3201.33
Sao Paulo,99.3,3,4,2,12,acept,not furnished,808.53,4287.36,79.22,42.41,5217.52
Sao Paulo,166.3,2,1,1,21,not acept,not furnished,576.81,5735.9,113.22,77.85,6503.78
Belo Horizonte,18.0,2,1,0,6,acept,not furnished,195.78,1240.53,53.15,8.13,1497.59
Fortaleza,106.9,4,5,2,6,acept,not furnished,372.34,2024.67,44.41,29.61,2471.03
Rio de Janeiro,51.3,1,1,0,1,not acept,not furnished,135.21,1677.12,69.06,12.62,1894.01
Salvador,49.8,1,2,3,27,not acept,not furnished,294.78,2632.87,32.99,21.01,2981.65
Porto Alegre,28.3,3,3,2,3,acept,not furnished,182.45,1592.04,50.4,7.98,1832.87
Sao Paulo,185.7,2,1,3,30,not acept,furnished,970.25,5959.56,213.67,49.24,7192.72
Sao Paulo,99.9,3,3,2,12,not acept,furnished,792.81,5035.25,209.0,64.32,6101.38
Sao Paulo,73.2,4,5,0,30,not acept,not furnished,439.54,3002.98,121.86,32.86,3597.24
Porto Alegre,31.4,2,2,1,0,not acept,furnished,252.9,1334.27,27.22,19.24,1633.63
Sao Paulo,147.9,2,1,2,16,not acept,not furnished,959.4,4834.69,173.18,64.38,6031.65
Rio de Janeiro,92.2,1,1,0,20,acept,furnished,307.41,3487.36,60.06,21.79,3876.62
Belo Horizonte,32.0,2,3,1,14,acept,furnished,453.03,2454.22,40.21,33.41,2980.87
Porto Alegre,49.4,2,3,1,16,not acept,furnished,252.45,2390.67,42.53,23.86,2709.51
Sao Paulo,46.7,4,4,1,15,not acept,not furnished,135.41,1374.78,25.15,13.96,1549.3
Rio de Janeiro,69.8,3,4,3,2,not acept,furnished,494.63,2847.27,45.95,40.41,3428.26
Rio de Janeiro,108.8,1,1,1,15,not acept,not furnished,697.39,4471.46,104.0,23.12,5295.97
Belo Horizonte,26.2,4,4,1,15,acept,not furnished,190.3,2182.91,84.03,17.64,2474.88
Salvador,57.1,1,1,1,9,not acept,not furnished,312.15,2949.4,122.13,14.92,3398.6
Sao Paulo,108.9,3,3,1,17,not acept,furnished,541.48,3272.96,78.06,21.5,3914.0
Salvador,22.5,2,3,1,11,not acept,not furnished,132.01,1624.11,63.49,22.41,1842.02
Curitiba,99.9,1,1,3,22,not acept,not furnished,344.09,3013.07,123.03,27.97,3508.16
Belo Horizonte,33.2,3,3,1,0,not acept,not furnished,205.27,1530.13,38.99,20.8,1795.19
Curitiba,49.1,3,3,1,0,not acept,not furnished,353.36,1864.59,92.84,10.26,2321.05
Rio de Janeiro,18.0,3,3,1,15,not acept,furnished,84.26,462.83,14.86,3.32,565.27
Sao Paulo,182.4,2,1,3,30,not acept,not furnished,743.38,7011.05,266.72,92.48,8113.63
Curitiba,25.4,1,2,1,12,acept,not furnished,200.37,1716.51,24.07,23.37,1964.32
Belo Horizonte,99.8,3,2,0,0,not acept,not furnished,376.98,2650.95,86.35,27.88,3142.16
Curitiba,74.5,4,4,2,8,not acept,furnished,504.07,3808.7,149.73,21.31,4483.81
Rio de Janeiro,141.5,1,2,1,13,acept,furnished,802.47,4656.99,145.62,51.61,5656.69
Fortaleza,65.5,2,2,0,27,not acept,not furnished,379.9,1956.76,85.97,26.56,2449.19
Belo Horizonte,52.3,3,2,1,1,acept,not furnished,259.01,1675.52,21.71,14.76,1971.0
Sao Paulo,178.7,3,3,0,28,not acept,not furnished,563.11,6025.37,274.1,38.16,6900.74
Rio de Janeiro,28.8,3,2,3,29,not acept,furnished,192.24,1445.47,59.01,13.69,1710.41
Porto Alegre,93.0,3,2,0,19,not acept,not furnished,441.04,3027.89,30.71,33.23,3532.87
Porto Alegre,49.0,5,6,2,5,not acept,not furnished,408.94,2101.2,27.9,27.82,2565.86
Rio de Janeiro,175.6,2,2,1,15,acept,not furnished,604.99,4982.9,70.87,69.49,5728.25
Fortaleza,99.8,3,3,0,24,not acept,not furnished,398.33,2484.23,65.58,27.82,2975.96
Sao Paulo,80.1,3,3,1,9,not acept,not furnished,256.61,3154.33,48.82,17.38,3477.14
Rio de Janeiro,85.5,3,4,0,27,not acept,not furnished,392.64,2965.48,34.49,40.88,3433.49
Fortaleza,97.7,2,1,2,0,acept,not furnished,220.78,2601.71,111.76,28.9,2963.15
Fortaleza,27.9,3,4,1,7,not acept,not furnished,214.38,1976.93,36.76,17.28,2245.35
Curitiba,22.3,3,4,1,30,acept,furnished,99.63,730.91,24.96,4.98,860.48
Salvador,68.7,3,2,2,17,not acept,not furnished,368.44,2460.2,82.57,22.24,2933.45
Sao Paulo,185.4,2,2,1,17,not acept,not furnished,1342.11,7246.83,305.31,72.94,8967.19
Salvador,18.0,3,2,1,5,acept,not furnished,91.32,893.74,28.28,10.37,1023.71
Rio de Janeiro,71.9,4,3,2,26,not acept,not furnished,251.22,2146.55,104.95,17.88,2520.6
Sao Paulo,55.9,4,3,2,11,acept,not furnished,446.61,3040.92,94.95,35.26,3617.74
Sao Paulo,119.2,3,3,2,24,acept,furnished,707.63,6706.14,247.76,61.14,7722.67
Rio de Janeiro,18.0,3,2,2,24,acept,not furnished,300.95,1593.17,73.69,16.49,1984.3
Sao Paulo,122.9,2,3,1,3,not acept,not furnished,771.44,62540.301814796105,161.93,56.44,5162.63
Rio de Janeiro,191.8,3,2,0,14,not acept,not furnished,1132.47,6074.68,237.97,60.99,7506.11
Sao Paulo,188.5,1,1,1,10,not acept,furnished,1298.09,7799.43,96.08,114.24,9307.84
Sao Paulo,60.9,4,5,1,2,acept,not furnished,407.38,2041.52,27.3,20.76,2496.96
Belo Horizonte,89.3,2,2,0,1,acept,not furnished,471.72,2633.18,55.26,38.65,3198.81
Rio de Janeiro,81.0,3,4,1,0,acept,furnished,398.93,2859.3,92.96,21.71,3372.9
Rio de Janeiro,30.6,4,4,2,21,acept,not furnished,303.65,1800.46,81.7,19.88,2205.69
Porto Alegre,30.5,4,4,2,23,not acept,furnished,119.65,1307.58,17.66,7.09,1451.98
Fortaleza,18.0,3,3,2,13,not acept,not furnished,147.48,775.51,12.16,6.85,942.0
Porto Alegre,58.5,3,3,2,16,not acept,furnished,584.3,2949.51,91.88,24.89,3650.58
Rio de Janeiro,71.2,3,4,1,6,not acept,not furnished,446.78,2443.53,37.93,32.08,2960.32
Porto Alegre,53.2,2,2,1,21,not acept,not furnished,186.23,2209.85,63.54,33.07,2492.69
Sao Paulo,160.8,2,3,2,17,acept,not furnished,520.72,5216.35,240.65,67.84,6045.56
Sao Paulo,165.6,1,1,1,27,not acept,not furnished,542.22,5851.74,233.33,36.09,6663.38
Rio de Janeiro,55.8,2,3,2,22,not acept,not furnished,318.62,2430.77,96.9,25.96,2872.25
Salvador,50.5,4,3,2,0,acept,not furnished,171.71,17095.468753683916,54.18,17.97,2274.13
Sao Paulo,70.3,2,3,1,24,acept,furnished,656.7,3399.04,125.73,17.7,4199.17
Sao Paulo,77.4,3,2,1,0,acept,furnished,478.0,3182.29,125.62,33.94,3819.85
Sao Paulo,42.0,2,3,2,24,not acept,not furnished,186.22,1257.35,13.59,12.6,1469.76
Salvador,54.3,5,6,1,30,acept,not furnished,308.09,2307.41,98.24,30.65,2744.39
Curitiba,121.0,2,3,2,13,not acept,furnished,604.41,5014.08,229.04,40.92,5888.45
Sao Paulo,22.6,2,3,1,5,not acept,not furnished,136.68,989.58,14.7,14.2,1155.16
Belo Horizonte,70.6,2,1,2,0,not acept,not furnished,306.43,2156.39,94.1,11.93,2568.85
Belo Horizonte,33.1,4,4,0,2,not acept,furnished,372.91,2280.86,55.49,12.35,2721.61
Curitiba,21.4,2,3,2,14,acept,not furnished,120.3,1205.02,27.38,10.53,1363.23
Sao Paulo,57.2,4,3,3,24,not acept,not furnished,416.68,2796.0,95.62,21.11,3329.41
Salvador,48.9,3,4,2,26,acept,furnished,209.26,1399.79,59.47,17.31,1685.83
Rio de Janeiro,177.2,2,2,1,20,acept,not furnished,703.62,5672.62,146.76,80.19,6603.19
Curitiba,122.5,1,1,1,0,not acept,not furnished,705.72,3605.86,127.35,37.29,4476.22
Sao Paulo,144.7,3,2,2,30,not acept,not furnished,897.82,5299.63,228.66,33.6,6459.71
Rio de Janeiro,89.1,2,1,0,22,not acept,not furnished,563.87,3411.37,141.09,35.61,4151.94
Rio de Janeiro,83.4,4,5,1,11,acept,furnished,587.01,3176.86,66.87,31.62,3862.36
Belo Horizonte,86.8,1,2,2,24,not acept,furnished,355.43,2945.52,112.64,19.36,3432.95
Sao Paulo,101.4,3,3,3,17,acept,not furnished,370.24,3508.71,124.57,18.34,4021.86
Porto Alegre,81.0,3,3,1,17,not acept,furnished,370.47,2794.03,105.15,24.13,3293.78
Sao Paulo,18.0,3,4,0,30,not acept,not furnished,161.69,1065.81,28.75,15.88,1272.13
Curitiba,96.1,2,3,3,24,not acept,not furnished,500.57,3407.31,36.85,47.63,3992.36
Salvador,37.1,4,3,1,6,not acept,not furnished,157.75,1481.94,35.03,21.71,1696.43
Belo Horizonte,64.4,3,4,2,3,not acept,not furnished,209.07,1862.67,73.59,13.19,2158.52
Porto Alegre,30.7,3,2,1,3,not acept,not furnished,202.21,1058.19,43.37,14.47,1318.24
Curitiba,80.7,3,3,3,12,acept,furnished,264.51,2947.81,132.06,29.28,3373.66
Rio de Janeiro,111.3,3,4,1,10,acept,not furnished,496.52,3534.3,67.98,49.72,4148.52
Salvador,20.3,4,4,1,12,acept,not furnished,187.7,1370.48,49.41,9.99,1617.58
Sao Paulo,228.9,4,5,0,0,not acept,not furnished,1036.09,8222.61,148.41,76.35,9483.46
Belo Horizonte,68.8,2,3,1,4,not acept,not furnished,336.58,1933.99,32.53,14.71,2317.81
Porto Alegre,85.0,2,1,2,24,acept,furnished,790.89,4147.11,157.68,23.18,5118.86
Rio de Janeiro,23.8,5,6,0,22,acept,furnished,399.02,1998.38,33.88,18.84,2450.12
Rio de Janeiro,138.9,2,2,0,10,not acept,not furnished,529.5,5589.66,63.11,30.3,6212.57
Rio de Janeiro,70.7,5,6,0,10,not acept,not furnished,268.94,3158.67,108.19,38.26,3574.06
Salvador,18.0,3,3,0,27,not acept,furnished,100.54,889.48,10.11,8.7,1008.83
Fortaleza,18.0,1,2,2,3,not acept,not furnished,152.76,943.55,29.69,11.75,1137.75
Belo Horizonte,120.1,2,2,3,9,not acept,not furnished,502.03,3905.49,164.79,45.04,4617.35
Curitiba,108.8,3,3,0,23,acept,not furnished,439.18,3231.47,38.02,36.45,3745.12
Fortaleza,34.9,4,4,2,16,not acept,not furnished,305.77,1529.4,56.28,22.28,1913.73
Sao Paulo,124.7,2,3,0,0,acept,furnished,678.09,4879.76,63.01,33.09,5653.95
Sao Paulo,81.9,2,1,3,0,not acept,furnished,594.68,3132.5,109.35,42.31,3878.84
Curitiba,42.1,4,4,1,0,acept,not furnished,206.22,1593.67,71.46,19.96,1891.31
Salvador,18.9,1,1,2,19,acept,not furnished,205.67,1548.54,42.09,15.24,1811.54
Salvador,18.0,3,2,0,18,acept,not furnished,69.03,400.0,10.05,2.86,481.94
Rio de Janeiro,162.6,3,3,2,0,not acept,furnished,1246.51,6624.24,284.18,49.26,8204.19
Sao Paulo,106.0,1,1,0,2,not acept,furnished,1031.22,5807.96,203.87,35.41,7078.46
Rio de Janeiro,21.1,1,2,0,21,not acept,not furnished,230.48,1687.57,47.26,16.46,1981.77
Sao Paulo,146.6,2,1,2,7,not acept,not furnished,562.67,3435.86,120.81,42.58,4161.92
Sao Paulo,166.2,1,1,0,30,not acept,furnished,626.43,5610.54,123.7,78.71,6439.38
Porto Alegre,78.3,3,4,2,8,not acept,furnished,167.21,1873.28,87.08,21.36,2148.93
Sao Paulo,213.0,3,4,1,8,not acept,furnished,888.26,8975.79,92.06,112.5,10068.61
Salvador,18.0,3,4,1,11,acept,furnished,133.19,1606.85,33.32,23.73,1797.09
Rio de Janeiro,79.8,3,4,1,25,not acept,not furnished,364.88,2736.41,119.12,40.17,3260.58
Belo Horizonte,86.3,2,1,0,16,acept,not furnished,623.27,3927.86,70.53,58.81,4680.47
Sao Paulo,75.4,1,1,2,26,not acept,furnished,402.37,4789.52,92.88,45.79,5330.56
Rio de Janeiro,79.4,2,3,2,11,not acept,not furnished,220.71,2559.86,83.11,18.99,2882.67
Sao Paulo,146.7,2,1,2,17,not acept,furnished,771.97,5417.41,200.68,72.01,6462.07
Recife,68.4,4,5,1,0,not acept,not furnished,382.83,1986.13,23.18,11.75,2403.89
Salvador,31.5,2,2,0,16,acept,furnished,221.42,2283.49,98.49,15.76,2619.16
Rio de Janeiro,18.0,2,2,2,0,not acept,not furnished,68.2,422.51,13.83,3.84,508.38
Sao Paulo,126.7,3,4,3,4,not acept,not furnished,564.02,3557.69,42.36,26.61,4190.68
Fortaleza,39.8,3,3,1,30,acept,furnished,211.88,1815.37,57.29,16.45,2100.99
Rio de Janeiro,102.6,5,6,1,18,acept,not furnished,336.67,3778.29,62.54,27.91,4205.41
Sao Paulo,189.8,2,2,0,26,acept,not furnished,805.16,5258.98,82.25,77.1,6223.49
Belo Horizonte,118.3,1,1,2,0,acept,not furnished,542.31,4071.71,132.11,57.8,4803.93
Recife,87.1,2,1,0,10,not acept,not furnished,228.12,1942.56,74.31,14.69,2259.68
Sao Paulo,114.4,1,2,1,26,not acept,not furnished,612.87,3530.07,75.68,19.04,4237.66
Sao Paulo,44.0,3,2,1,11,not acept,furnished,242.97,1889.49,87.6,17.42,2237.48
Fortaleza,54.5,4,5,0,6,not acept,not furnished,371.15,2409.28,64.68,20.4,2865.51
Sao Paulo,70.5,3,3,0,13,acept,not furnished,395.32,3569.51,87.92,25.72,4078.47
Sao Paulo,237.0,1,2,2,13,not acept,not furnished,662.46,7410.38,244.89,98.33,8416.06
Belo Horizonte,75.0,1,2,1,30,acept,furnished,269.39,2731.64,113.03,26.86,3140.92
Salvador,87.6,4,5,2,9,not acept,not furnished,260.26,2096.92,27.67,27.82,2412.67
Rio de Janeiro,83.8,3,4,2,29,not acept,not furnished,407.0,2421.8,106.38,26.9,2962.08
Recife,95.0,4,4,1,28,acept,not furnished,372.05,2475.74,74.22,25.46,2947.47
Curitiba,18.0,3,3,0,12,acept,not furnished,50.06,400.0,12.34,3.45,465.85
Sao Paulo,59.1,5,4,0,29,not acept,furnished,331.59,2421.85,104.75,21.07,2879.26
Recife,18.0,4,5,1,21,not acept,not furnished,59.92,400.0,12.93,2.97,475.82
Rio de Janeiro,196.8,2,1,0,27,not acept,furnished,769.78,7674.33,213.82,66.11,8724.04
Sao Paulo,122.1,3,3,2,27,not acept,furnished,505.97,4492.91,193.69,29.35,5221.92
Belo Horizonte,83.7,3,3,1,0,acept,not furnished,252.59,2231.71,108.46,25.46,2618.22
Rio de Janeiro,68.1,2,3,2,27,acept,not furnished,207.94,2251.33,90.09,16.19,2565.55
Sao Paulo,99.3,2,3,1,13,not acept,not furnished,437.66,4209.36,196.15,59.24,4902.41
Sao Paulo,165.3,2,1,1,18,acept,furnished,1025.39,6970.02,286.45,65.01,8346.87
Rio de Janeiro,137.3,1,1,2,7,not acept,not furnished,506.44,4726.13,196.64,58.98,5488.19
Salvador,65.6,2,1,2,19,acept,furnished,537.58,3587.73,67.65,44.87,4237.83
Belo Horizonte,18.0,3,3,0,0,acept,not furnished,93.14,1123.72,52.95,8.14,1277.95
Recife,82.1,5,5,1,10,not acept,not furnished,181.14,1795.97,26.16,20.55,2023.82
Sao Paulo,144.3,3,2,1,18,not acept,furnished,1218.58,7944.52,248.31,88.7,9500.11
Sao Paulo,57.2,2,2,1,4,not acept,not furnished,637.97,4249.47,44.68,55.63,4987.75
Sao Paulo,171.8,2,2,0,20,acept,furnished,737.68,6523.38,160.42,78.11,7499.59
Sao Paulo,108.2,2,1,0,25,acept,furnished,691.19,4465.34,167.25,52.32,5376.1
Sao Paulo,96.7,3,3,1,0,not acept,furnished,486.78,4872.23,55.58,70.49,5485.08
Porto Alegre,63.0,4,3,0,17,not acept,furnished,466.54,2619.5,33.74,28.95,3148.73
Fortaleza,62.0,2,3,2,17,not acept,furnished,282.7,,80.54,27.85,2960.18
Recife,18.0,3,3,2,23,not acept,not furnished,146.97,1080.06,13.34,7.31,1247.68
Sao Paulo,39.0,3,2,0,20,acept,furnished,105.04,542.35,12.06,3.54,662.99
Fortaleza,43.3,1,1,1,12,acept,furnished,216.87,10966.932026371785,58.74,17.51,1745.33
Rio de Janeiro,156.6,2,2,1,9,not acept,not furnished,1000.33,5874.84,133.88,79.2,7088.25
Sao Paulo,73.7,3,2,2,30,acept,furnished,487.61,2877.37,74.35,37.22,3476.55
Fortaleza,84.1,3,4,3,14,not acept,not furnished,203.82,1620.6,66.08,23.2,1913.7
Curitiba,122.9,1,1,0,11,not acept,not furnished,355.73,3865.82,61.62,25.09,4308.26
Sao Paulo,179.5,2,2,1,30,acept,not furnished,774.62,6408.94,278.61,87.32,7549.49
Rio de Janeiro,98.2,3,4,2,3,acept,not furnished,306.69,3648.75,37.93,38.46,4031.83
Sao Paulo,66.3,2,3,2,3,not acept,not furnished,165.02,1477.34,28.77,17.95,1689.08
Porto Alegre,70.4,4,4,1,30,acept,not furnished,206.83,2451.94,64.29,19.55,2742.61
Rio de Janeiro,61.2,1,1,0,19,not acept,not furnished,416.63,3196.3,59.4,16.64,3688.97
Recife,35.2,2,1,1,14,not acept,not furnished,80.78,996.22,43.17,5.04,1125.21
Sao Paulo,77.0,2,2,1,0,not acept,not furnished,487.74,2847.6,134.27,19.96,3489.57
Rio de Janeiro,73.3,4,3,1,9,not acept,furnished,691.77,3537.27,76.45,27.21,4332.7
Rio de Janeiro,18.0,3,2,1,12,not acept,not furnished,146.49,1748.12,26.38,18.95,1939.94
Belo Horizonte,68.6,4,3,0,14,not acept,furnished,320.7,2147.47,91.0,29.14,2588.31
Rio de Janeiro,20.5,2,3,2,12,acept,not furnished,82.6,734.55,36.56,6.13,859.84
Porto Alegre,44.2,4,5,2,12,acept,not furnished,319.83,2238.97,76.3,29.77,2664.87
Fortaleza,66.4,4,3,1,30,acept,furnished,598.52,3098.33,153.1,22.7,3872.65
Fortaleza,40.5,2,2,1,30,not acept,not furnished,262.75,1529.12,16.67,14.21,1822.75
Salvador,33.7,5,5,2,0,acept,not furnished,80.02,471.92,19.33,2.8,574.07
Salvador,26.2,4,4,0,3,acept,furnished,149.32,1296.08,39.05,12.16,1496.61
Belo Horizonte,104.6,5,5,1,29,acept,not furnished,463.15,2637.89,68.18,31.61,3200.83
Salvador,19.4,4,3,2,8,not acept,not furnished,91.38,990.05,33.01,13.09,1127.53
Rio de Janeiro,159.9,3,2,2,18,acept,not furnished,869.62,5273.63,103.52,50.11,6296.88
Rio de Janeiro,99.2,4,4,1,24,acept,not furnished,540.57,4206.76,121.89,31.03,4900.25
Rio de Janeiro,71.8,2,1,0,13,acept,not furnished,348.55,2631.19,79.36,13.88,3072.98
Rio de Janeiro,21.2,3,3,0,0,not acept,not furnished,265.51,1913.16,77.36,23.21,2279.24
Sao Paulo,109.4,2,2,0,25,acept,not furnished,496.09,2881.1,93.44,23.36,3493.99
Recife,77.3,3,4,1,22,not acept,not furnished,204.55,1742.6,56.12,20.54,2023.81
Rio de Janeiro,83.8,3,3,1,0,not acept,furnished,436.31,3672.07,41.89,41.95,4192.22
Sao Paulo,178.5,3,4,0,27,acept,not furnished,868.84,6099.71,266.78,39.61,7274.94
Belo Horizonte,63.4,4,4,0,26,not acept,not furnished,332.55,2965.65,82.17,40.48,3420.85
Sao Paulo,183.4,2,1,1,6,acept,furnished,904.93,6776.78,305.53,50.47,8037.71
Sao Paulo,107.3,3,4,2,0,acept,furnished,855.07,5369.64,235.85,61.26,6521.82
Sao Paulo,118.4,1,1,2,11,acept,not furnished,738.91,3717.18,125.2,39.01,4620.3
Rio de Janeiro,113.5,1,1,1,26,not acept,furnished,457.05,4101.36,43.02,44.52,4645.95
Rio de Janeiro,121.8,3,4,1,13,not acept,furnished,644.12,5779.03,157.31,55.11,6635.57
Porto Alegre,28.3,3,3,1,7,acept,furnished,141.38,1110.62,22.79,11.42,1286.21
Porto Alegre,64.9,2,2,1,5,acept,furnished,340.68,2141.43,36.04,26.97,2545.12
Rio de Janeiro,65.8,2,1,2,9,not acept,not furnished,303.59,1588.25,49.85,13.86,1955.55
Rio de Janeiro,149.4,2,3,1,30,not acept,not furnished,1014.09,5230.42,129.23,65.18,6438.92
Rio de Janeiro,78.7,3,2,3,26,not acept,furnished,422.55,3504.82,138.81,21.22,4087.4
Porto Alegre,35.8,3,2,2,15,not acept,furnished,230.94,1775.45,35.24,19.24,2060.87
Sao Paulo,181.3,1,2,2,24,not acept,not furnished,846.75,6397.29,206.17,63.64,7513.85
Sao Paulo,45.7,3,2,2,8,acept,not furnished,173.07,1420.09,42.88,17.25,1653.29
Porto Alegre,76.7,2,2,1,18,not acept,furnished,357.97,3037.48,79.98,28.67,3504.1
Rio de Janeiro,169.9,3,4,1,26,not acept,not furnished,478.6,5403.82,240.3,64.2,6186.92
Sao Paulo,43.6,1,2,2,9,not acept,not furnished,277.96,1911.57,65.39,25.38,2280.3
Sao Paulo,86.9,5,6,1,24,acept,furnished,724.93,4545.58,185.74,35.57,5491.82
Fortaleza,18.0,1,2,1,18,not acept,not furnished,365.23,1835.45,77.81,16.4,2294.89
Salvador,91.5,3,4,1,18,acept,not furnished,396.18,2567.58,40.89,20.36,3025.01
Curitiba,66.6,3,4,1,0,not acept,not furnished,429.84,2804.78,36.3,20.06,3290.98
Rio de Janeiro,88.5,1,1,2,27,acept,not furnished,430.0,3455.3,46.31,37.27,3968.88
Belo Horizonte,26.7,1,2,2,23,not acept,not furnished,101.87,1172.27,33.05,17.41,1324.6
Recife,63.8,2,1,1,0,not acept,not furnished,338.56,2202.75,56.05,11.64,2609.0
Recife,93.7,4,3,0,18,not acept,furnished,316.76,3332.0,159.91,25.21,3833.88
Sao Paulo,110.3,1,1,0,22,not acept,not furnished,843.92,4985.64,135.23,74.26,6039.05
Salvador,24.0,3,4,0,24,not acept,not furnished,270.43,1586.13,25.16,12.76,1894.48
Sao Paulo,85.3,3,2,2,0,acept,furnished,350.65,3786.25,62.77,18.96,4218.63
Sao Paulo,110.4,2,2,1,18,not acept,furnished,399.87,3528.86,83.11,52.59,4064.43
Curitiba,99.4,1,1,2,5,not acept,furnished,585.97,3284.82,144.54,41.43,4056.76
Rio de Janeiro,24.0,4,5,1,12,not acept,not furnished,156.17,798.98,30.04,5.28,990.47
Fortaleza,95.2,2,2,2,15,not acept,not furnished,381.73,2276.69,92.86,14.38,2765.66
Sao Paulo,21.9,1,1,3,0,not acept,not furnished,129.88,1013.44,22.89,10.54,1176.75
Belo Horizonte,82.7,3,3,0,7,acept,not furnished,543.32,3030.8,91.23,15.5,3680.85
Fortaleza,18.0,2,1,2,24,acept,not furnished,110.85,962.71,44.22,12.05,1129.83
Fortaleza,18.0,3,2,1,25,acept,furnished,205.85,1119.06,41.44,9.35,1375.7
Sao Paulo,129.5,1,2,0,8,acept,not furnished,332.49,3905.23,148.8,57.56,4444.08
Rio de Janeiro,42.5,5,5,0,12,acept,not furnished,260.6,,20.63,6.8,1596.57
Belo Horizonte,81.7,2,3,1,25,acept,not furnished,266.8,2860.74,102.07,39.27,3268.88
Sao Paulo,33.5,5,6,1,4,acept,not furnished,170.98,,31.77,7.75,1111.25
Recife,44.3,2,3,1,22,not acept,furnished,367.77,2017.35,81.98,23.55,2490.65
Fortaleza,36.5,2,2,1,11,acept,not furnished,140.2,1217.21,44.66,18.25,1420.32
Sao Paulo,182.6,4,4,2,30,not acept,not furnished,639.16,4717.67,180.24,60.11,5597.18
Sao Paulo,144.6,2,3,0,17,not acept,not furnished,423.18,4002.2,169.13,45.12,4639.63
Sao Paulo,125.0,2,2,2,2,not acept,furnished,689.91,5009.21,201.43,42.03,5942.58
Fortaleza,24.3,1,1,1,3,acept,furnished,189.12,1859.66,69.55,18.9,2137.23
Sao Paulo,84.5,5,5,2,0,acept,not furnished,500.81,4350.55,116.22,45.01,5012.59
Rio de Janeiro,56.7,1,1,1,21,not acept,not furnished,161.44,1906.0,28.43,22.26,2118.13
Rio de Janeiro,171.2,3,3,1,12,not acept,furnished,869.01,5942.96,135.03,77.44,7024.44
Belo Horizonte,57.0,3,4,1,0,acept,not furnished,314.82,1887.11,71.7,25.68,2299.31
Sao Paulo,132.6,1,2,0,1,not acept,not furnished,581.01,43431.95872131625,275.23,63.7,6491.79
Sao Paulo,112.8,1,1,0,7,acept,furnished,752.23,4901.91,89.43,43.76,5787.33
Fortaleza,33.1,4,3,1,11,not acept,furnished,140.0,1632.3,26.28,22.7,1821.28
Fortaleza,65.4,3,3,1,28,not acept,not furnished,171.46,1904.75,56.14,22.28,2154.63
Porto Alegre,85.7,3,2,1,15,acept,not furnished,400.75,2757.42,116.2,16.97,3291.34
Sao Paulo,154.5,2,3,0,27,not acept,not furnished,357.95,4108.98,51.45,22.63,4541.01
Rio de Janeiro,60.0,2,2,1,6,acept,furnished,145.41,1078.2,47.78,6.74,1278.13
Curitiba,68.9,3,2,0,8,not acept,not furnished,176.27,14230.509632565214,34.31,25.82,2246.58
Sao Paulo,77.8,3,4,1,27,not acept,not furnished,391.81,20554.57058754454,102.13,46.85,3754.6
Fortaleza,76.2,3,4,1,14,acept,furnished,427.06,2299.99,77.32,27.96,2832.33
Curitiba,68.4,2,2,3,17,acept,not furnished,470.21,2773.01,65.57,15.83,3324.62
Sao Paulo,318.3,5,5,1,16,not acept,not furnished,1335.21,10300.43,317.69,120.59,12073.92
Fortaleza,57.3,1,1,2,19,acept,furnished,331.94,2720.03,69.92,17.23,3139.12
Recife,30.1,1,1,1,17,not acept,not furnished,154.69,1249.88,58.61,11.93,1475.11
Sao Paulo,144.4,4,3,0,20,not acept,furnished,659.15,6879.57,75.41,46.66,7660.79
Belo Horizonte,43.3,3,3,1,2,acept,not furnished,144.47,1138.62,50.93,13.06,1347.08
Rio de Janeiro,89.7,2,1,1,21,not acept,furnished,670.0,4451.92,58.24,50.98,5231.14
Rio de Janeiro,73.4,3,4,2,2,acept,furnished,347.4,1911.36,60.72,27.0,2346.48
Sao Paulo,99.7,3,3,2,9,not acept,not furnished,719.28,4442.61,221.8,31.49,5415.18
Belo Horizonte,19.5,1,1,1,25,acept,furnished,179.83,1148.68,21.01,16.47,1365.99
Recife,75.5,3,3,0,17,not acept,not furnished,196.17,2227.65,60.3,28.56,2512.68
Belo Horizonte,59.3,2,2,0,29,not acept,furnished,339.68,3497.27,97.99,21.31,3956.25
Sao Paulo,148.6,1,1,1,6,not acept,not furnished,383.86,4202.92,155.27,35.44,4777.49
Curitiba,111.0,2,2,2,28,not acept,not furnished,373.83,3632.8,81.76,48.87,4137.26
Rio de Janeiro,204.2,3,3,1,19,acept,not furnished,1162.09,6722.03,288.97,42.33,8215.42
Salvador,74.7,1,1,1,9,acept,furnished,462.89,2997.12,55.21,20.09,3535.31
Rio de Janeiro,40.5,4,4,3,23,not acept,furnished,297.37,2234.52,111.35,28.55,2671.79
Sao Paulo,113.7,3,3,0,29,acept,not furnished,335.89,4126.91,180.07,41.53,4684.4
Sao Paulo,18.0,2,2,3,23,acept,furnished,117.46,733.33,8.33,8.73,867.85
Porto Alegre,64.0,3,2,1,0,acept,not furnished,250.28,1729.36,65.76,19.8,2065.2
Sao Paulo,106.3,4,4,1,0,not acept,furnished,395.25,4394.65,70.47,29.87,4890.24
Porto Alegre,33.6,3,3,2,1,not acept,not furnished,190.53,1161.12,49.39,17.05,1418.09
Sao Paulo,179.5,2,3,1,26,not acept,not furnished,693.87,76965.36246994308,155.25,82.12,7105.62
Rio de Janeiro,18.0,1,1,2,22,acept,furnished,152.27,1102.78,22.3,8.33,1285.68
Rio de Janeiro,112.2,4,5,1,18,not acept,not furnished,482.85,4083.18,56.09,47.48,4669.6
Recife,34.8,2,3,3,20,not acept,not furnished,195.43,1646.3,34.37,8.39,1884.49
Fortaleza,49.8,1,1,0,18,acept,not furnished,170.02,1952.39,23.99,9.94,2156.34
Sao Paulo,81.9,3,3,3,9,acept,not furnished,296.98,3464.1,171.83,18.76,3951.67
Rio de Janeiro,126.5,2,2,2,21,acept,not furnished,794.32,4582.54,94.08,45.68,5516.62
Sao Paulo,116.0,5,6,0,28,acept,furnished,460.04,5722.33,126.17,63.75,6372.29
Belo Horizonte,130.1,4,3,1,22,not acept,not furnished,419.18,3660.49,88.33,23.88,4191.88
Rio de Janeiro,18.0,3,2,0,26,not acept,furnished,89.57,461.33,12.45,4.63,567.98
Fortaleza,28.9,4,4,1,5,acept,not furnished,340.16,1934.34,45.09,21.79,2341.38
Fortaleza,51.6,3,3,3,9,acept,not furnished,214.43,1507.88,50.24,17.54,1790.09
Rio de Janeiro,94.3,3,4,0,14,not acept,not furnished,494.15,2922.91,100.56,39.13,3556.75
Rio de Janeiro,18.0,3,4,1,13,acept,not furnished,417.43,2160.01,25.52,20.77,2623.73
Fortaleza,84.9,1,1,2,13,acept,not furnished,440.99,2287.48,74.36,33.65,2836.48
Salvador,60.9,4,5,1,19,not acept,not furnished,490.97,3677.73,165.01,53.09,4386.8
Sao Paulo,107.8,4,3,1,26,acept,not furnished,611.43,5151.5,83.79,76.49,5923.21
Rio de Janeiro,176.5,5,5,1,27,acept,not furnished,990.6,5834.74,135.45,84.83,7045.62
Rio de Janeiro,66.2,3,2,1,2,acept,not furnished,229.0,1772.11,60.76,19.8,2081.67
Sao Paulo,86.1,2,1,1,0,not acept,furnished,331.0,3357.8,117.51,33.33,3839.64
Sao Paulo,154.0,2,2,2,8,not acept,not furnished,430.63,4170.73,54.05,38.55,4693.96
Sao Paulo,190.0,2,1,1,22,acept,not furnished,1025.93,7066.87,191.14,65.07,8349.01
Curitiba,103.0,1,2,2,24,not acept,furnished,501.57,3554.69,40.92,35.82,4133.0
Sao Paulo,22.0,2,3,0,10,not acept,not furnished,170.47,1257.17,59.25,13.99,1500.88
Sao Paulo,235.9,3,3,1,8,acept,furnished,1183.42,9512.54,352.72,79.04,11127.72
Sao Paulo,155.7,3,3,1,2,not acept,not furnished,666.42,5599.6,78.35,55.73,6400.1
Salvador,40.4,2,3,1,5,acept,not furnished,143.11,1395.04,50.38,11.47,1600.0
Salvador,18.0,3,4,1,1,not acept,not furnished,258.98,1600.42,22.32,13.44,1895.16
Rio de Janeiro,62.6,2,3,2,7,not acept,furnished,282.97,2015.85,24.7,19.13,2342.65
Rio de Janeiro,75.6,3,4,0,20,acept,furnished,371.32,24104.257130393067,55.59,25.56,3439.25
Recife,59.7,5,4,1,1,not acept,not furnished,323.9,1869.14,91.43,22.37,2306.84
Sao Paulo,145.6,3,4,1,8,not acept,not furnished,914.11,5863.84,194.48,56.77,7029.2
Sao Paulo,153.0,1,1,1,15,not acept,not furnished,823.75,4826.45,111.09,57.67,5818.96
Sao Paulo,131.0,3,3,1,8,not acept,not furnished,877.06,5574.53,70.39,69.37,6591.35
Sao Paulo,156.0,3,4,2,12,not acept,furnished,775.39,5002.47,53.15,31.31,5862.32
Rio de Janeiro,96.9,3,2,2,14,not acept,not furnished,394.89,3051.32,139.65,30.02,3615.88
Fortaleza,40.8,5,6,1,23,not acept,not furnished,244.09,2146.28,62.7,19.67,2472.74
Belo Horizonte,117.1,1,2,0,25,not acept,furnished,498.35,4625.87,63.14,31.12,5218.48
Rio de Janeiro,80.5,2,2,2,4,acept,not furnished,747.46,3979.25,126.57,30.65,4883.93
Fortaleza,71.7,2,2,0,9,not acept,furnished,271.79,2610.78,32.92,24.8,2940.29
Sao Paulo,185.9,3,2,1,16,not acept,not furnished,1080.72,6723.54,176.24,47.71,8028.21
Sao Paulo,44.1,3,2,1,14,acept,furnished,245.21,2387.01,110.83,17.17,2760.22
Belo Horizonte,24.6,1,1,1,0,not acept,not furnished,317.04,1645.52,77.42,23.66,2063.64
Belo Horizonte,119.7,2,2,3,9,acept,furnished,419.74,4054.48,195.01,24.03,4693.26
Sao Paulo,90.6,3,2,2,5,not acept,not furnished,629.47,3447.57,54.16,29.04,4160.24
Rio de Janeiro,27.5,5,6,1,11,acept,furnished,99.31,2952.3977953243248,8.96,3.36,628.29
Curitiba,100.2,2,3,1,8,acept,furnished,442.03,4216.7,185.7,29.98,4874.41
Curitiba,71.1,2,2,0,20,acept,furnished,461.86,2477.17,34.93,33.24,3007.2
Curitiba,119.0,3,4,2,11,acept,not furnished,374.82,4024.42,42.24,32.86,4474.34
Rio de Janeiro,103.4,2,1,0,5,not acept,not furnished,572.87,22471.55816274104,132.61,20.26,4218.88
Sao Paulo,18.0,3,4,1,18,not acept,not furnished,173.91,1234.94,34.26,11.69,1454.8
Rio de Janeiro,77.1,3,2,0,21,acept,not furnished,388.33,1988.01,83.78,14.08,2474.2
Sao Paulo,80.7,3,2,0,1,not acept,not furnished,440.18,3196.36,51.79,37.28,3725.61
Recife,34.6,4,3,2,6,acept,not furnished,115.21,1306.03,35.89,9.45,1466.58
Rio de Janeiro,161.4,2,3,2,4,not acept,not furnished,547.4,5753.16,245.5,85.96,6632.02
Rio de Janeiro,58.2,4,4,1,4,acept,furnished,298.77,2519.73,51.27,15.66,2885.43
Porto Alegre,89.7,4,3,2,27,not acept,not furnished,475.85,3491.82,100.73,39.98,4108.38
Rio de Janeiro,30.8,2,3,2,1,not acept,furnished,335.37,1720.26,60.02,15.09,2130.74
Rio de Janeiro,110.7,1,1,2,26,not acept,not furnished,468.65,3393.15,131.66,35.05,4028.51
Salvador,52.1,4,5,2,10,acept,not furnished,489.57,2555.16,78.94,22.09,3145.76
Salvador,24.6,3,3,0,19,not acept,furnished,238.56,12736.032147755599,48.97,17.13,1562.89
Curitiba,60.1,2,3,0,12,not acept,furnished,349.3,3484.41,139.78,29.63,4003.12
Sao Paulo,65.5,2,1,0,17,acept,not furnished,515.14,2706.81,117.3,22.85,3362.1
Belo Horizonte,94.8,3,4,1,16,acept,not furnished,326.07,2947.57,136.54,28.38,3438.56
Porto Alegre,105.9,2,2,3,12,acept,not furnished,499.42,2768.16,105.51,25.03,3398.12
Sao Paulo,69.1,3,2,2,6,acept,furnished,713.26,3619.97,166.11,25.05,4524.39
Sao Paulo,18.0,3,2,2,28,acept,not furnished,148.4,1674.27,20.8,17.38,1860.85
Fortaleza,28.9,4,5,1,28,acept,not furnished,206.88,1278.86,19.44,8.89,1514.07
Sao Paulo,149.4,3,2,2,0,acept,furnished,844.18,6436.73,168.47,50.5,7499.88
Porto Alegre,42.9,3,3,1,5,acept,furnished,265.05,1968.96,32.8,25.0,2291.81
Rio de Janeiro,67.4,3,2,1,16,acept,not furnished,241.39,1641.54,38.57,11.54,1933.04
Rio de Janeiro,34.9,2,2,2,30,acept,not furnished,390.99,2021.13,91.65,10.28,2514.05
Sao Paulo,162.1,3,3,0,21,not acept,not furnished,821.7,5272.19,78.59,63.18,6235.66
Salvador,31.6,3,3,2,24,acept,not furnished,100.95,507.24,17.97,7.21,633.37
Rio de Janeiro,52.2,4,3,2,8,not acept,furnished,462.18,2360.11,45.21,16.66,2884.16
Belo Horizonte,76.5,3,2,1,4,not acept,furnished,443.95,2429.19,72.08,31.12,2976.34
Curitiba,77.4,3,4,0,5,acept,furnished,549.34,18279.554628884045,86.61,44.72,4032.44
Curitiba,61.8,2,2,2,13,not acept,not furnished,202.2,1875.36,83.6,23.74,2184.9
Recife,82.2,4,4,1,26,acept,not furnished,240.21,1614.76,50.96,21.72,1927.65
Belo Horizonte,56.6,2,3,2,4,not acept,furnished,354.18,3277.75,140.49,38.95,3811.37
Rio de Janeiro,71.9,5,6,0,16,not acept,furnished,596.7,3067.74,81.48,16.63,3762.55
Recife,103.5,2,2,1,24,acept,not furnished,514.09,2635.59,96.11,24.98,3270.77
Curitiba,35.7,1,1,1,14,not acept,furnished,242.79,2024.77,93.88,14.04,2375.48
Sao Paulo,59.0,4,5,1,11,not acept,not furnished,162.05,1889.3,30.13,20.66,2102.14
Sao Paulo,237.8,3,2,1,9,not acept,not furnished,1425.13,7946.81,257.55,95.27,9724.76
Salvador,18.0,3,4,0,17,acept,not furnished,73.91,604.57,21.33,8.93,708.74
Rio de Janeiro,48.2,1,1,3,24,acept,not furnished,267.94,2264.13,78.54,26.35,2636.96
Curitiba,62.0,4,4,2,30,not acept,furnished,355.52,2376.56,76.18,22.92,2831.18
Rio de Janeiro,142.5,3,2,0,26,not acept,not furnished,338.08,4222.97,176.45,58.44,4795.94
Sao Paulo,96.4,3,3,0,12,not acept,furnished,678.24,5426.07,67.0,34.99,6206.3
Belo Horizonte,29.7,4,4,1,0,not acept,not furnished,149.25,1148.43,41.94,8.18,1347.8
Sao Paulo,133.4,3,4,1,1,acept,not furnished,798.77,4065.1,184.76,31.08,5079.71
Rio de Janeiro,94.3,1,1,1,0,acept,not furnished,323.23,3264.78,152.13,24.45,3764.59
Belo Horizonte,61.0,3,4,1,9,acept,furnished,242.84,2476.07,42.35,22.02,2783.28
Rio de Janeiro,117.7,3,2,0,13,not acept,not furnished,513.95,3330.33,113.46,40.8,3998.54
Porto Alegre,54.5,4,4,3,25,acept,not furnished,172.39,1928.68,40.91,28.23,2170.21
Salvador,76.7,2,3,2,0,not acept,not furnished,274.26,1774.81,69.07,13.89,2132.03
Porto Alegre,65.7,3,4,1,5,not acept,not furnished,136.39,1058.15,13.95,6.68,1215.17
Sao Paulo,35.0,3,4,1,14,not acept,not furnished,135.13,1682.51,25.16,24.7,1867.5
Sao Paulo,167.5,1,1,2,25,acept,furnished,736.53,68782.22727103814,204.54,64.36,6548.36
Belo Horizonte,18.0,1,1,1,0,not acept,not furnished,141.14,836.85,26.71,5.99,1010.69
Fortaleza,98.2,3,3,1,5,not acept,furnished,198.33,2067.82,94.79,25.99,2386.93
Salvador,73.2,3,2,1,15,not acept,furnished,307.58,3014.67,33.55,28.62,3384.42
Salvador,18.0,3,4,0,8,not acept,not furnished,43.25,400.0,15.22,4.39,462.86
Rio de Janeiro,99.3,4,4,0,30,acept,not furnished,474.62,3743.45,144.38,51.2,4413.65
Rio de Janeiro,58.2,3,3,1,12,not acept,not furnished,373.05,1923.91,83.05,13.82,2393.83
Rio de Janeiro,88.5,3,4,2,28,acept,not furnished,158.05,1786.61,72.93,16.63,2034.22
Sao Paulo,199.7,1,1,3,29,acept,not furnished,1166.29,6530.14,200.86,35.25,7932.54
Sao Paulo,100.0,1,1,2,6,acept,not furnished,697.57,3961.48,85.08,48.69,4792.82
Recife,80.9,3,4,1,8,not acept,not furnished,228.97,1685.03,43.42,10.33,1967.75
Sao Paulo,157.3,3,4,1,8,not acept,furnished,629.22,6532.32,201.86,83.5,7446.9
Sao Paulo,167.0,3,4,1,12,acept,furnished,881.13,5741.82,58.45,60.08,6741.48
Sao Paulo,148.6,3,2,1,0,acept,not furnished,752.82,4513.3,61.47,37.16,5364.75
Fortaleza,73.2,3,3,1,24,not acept,not furnished,193.5,1961.92,62.18,12.53,2230.13
Belo Horizonte,59.1,1,1,1,2,not acept,not furnished,367.94,2245.25,111.89,17.05,2742.13
Curitiba,36.7,3,2,1,27,not acept,furnished,408.3,2143.74,53.72,21.69,2627.45
Fortaleza,18.0,3,4,1,16,acept,not furnished,48.94,476.38,19.98,2.48,547.78
Rio de Janeiro,41.0,3,4,1,13,acept,not furnished,170.07,1788.72,45.22,12.04,2016.05
Curitiba,107.2,3,4,2,19,acept,not furnished,618.05,3862.24,57.85,43.05,4581.19
Sao Paulo,126.5,3,2,2,28,acept,furnished,672.52,4882.75,213.29,53.28,5821.84
Sao Paulo,178.7,2,2,1,7,not acept,not furnished,1214.84,6657.65,241.68,63.02,8177.19
Salvador,44.5,2,3,1,6,acept,furnished,254.02,1790.03,27.4,9.07,2080.52
Porto Alegre,111.6,2,2,1,9,not acept,not furnished,529.47,2966.05,81.39,30.43,3607.34
Rio de Janeiro,136.4,3,3,0,13,not acept,furnished,548.71,4306.55,81.9,60.62,4997.78
Rio de Janeiro,95.6,2,2,0,0,not acept,furnished,447.5,4322.18,158.49,38.57,4966.74
Belo Horizonte,100.1,2,3,0,20,acept,not furnished,395.28,3160.85,90.34,16.28,3662.75
Sao Paulo,90.7,5,5,1,15,not acept,furnished,322.45,2618.47,57.44,29.41,3027.77
Sao Paulo,91.2,3,2,3,15,not acept,furnished,428.94,3699.67,119.35,42.14,4290.1
Sao Paulo,152.7,1,1,1,5,acept,not furnished,584.56,5407.41,249.89,55.71,6297.57
Sao Paulo,141.8,3,2,2,25,acept,not furnished,568.77,4500.13,119.74,43.86,5232.5
Salvador,42.3,3,4,1,10,acept,not furnished,238.43,1212.79,58.99,16.44,1526.65
Sao Paulo,158.8,3,2,1,19,acept,furnished,1023.01,7359.72,283.12,92.87,8758.72
Sao Paulo,115.1,3,3,0,5,acept,furnished,476.45,4929.2,168.11,58.82,5632.58
Belo Horizonte,106.5,2,3,1,24,acept,not furnished,326.75,3019.26,37.41,29.3,3412.72
Salvador,88.0,2,3,2,7,acept,not furnished,187.73,1534.26,65.06,13.32,1800.37
Sao Paulo,179.6,2,2,1,28,acept,furnished,725.86,7073.96,261.04,66.72,8127.58
Sao Paulo,161.7,2,1,1,12,acept,not furnished,840.17,4971.1,74.95,69.35,5955.57
Rio de Janeiro,52.7,3,3,2,2,not acept,furnished,365.74,2091.4,21.8,28.64,2507.58
Porto Alegre,58.4,2,2,1,18,not acept,not furnished,410.05,2325.71,110.3,17.98,2864.04
Belo Horizonte,96.6,3,4,2,16,acept,not furnished,478.21,2518.32,45.17,26.49,3068.19
Salvador,41.3,3,2,0,11,acept,not furnished,271.59,1483.67,39.88,20.29,1815.43
Recife,18.0,2,1,1,24,acept,not furnished,166.03,1109.18,29.67,12.32,1317.2
Porto Alegre,75.5,1,1,2,11,acept,furnished,451.06,3223.72,43.32,17.23,3735.33
Belo Horizonte,41.5,2,2,2,2,acept,furnished,467.14,2653.06,111.87,30.89,3262.96
Rio de Janeiro,105.4,2,3,1,0,not acept,not furnished,572.25,2921.74,99.77,15.18,3608.94
Sao Paulo,109.2,3,4,2,27,not acept,not furnished,318.05,3801.48,119.38,48.56,4287.47
Recife,28.1,4,5,3,13,acept,furnished,267.51,2170.67,96.63,18.95,2553.76
Rio de Janeiro,93.1,3,2,1,16,not acept,furnished,751.81,4694.08,217.86,32.14,5695.89
Sao Paulo,39.3,3,2,2,1,acept,not furnished,259.15,2108.69,31.94,23.18,2422.96
Curitiba,53.7,2,3,1,13,acept,not furnished,364.49,2124.78,79.69,20.13,2589.09
Sao Paulo,90.4,3,3,2,15,acept,furnished,781.76,4466.79,92.6,35.52,5376.67
Belo Horizonte,102.5,3,4,3,13,not acept,not furnished,486.63,3004.95,123.85,31.33,3646.76
Belo Horizonte,46.0,1,1,2,29,acept,not furnished,192.43,1943.57,28.52,15.25,2179.77
Rio de Janeiro,60.4,4,5,0,16,not acept,not furnished,447.31,2330.96,40.84,12.33,2831.44
Salvador,18.0,1,1,0,30,acept,not furnished,89.51,749.82,13.89,8.78,862.0
Sao Paulo,158.8,3,4,2,2,not acept,not furnished,1055.23,5348.22,186.76,27.93,6618.14
Rio de Janeiro,155.5,3,2,1,28,not acept,not furnished,690.82,5651.41,207.51,59.01,6608.75
Belo Horizonte,42.5,4,3,2,16,acept,furnished,195.71,1971.02,92.13,23.6,2282.46
Curitiba,43.4,4,3,0,7,not acept,furnished,282.24,2462.83,31.93,14.94,2791.94
Porto Alegre,64.3,4,3,2,22,not acept,not furnished,396.42,2230.34,83.35,14.57,2724.68
Rio de Janeiro,94.6,3,4,2,16,not acept,not furnished,284.86,2435.13,25.57,35.74,2781.3
Curitiba,143.2,3,2,2,16,not acept,not furnished,636.85,4196.58,127.46,40.73,5001.62
Sao Paulo,152.5,1,1,1,3,acept,not furnished,785.58,4804.62,136.55,63.66,5790.41
Fortaleza,98.0,3,3,2,20,acept,not furnished,337.87,2899.49,34.22,41.97,3313.55
Rio de Janeiro,74.2,4,3,1,7,acept,furnished,405.87,2542.19,44.42,32.67,3025.15
Porto Alegre,52.5,3,2,0,9,not acept,not furnished,249.53,2532.31,106.54,36.7,2925.08
Sao Paulo,115.9,1,1,3,27,acept,furnished,634.93,4079.59,90.42,56.59,4861.53
Sao Paulo,18.0,2,3,0,3,not acept,not furnished,82.1,517.71,15.16,5.9,620.87
Rio de Janeiro,90.9,2,2,1,27,acept,not furnished,246.35,2935.39,75.65,29.72,3287.11
Fortaleza,18.0,2,2,2,14,not acept,not furnished,74.9,7556.703112509886,11.32,8.53,744.41
Belo Horizonte,91.0,2,2,1,3,not acept,not furnished,253.36,3138.39,149.51,42.8,3584.06
Fortaleza,52.7,2,3,2,24,not acept,not furnished,395.25,2257.36,27.36,32.36,2712.33
Rio de Janeiro,73.7,2,3,1,19,acept,not furnished,265.2,1985.12,56.55,14.25,2321.12
Rio de Janeiro,83.5,1,1,0,9,not acept,not furnished,492.57,3753.9,88.04,45.65,4380.16
Sao Paulo,98.7,4,4,3,7,not acept,not furnished,317.99,2358.49,86.49,34.87,2797.84
Salvador,50.3,3,3,1,11,acept,not furnished,142.21,1106.58,39.7,11.48,1299.97
Sao Paulo,83.9,3,2,0,2,not acept,not furnished,293.21,2939.26,111.3,40.66,3384.43
Fortaleza,18.0,3,4,3,24,acept,furnished,313.42,1965.77,58.91,20.46,2358.56
Fortaleza,18.2,2,2,1,6,not acept,furnished,128.3,674.99,9.74,7.52,820.55
Recife,53.6,4,3,0,25,acept,not furnished,233.82,1178.5,35.51,10.66,1458.49
Belo Horizonte,30.0,4,4,2,22,acept,not furnished,114.94,654.49,29.56,4.84,803.83
Curitiba,19.4,1,1,3,29,not acept,not furnished,116.99,923.78,21.39,11.76,1073.92
Porto Alegre,69.3,1,2,2,0,not acept,furnished,192.76,1306.58,59.38,11.19,1569.91
Sao Paulo,37.2,3,3,0,9,not acept,not furnished,113.23,1388.91,52.94,18.69,1573.77
Belo Horizonte,47.6,2,3,0,18,not acept,not furnished,66.99,545.85,26.17,7.43,646.44
Sao Paulo,131.9,4,5,1,26,not acept,not furnished,726.1,4522.31,133.52,39.66,5421.59
Rio de Janeiro,157.6,3,3,1,2,acept,furnished,1126.36,6012.41,127.19,38.7,7304.66
Sao Paulo,122.5,2,1,1,26,not acept,not furnished,391.25,4195.23,54.24,38.34,4679.06
Sao Paulo,127.7,2,2,2,0,acept,furnished,492.93,5416.47,55.94,36.43,6001.77
Rio de Janeiro,98.5,3,3,0,13,acept,not furnished,283.59,2878.57,132.9,34.62,3329.68
Rio de Janeiro,101.0,1,1,2,0,not acept,furnished,420.49,4319.1,140.7,38.38,4918.67
Curitiba,55.7,4,3,3,2,not acept,furnished,188.55,1082.72,15.48,13.58,1300.33
Sao Paulo,94.3,1,2,1,23,not acept,furnished,521.03,3150.13,75.74,31.01,3777.91
Belo Horizonte,38.7,5,4,1,0,acept,not furnished,425.76,2258.18,75.45,13.46,2772.85
Sao Paulo,178.1,2,1,1,16,not acept,not furnished,697.9,6054.1,283.83,42.24,7078.07
Belo Horizonte,90.7,3,3,1,0,not acept,furnished,614.1,3801.24,150.72,53.69,4619.75
Curitiba,50.6,1,1,2,24,acept,not furnished,371.75,3004.05,80.36,25.92,3482.08
Belo Horizonte,21.7,2,1,1,24,not acept,not furnished,159.21,1649.81,19.12,16.34,1844.48
Porto Alegre,57.5,3,4,0,21,not acept,furnished,318.99,1829.85,65.25,14.14,2228.23
Rio de Janeiro,82.8,1,2,2,22,not acept,not furnished,355.48,2293.13,56.36,21.11,2726.08
Porto Alegre,54.0,2,2,0,17,not acept,not furnished,209.08,1271.88,16.28,11.04,1508.28
Rio de Janeiro,167.8,2,3,2,13,not acept,furnished,615.11,6178.79,267.02,39.32,7100.24
Rio de Janeiro,34.2,3,4,2,11,not acept,not furnished,422.44,2683.72,127.37,36.36,3269.89
Curitiba,79.8,3,4,0,19,acept,not furnished,337.55,2882.17,89.47,38.68,3347.87
Sao Paulo,47.1,3,2,2,10,acept,not furnished,224.66,2038.89,29.85,22.31,2315.71
Curitiba,84.0,1,1,1,0,acept,not furnished,589.91,,97.46,54.11,4475.91
Belo Horizonte,76.4,1,1,1,1,not acept,not furnished,209.08,29550.07792484244,33.0,28.36,2791.92
Rio de Janeiro,89.0,2,3,1,19,acept,not furnished,502.18,26778.594138226978,112.08,21.32,3299.5
Sao Paulo,186.6,4,4,0,9,not acept,not furnished,670.49,37631.230190978116,213.22,35.36,7657.11
Sao Paulo,108.5,4,3,0,30,acept,not furnished,438.14,3362.27,86.53,30.42,3917.36
Fortaleza,61.5,3,3,1,9,not acept,not furnished,325.79,2242.77,87.91,20.12,2676.59
Curitiba,18.0,4,3,1,1,not acept,not furnished,359.4,1994.63,86.72,24.42,2465.17
Sao Paulo,45.8,4,3,2,8,acept,not furnished,256.24,2399.58,99.14,19.9,2774.86
Rio de Janeiro,115.9,2,2,2,20,acept,furnished,887.96,4655.2,199.45,39.93,5782.54
Belo Horizonte,52.5,2,3,0,15,acept,not furnished,213.28,1845.28,82.52,17.31,2158.39
Salvador,63.8,2,2,2,18,not acept,not furnished,165.85,1147.37,32.97,11.57,1357.76
Sao Paulo,207.7,2,3,2,1,acept,not furnished,615.48,6136.75,223.2,84.7,7060.13
Sao Paulo,143.1,3,3,1,25,acept,not furnished,778.09,5030.15,169.1,37.03,6014.37
Fortaleza,64.4,3,3,1,27,not acept,not furnished,269.77,2730.31,41.27,32.93,3074.28
Sao Paulo,51.7,3,3,3,2,acept,furnished,229.6,2548.33,49.84,37.95,2865.72
Sao Paulo,120.2,2,1,1,18,not acept,not furnished,659.01,4741.17,79.99,61.65,5541.82
Recife,18.0,3,3,1,5,not acept,not furnished,259.99,1588.13,57.12,14.85,1920.09
Belo Horizonte,42.0,2,1,2,3,not acept,furnished,298.69,2916.9,129.89,18.11,3363.59
Sao Paulo,85.0,3,2,1,4,acept,not furnished,183.71,2122.11,85.59,19.98,2411.39
Sao Paulo,176.8,5,4,1,15,not acept,not furnished,504.17,,148.64,58.17,6635.55
Sao Paulo,112.1,2,2,3,27,not acept,furnished,375.05,4677.85,169.92,35.68,5258.5
Sao Paulo,61.6,2,2,1,24,not acept,not furnished,260.26,2408.77,63.59,19.38,2752.0
Fortaleza,20.5,3,3,2,2,acept,not furnished,99.43,540.44,11.34,5.21,656.42
Rio de Janeiro,74.9,4,4,1,14,not acept,not furnished,439.44,3273.25,149.72,28.06,3890.47
Porto Alegre,107.4,1,1,0,2,acept,furnished,675.93,3542.97,64.44,31.49,4314.83
Fortaleza,49.8,3,4,3,12,not acept,furnished,253.68,2307.68,81.64,16.8,2659.8
Rio de Janeiro,103.9,4,5,1,16,acept,not furnished,633.22,3198.0,128.0,25.15,3984.37
Sao Paulo,148.5,2,1,2,24,not acept,furnished,842.42,4706.69,163.52,28.42,5741.05
Belo Horizonte,44.7,2,1,2,26,acept,furnished,410.85,2360.37,34.94,26.29,2832.45
Fortaleza,33.1,3,4,1,0,not acept,not furnished,309.6,2043.98,42.48,14.73,2410.79
Salvador,45.2,2,3,1,20,not acept,furnished,285.27,2756.0,29.17,15.1,3085.54
Sao Paulo,128.4,2,3,0,11,not acept,not furnished,961.18,4949.45,199.7,48.62,6158.95
Curitiba,97.5,4,5,3,14,acept,furnished,581.46,3280.55,57.09,46.68,3965.78
Belo Horizonte,40.0,3,4,1,5,acept,not furnished,402.6,2238.08,99.03,30.92,2770.63
Fortaleza,18.0,1,1,2,0,not acept,furnished,204.91,1099.67,18.27,14.83,1337.68
Sao Paulo,34.0,2,3,1,25,not acept,not furnished,44.38,400.0,9.95,3.06,457.39
Belo Horizonte,40.1,3,3,1,5,not acept,not furnished,405.39,2199.1,34.5,18.71,2657.7
Fortaleza,60.8,3,3,3,27,not acept,furnished,429.34,3092.34,96.82,38.43,3656.93
Rio de Janeiro,85.7,3,2,3,0,not acept,not furnished,566.42,3575.86,120.69,23.01,4285.98
Rio de Janeiro,18.0,3,2,2,11,not acept,furnished,87.53,448.2,8.58,5.27,549.58
Sao Paulo,103.5,3,4,2,22,not acept,not furnished,562.15,2992.72,78.68,20.02,3653.57
Sao Paulo,129.2,5,4,1,6,acept,not furnished,486.45,4423.76,64.96,24.4,4999.57
Rio de Janeiro,36.8,4,5,1,29,acept,not furnished,67.22,400.0,16.61,2.46,486.29
Recife,50.8,1,1,1,18,not acept,furnished,370.36,2062.98,85.54,24.12,2543.0
Sao Paulo,191.8,2,1,3,4,not acept,furnished,891.49,6704.84,136.37,69.83,7802.53
Rio de Janeiro,136.0,2,3,3,24,not acept,furnished,556.67,5996.41,123.34,52.64,6729.06
Curitiba,56.8,2,1,1,30,acept,not furnished,152.6,1296.52,44.58,15.84,1509.54
Sao Paulo,77.3,2,3,1,5,acept,furnished,250.2,1488.39,51.14,19.95,1809.68
Rio de Janeiro,71.4,2,1,2,25,acept,furnished,517.1,3436.72,135.18,17.6,4106.6
Porto Alegre,18.0,1,2,2,30,acept,furnished,185.13,1072.67,14.87,15.22,1287.89
Salvador,54.3,1,1,2,5,acept,furnished,383.66,2045.23,75.43,27.07,2531.39
Curitiba,23.3,1,2,1,5,not acept,not furnished,126.75,1064.08,41.95,10.83,1243.61
Curitiba,38.4,1,1,1,21,acept,furnished,184.17,1133.0,23.97,8.1,1349.24
Sao Paulo,98.2,3,3,1,29,not acept,not furnished,339.19,3701.73,75.25,53.68,4169.85
Recife,18.0,2,2,0,20,acept,not furnished,123.41,772.56,28.26,8.98,933.21
Sao Paulo,93.6,4,5,0,14,acept,furnished,320.12,3797.94,55.69,19.96,4193.71
Porto Alegre,77.0,1,2,0,1,not acept,not furnished,236.13,2141.97,67.82,20.09,2466.01
Sao Paulo,46.4,4,4,0,28,acept,furnished,477.83,3571.75,107.42,42.5,4199.5
Fortaleza,46.8,1,2,1,0,acept,not furnished,416.14,2293.77,84.64,28.93,2823.48
Curitiba,33.2,3,4,1,4,acept,not furnished,116.72,11447.360034181238,40.86,15.71,1366.37
Porto Alegre,53.9,2,3,0,12,not acept,not furnished,391.77,2256.93,96.09,31.41,2776.2
Sao Paulo,73.0,4,3,0,14,not acept,not furnished,418.18,2830.35,35.19,37.21,3320.93
Rio de Janeiro,152.1,1,1,1,0,not acept,not furnished,718.06,5324.81,190.98,50.83,6284.68
Belo Horizonte,18.0,5,5,1,0,not acept,not furnished,193.01,1228.83,47.56,15.77,1485.17
Porto Alegre,55.8,1,1,0,1,acept,not furnished,216.83,1786.75,74.5,16.2,2094.28
Sao Paulo,135.9,2,2,2,0,acept,not furnished,931.2,4671.16,115.88,34.57,5752.81
Recife,22.8,3,4,0,30,acept,furnished,115.44,1237.77,26.86,9.6,1389.67
Fortaleza,37.5,3,4,1,5,not acept,not furnished,204.25,27744.740527538488,77.33,29.19,2424.51
Sao Paulo,96.6,5,6,0,26,not acept,furnished,620.43,3334.17,102.03,37.49,4094.12
Salvador,66.3,2,2,0,23,not acept,furnished,281.82,2651.32,66.42,21.52,3021.08
Belo Horizonte,23.0,3,3,1,21,acept,not furnished,151.07,1729.91,68.86,15.82,1965.66
Rio de Janeiro,140.3,3,2,1,19,acept,not furnished,745.54,3988.46,116.64,29.7,4880.34
Rio de Janeiro,209.1,3,4,2,14,acept,not furnished,616.6,7047.73,199.58,73.97,7937.88
Belo Horizonte,40.3,3,4,1,16,not acept,not furnished,376.27,2054.21,50.0,11.48,2491.96
Porto Alegre,18.0,1,1,2,27,acept,furnished,68.41,476.19,5.7,6.83,557.13
Rio de Janeiro,217.6,2,2,2,23,not acept,not furnished,969.29,6725.51,291.51,57.97,8044.28
Curitiba,102.5,3,3,1,5,acept,not furnished,326.98,3416.56,81.01,33.95,3858.5
Curitiba,27.5,3,3,1,1,not acept,furnished,467.33,3002.57,82.46,41.66,3594.02
Curitiba,75.9,4,5,1,7,not acept,furnished,453.37,3643.35,53.64,46.53,4196.89
Sao Paulo,66.0,4,3,0,2,not acept,not furnished,313.33,2536.89,87.65,25.99,2963.86
Salvador,29.4,4,3,1,29,acept,furnished,266.87,1630.74,55.09,19.53,1972.23
Rio de Janeiro,80.9,1,1,1,10,acept,furnished,634.49,3445.8,76.4,19.89,4176.58
Sao Paulo,84.0,2,3,1,3,acept,furnished,795.1,4739.34,115.29,56.69,5706.42
Sao Paulo,75.6,1,1,2,18,acept,not furnished,552.6,3414.7,136.47,26.01,4129.78
Rio de Janeiro,66.8,5,6,2,10,not acept,not furnished,416.99,2237.83,70.21,28.56,2753.59
Fortaleza,18.0,2,2,1,4,acept,not furnished,89.73,477.2,9.55,4.69,581.17
Rio de Janeiro,87.5,2,2,1,0,not acept,furnished,744.69,4423.15,143.97,29.39,5341.2
Porto Alegre,124.4,2,1,2,0,acept,not furnished,626.53,3511.19,158.0,40.79,4336.51
Sao Paulo,67.4,1,1,1,16,not acept,not furnished,317.05,2909.85,145.1,21.48,3393.48
Rio de Janeiro,71.1,2,1,1,22,not acept,furnished,687.47,4250.23,57.9,63.54,5059.14
Recife,18.0,1,1,1,28,not acept,furnished,61.47,443.18,12.37,5.59,522.61
Porto Alegre,55.8,2,1,1,17,acept,furnished,383.42,2108.0,58.76,20.41,2570.59
Sao Paulo,102.4,5,5,1,19,acept,not furnished,526.08,35022.387573801316,128.62,17.38,3365.55
Belo Horizonte,18.0,3,3,2,5,not acept,furnished,100.27,894.62,41.88,12.54,1049.31
Sao Paulo,110.4,3,4,2,6,not acept,not furnished,750.79,4675.94,130.79,47.23,5604.75
Rio de Janeiro,42.5,3,4,1,11,acept,not furnished,255.53,1399.52,29.01,14.52,1698.58
Porto Alegre,28.9,4,4,3,26,not acept,furnished,191.09,1181.04,42.27,12.08,1426.48
Porto Alegre,22.9,4,3,3,12,acept,not furnished,228.44,1405.12,20.83,12.89,1667.28
Sao Paulo,18.0,5,5,3,5,not acept,not furnished,71.24,400.0,7.26,4.25,482.75
Fortaleza,18.0,1,2,1,28,acept,furnished,129.7,789.37,33.85,9.7,962.62
Belo Horizonte,42.7,4,3,0,11,not acept,not furnished,293.8,1639.11,71.31,16.26,2020.48
Rio de Janeiro,88.9,2,2,1,0,not acept,not furnished,591.95,2975.49,137.43,31.73,3736.6
Belo Horizonte,66.1,2,2,2,15,acept,not furnished,209.94,1445.02,57.55,12.94,1725.45
Belo Horizonte,18.0,2,3,1,18,not acept,furnished,86.06,538.14,8.97,5.46,638.63
Belo Horizonte,91.0,3,2,1,29,acept,not furnished,438.81,2852.61,61.8,17.26,3370.48
Rio de Janeiro,33.5,3,2,1,24,not acept,not furnished,197.81,1737.75,49.56,16.75,2001.87
Belo Horizonte,46.1,1,1,1,1,acept,not furnished,214.88,1193.89,27.21,12.54,1448.52
Sao Paulo,75.6,3,3,1,14,not acept,furnished,335.27,2653.34,83.22,39.74,3111.57
Salvador,104.5,2,3,0,12,not acept,furnished,452.64,2326.37,32.09,29.99,2841.09
Belo Horizonte,51.8,1,1,3,10,not acept,furnished,499.12,2784.64,133.9,24.89,3442.55
Sao Paulo,28.0,2,3,1,2,not acept,not furnished,115.54,1171.73,57.62,15.49,1360.38
Porto Alegre,18.0,3,4,1,10,not acept,not furnished,165.53,1898.78,24.56,24.9,2113.77
Fortaleza,37.4,1,1,1,13,not acept,not furnished,106.53,1100.3,12.78,9.59,1229.2
Recife,57.0,2,2,1,4,acept,not furnished,228.36,1316.7,38.83,19.49,1603.38
Rio de Janeiro,38.2,5,4,1,16,not acept,not furnished,144.46,862.47,13.57,8.24,1028.74
Sao Paulo,174.7,4,5,1,5,acept,furnished,887.5,5828.32,90.62,84.19,6890.63
Belo Horizonte,26.0,1,2,1,1,not acept,not furnished,70.29,690.73,17.06,5.96,784.04
Sao Paulo,46.1,3,2,2,30,acept,furnished,378.47,2825.0,136.54,40.01,3380.02
Fortaleza,19.3,2,1,1,20,acept,not furnished,188.98,1310.29,62.2,6.76,1568.23
Sao Paulo,166.2,3,4,0,17,acept,furnished,1207.78,6147.67,289.65,53.57,7698.67
Sao Paulo,34.8,3,3,2,8,acept,furnished,205.09,1930.55,32.3,20.16,2188.1
Rio de Janeiro,73.7,1,1,1,4,not acept,furnished,344.76,2821.77,37.81,41.27,3245.61
Rio de Janeiro,148.4,2,2,2,2,acept,not furnished,739.98,4709.57,67.85,36.02,5553.42
Porto Alegre,53.2,1,2,1,0,not acept,not furnished,215.12,2043.68,68.68,20.93,2348.41
Rio de Janeiro,41.3,3,2,1,20,acept,furnished,60.17,592.84,13.97,6.24,673.22
Sao Paulo,116.7,4,3,2,6,not acept,not furnished,398.58,2995.23,134.82,25.15,3553.78
Sao Paulo,159.2,5,6,1,8,not acept,not furnished,591.81,4153.0,150.98,25.54,4921.33
Belo Horizonte,47.0,4,3,1,3,acept,furnished,498.58,3066.37,153.09,39.81,3757.85
Sao Paulo,73.6,5,4,1,1,acept,furnished,504.8,22342.83366702652,136.6,34.38,3623.81
Belo Horizonte,30.0,1,1,1,14,not acept,not furnished,242.05,1313.6,43.12,8.95,1607.72
Belo Horizonte,25.0,3,2,1,21,acept,not furnished,104.95,869.75,37.62,6.77,1019.09
Curitiba,52.4,2,2,1,30,acept,not furnished,356.49,2537.41,41.64,17.59,2953.13
Fortaleza,85.8,4,3,2,8,acept,not furnished,543.13,2958.18,131.37,22.21,3654.89
Fortaleza,18.0,4,3,2,19,not acept,not furnished,139.44,1028.28,39.73,8.92,1216.37
Recife,44.6,2,3,2,1,not acept,furnished,202.0,2091.37,53.31,19.46,2366.14
Sao Paulo,146.0,3,4,1,16,acept,not furnished,688.95,5209.47,220.26,73.65,6192.33
Sao Paulo,80.6,2,1,1,14,not acept,not furnished,284.66,1651.31,59.92,15.01,2010.9
Rio de Janeiro,105.0,2,2,1,0,acept,furnished,638.87,4686.24,63.16,46.86,5435.13
Fortaleza,58.5,5,6,0,13,not acept,not furnished,187.67,1715.25,84.32,25.54,2012.78
Recife,22.3,4,5,1,14,acept,not furnished,129.53,671.22,13.99,3.74,818.48
Salvador,51.9,2,3,2,10,not acept,furnished,199.63,1712.63,54.62,12.87,1979.75
Sao Paulo,58.4,2,1,0,16,not acept,furnished,432.7,3040.44,136.12,42.53,3651.79
Recife,107.4,1,1,1,0,not acept,furnished,374.23,28098.812803993747,65.89,19.24,3517.34
Rio de Janeiro,34.6,5,5,1,25,not acept,not furnished,52.01,400.0,7.69,4.19,463.89
Sao Paulo,90.6,4,3,2,15,acept,furnished,621.17,3951.47,127.29,42.21,4742.14
Rio de Janeiro,29.3,3,4,2,0,acept,not furnished,232.68,1689.24,40.67,23.4,1985.99
Sao Paulo,51.1,3,3,1,30,acept,not furnished,237.67,2576.12,97.06,37.0,2947.85
Belo Horizonte,18.0,3,3,1,10,not acept,furnished,150.06,1063.97,24.34,10.9,1249.27
Rio de Janeiro,106.3,2,1,0,30,acept,furnished,533.12,4604.97,228.27,51.37,5417.73
Rio de Janeiro,113.9,4,4,1,3,not acept,not furnished,628.14,4033.78,85.97,36.53,4784.42
Belo Horizonte,36.3,3,3,1,0,acept,not furnished,94.06,923.99,32.8,5.69,1056.54
Salvador,42.8,1,2,1,21,acept,not furnished,156.8,1046.48,21.83,15.0,1240.11
Curitiba,18.7,2,3,1,29,acept,not furnished,151.97,1134.08,32.27,7.84,1326.16
Rio de Janeiro,89.4,3,4,1,0,acept,furnished,501.84,2835.57,61.4,27.78,3426.59
Salvador,55.6,2,2,1,22,acept,furnished,248.18,2056.39,54.77,21.69,2381.03
Fortaleza,46.7,3,4,1,0,not acept,furnished,300.57,3266.79,115.24,27.39,3709.99
Sao Paulo,33.5,4,3,1,24,acept,not furnished,174.23,1930.92,73.82,24.25,2203.22
Belo Horizonte,18.0,3,4,2,17,not acept,furnished,78.0,581.89,11.3,6.99,678.18
Sao Paulo,132.1,3,4,3,23,acept,not furnished,716.1,5037.98,231.57,36.33,6021.98
Sao Paulo,57.0,3,3,2,10,acept,furnished,424.34,3394.27,77.69,32.45,3928.75
Curitiba,33.7,2,3,0,27,acept,not furnished,262.36,1503.47,18.75,20.85,1805.43
Salvador,31.7,3,2,1,7,acept,not furnished,364.71,2281.8,109.24,24.65,2780.4
Sao Paulo,106.9,2,3,2,7,not acept,furnished,491.96,3327.44,69.52,24.39,3913.31
Salvador,18.0,4,5,2,29,not acept,furnished,272.68,1778.33,88.69,13.44,2153.14
Salvador,93.5,4,3,2,1,not acept,not furnished,473.53,2759.38,88.0,27.26,3348.17
Fortaleza,28.2,2,1,1,17,not acept,not furnished,337.81,2208.58,97.07,29.59,2673.05
Sao Paulo,170.9,4,5,1,16,not acept,not furnished,696.13,6522.42,93.5,47.28,7359.33
Fortaleza,21.5,3,3,0,5,acept,not furnished,160.07,1243.39,39.87,8.3,1451.63
Rio de Janeiro,128.4,5,4,0,8,not acept,furnished,521.36,5411.79,58.17,45.69,6037.01
Belo Horizonte,73.9,3,2,0,7,not acept,not furnished,467.58,2533.57,63.82,14.17,3079.14
Sao Paulo,84.7,3,3,3,25,acept,furnished,448.73,,49.19,58.87,4780.85
Sao Paulo,172.5,3,2,1,10,not acept,furnished,1261.9,8300.27,236.47,81.47,9880.11
Porto Alegre,74.7,1,1,1,9,not acept,not furnished,203.14,2350.42,90.55,32.77,2676.88
Rio de Janeiro,168.7,1,1,1,18,acept,not furnished,582.58,4931.53,222.43,54.34,5790.88
Sao Paulo,112.1,1,2,2,14,acept,furnished,700.26,3736.68,136.78,46.74,4620.46
Sao Paulo,198.0,2,2,1,11,not acept,furnished,1328.04,7575.63,295.5,54.09,9253.26
Curitiba,27.6,2,3,2,21,acept,not furnished,112.46,1233.57,23.08,6.82,1375.93
Sao Paulo,48.9,3,2,1,11,not acept,furnished,265.53,1806.71,39.23,17.7,2129.17
Salvador,71.8,3,2,2,5,acept,not furnished,327.61,2598.34,123.45,29.92,3079.32
Sao Paulo,45.6,5,6,2,22,not acept,furnished,101.14,1051.16,17.37,6.95,1176.62
Sao Paulo,18.0,2,2,1,0,not acept,not furnished,107.39,602.66,29.91,3.72,743.68
Rio de Janeiro,88.8,4,3,3,30,acept,not furnished,540.72,2932.49,127.92,35.25,3636.38
Rio de Janeiro,108.2,3,3,1,17,not acept,not furnished,538.78,3833.37,161.37,23.35,4556.87
Rio de Janeiro,168.2,3,4,1,4,acept,furnished,650.72,6330.34,267.99,62.46,7311.51
Rio de Janeiro,151.5,3,4,2,4,not acept,furnished,715.31,5487.97,136.68,30.67,6370.63
Recife,18.6,3,4,2,6,not acept,furnished,79.99,953.37,39.76,5.45,1078.57
Curitiba,116.3,2,2,3,26,acept,not furnished,726.82,4423.32,106.93,58.98,5316.05
Sao Paulo,77.3,3,3,0,25,not acept,not furnished,487.12,2585.68,63.75,29.4,3165.95
Rio de Janeiro,55.5,3,4,1,2,acept,not furnished,204.48,2497.22,104.28,16.35,2822.33
Fortaleza,64.7,5,4,1,17,acept,not furnished,200.07,1261.7,32.32,6.83,1500.92
Rio de Janeiro,59.0,4,5,1,28,not acept,not furnished,271.57,2995.07,126.75,25.57,3418.96
Sao Paulo,75.0,3,2,2,22,acept,furnished,140.13,1300.31,13.59,9.31,1463.34
Porto Alegre,60.4,3,2,0,17,acept,not furnished,261.09,1810.17,30.53,18.43,2120.22
Belo Horizonte,46.6,4,3,1,4,acept,furnished,181.71,1534.86,72.65,18.08,1807.3
Belo Horizonte,84.5,5,5,2,29,not acept,not furnished,275.48,3413.4,120.08,26.35,3835.31
Sao Paulo,104.0,4,3,1,27,acept,not furnished,915.52,4625.46,132.85,67.02,5740.85
Sao Paulo,218.0,3,2,0,8,not acept,not furnished,748.15,7441.16,247.07,106.79,8543.17
Curitiba,48.0,1,2,2,14,acept,not furnished,270.4,1887.21,49.22,10.02,2216.85
Sao Paulo,73.2,4,3,2,0,not acept,not furnished,408.88,2881.93,44.12,29.83,3364.76
Belo Horizonte,18.0,2,1,1,18,not acept,not furnished,77.58,400.0,18.26,4.26,500.1
Belo Horizonte,66.2,3,4,1,0,not acept,not furnished,340.48,1974.11,79.29,15.52,2409.4
Sao Paulo,66.2,2,2,1,27,not acept,not furnished,419.29,2858.34,108.38,21.84,3407.85
Recife,18.0,2,1,1,27,not acept,furnished,351.49,2087.65,91.34,17.7,2548.18
Salvador,18.0,2,2,2,7,not acept,furnished,424.16,2335.87,93.03,22.61,2875.67
Porto Alegre,98.0,4,5,2,22,acept,furnished,393.38,3310.97,101.42,25.53,3831.3
Sao Paulo,74.2,3,3,0,12,not acept,not furnished,201.64,2132.87,33.03,23.6,2391.14
Sao Paulo,94.1,3,2,0,25,not acept,not furnished,709.48,4000.73,57.19,56.37,4823.77
Rio de Janeiro,18.0,3,3,0,0,not acept,not furnished,41.19,400.0,4.5,4.92,450.61
Sao Paulo,89.6,5,5,0,14,acept,furnished,321.71,2660.04,78.92,16.6,3077.27
Recife,34.9,2,3,0,10,acept,not furnished,317.67,1710.1,28.01,9.14,2064.92
Sao Paulo,212.6,3,4,0,6,acept,not furnished,1124.46,7036.11,147.18,80.5,8388.25
Rio de Janeiro,18.0,3,4,1,4,not acept,furnished,38.07,420.97,18.99,4.86,482.89
Rio de Janeiro,18.0,4,5,2,20,not acept,furnished,139.68,1279.18,43.88,14.53,1477.27
Curitiba,68.7,2,3,2,4,not acept,furnished,223.46,2265.47,111.95,13.67,2614.55
Sao Paulo,143.6,5,6,2,18,not acept,not furnished,357.94,4270.46,204.98,36.37,4869.75
Rio de Janeiro,130.2,2,3,0,10,acept,not furnished,440.53,4154.9,115.03,27.96,4738.42
Sao Paulo,144.7,1,2,1,5,acept,furnished,750.49,4758.61,172.73,46.41,5728.24
Fortaleza,33.6,2,2,2,23,not acept,not furnished,112.6,1378.61,66.07,13.68,1570.96
Sao Paulo,32.6,2,3,1,9,not acept,not furnished,78.2,400.0,16.55,2.08,496.83
Fortaleza,102.8,3,3,1,0,not acept,not furnished,167.03,,56.02,19.6,1788.8
Salvador,44.5,3,2,2,26,not acept,not furnished,172.05,1495.85,50.41,10.88,1729.19
Sao Paulo,114.6,2,3,0,8,not acept,not furnished,402.68,4783.71,151.63,68.53,5406.55
Porto Alegre,66.5,3,2,1,25,not acept,not furnished,203.64,2304.77,35.84,25.49,2569.74
Sao Paulo,116.4,4,5,2,15,not acept,not furnished,650.18,3253.36,46.35,45.78,3995.67
Recife,35.5,4,3,2,27,not acept,not furnished,126.03,1049.3,20.59,13.88,1209.8
Belo Horizonte,83.3,3,3,0,11,acept,furnished,592.69,3668.42,120.84,38.43,4420.38
Rio de Janeiro,125.6,5,6,2,3,not acept,not furnished,468.61,2754.67,130.08,30.31,3383.67
Rio de Janeiro,101.6,3,3,0,0,not acept,furnished,573.98,4122.6,106.19,37.9,4840.67
Sao Paulo,138.5,1,1,2,23,not acept,not furnished,710.76,5244.72,232.56,47.0,6235.04
Recife,43.8,2,2,1,23,acept,not furnished,68.97,573.26,6.23,4.38,652.84
Sao Paulo,100.9,2,3,0,4,acept,not furnished,297.99,1814.49,71.87,11.53,2195.88
Curitiba,94.4,3,3,0,29,not acept,not furnished,259.02,1810.67,24.59,10.36,2104.64
Rio de Janeiro,53.3,4,4,1,29,acept,not furnished,150.52,1146.99,52.79,12.72,1363.02
Recife,75.6,4,3,1,9,not acept,not furnished,202.28,2059.8,60.46,23.0,2345.54
Sao Paulo,148.4,2,1,1,2,acept,furnished,1046.83,6537.92,198.11,49.9,7832.76
Belo Horizonte,25.3,3,4,2,7,acept,not furnished,122.11,922.04,43.11,7.54,1094.8
Rio de Janeiro,91.6,3,2,1,28,acept,furnished,358.69,3877.03,106.84,37.19,4379.75
Curitiba,80.2,5,5,3,17,acept,not furnished,312.28,2577.55,118.83,19.62,3028.28
Sao Paulo,69.7,1,1,1,28,not acept,not furnished,184.8,2161.95,80.52,23.83,2451.1
Sao Paulo,80.8,3,4,1,0,acept,furnished,359.55,3793.14,80.83,42.4,4275.92
Sao Paulo,133.5,5,4,2,30,not acept,not furnished,1039.43,5217.28,64.85,40.03,6361.59
Porto Alegre,47.5,5,6,1,18,acept,furnished,350.79,2004.94,92.61,23.36,2471.7
Sao Paulo,183.1,2,3,0,3,not acept,not furnished,1245.53,6273.76,144.23,52.51,7716.03
Belo Horizonte,67.6,1,1,2,14,acept,not furnished,496.7,2575.46,28.28,20.72,3121.16
Sao Paulo,103.6,3,3,1,25,not acept,not furnished,713.19,3658.72,169.29,41.34,4582.54
Salvador,51.8,4,4,2,2,not acept,not furnished,277.65,2019.98,63.23,15.82,2376.68
Recife,68.7,2,3,1,17,acept,furnished,493.02,3057.42,115.86,23.21,3689.51
Belo Horizonte,71.0,4,3,3,20,acept,furnished,53.1,651.69,31.36,9.02,745.17
Rio de Janeiro,103.7,2,1,1,11,acept,furnished,408.66,3254.12,58.23,27.23,3748.24
Sao Paulo,199.7,3,4,2,15,acept,furnished,1249.8,,273.6,77.97,9361.96
Sao Paulo,104.1,3,4,2,25,acept,not furnished,339.08,3443.55,58.31,47.96,3888.9
Sao Paulo,82.8,2,1,0,29,not acept,furnished,338.79,1807.7,36.81,10.32,2193.62
Curitiba,36.3,2,1,0,16,not acept,furnished,166.73,1795.47,56.81,23.79,2042.8
Belo Horizonte,60.4,3,4,1,21,acept,furnished,416.78,2308.4,43.66,12.56,2781.4
Recife,62.9,4,3,1,8,acept,not furnished,188.76,1227.05,35.38,13.35,1464.54
Rio de Janeiro,138.6,1,1,1,8,not acept,not furnished,847.25,4625.42,49.22,42.89,5564.78
Curitiba,75.6,3,4,1,27,not acept,not furnished,203.11,1900.45,68.42,27.35,2199.33
Rio de Janeiro,102.9,3,4,3,0,not acept,furnished,457.15,2921.45,118.71,43.31,3540.62
Belo Horizonte,87.5,3,3,2,4,acept,furnished,289.9,2715.81,52.47,37.16,3095.34
Sao Paulo,104.1,4,4,0,6,acept,furnished,457.49,4107.74,45.71,46.42,4657.36
Rio de Janeiro,187.8,3,2,2,0,acept,not furnished,471.72,5038.13,63.97,38.52,5612.34
Rio de Janeiro,175.8,3,4,1,19,acept,not furnished,1011.22,5540.55,195.39,75.4,6822.56
Curitiba,72.4,3,2,2,27,acept,not furnished,509.25,2889.28,144.44,15.78,3558.75
Recife,36.4,3,4,0,0,acept,not furnished,217.63,1912.57,71.6,13.1,2214.9
Rio de Janeiro,116.3,1,1,2,6,not acept,not furnished,382.26,3763.67,39.03,30.05,4215.01
Sao Paulo,18.0,4,3,1,28,acept,furnished,79.13,450.11,21.39,5.37,556.0
Rio de Janeiro,107.5,1,2,2,13,not acept,furnished,576.03,4247.5,188.21,42.98,5054.72
Belo Horizonte,42.4,3,3,1,27,not acept,furnished,344.96,2890.33,89.34,41.42,3366.05
Sao Paulo,89.4,3,3,2,29,acept,furnished,434.53,2686.04,113.93,22.46,3256.96
Porto Alegre,64.0,2,3,3,30,not acept,not furnished,252.45,2000.49,43.54,23.91,2320.39
Recife,37.7,1,1,2,10,not acept,not furnished,218.66,1306.5,19.45,7.04,1551.65
Recife,28.3,1,1,2,9,acept,not furnished,42.05,400.0,6.51,4.72,453.28
Sao Paulo,180.3,2,1,1,22,acept,furnished,1135.29,7662.75,149.0,70.44,9017.48
Fortaleza,35.7,4,5,1,17,acept,not furnished,174.21,,19.65,12.73,1148.36
Curitiba,107.8,4,4,0,19,acept,not furnished,669.37,3773.88,101.38,42.14,4586.77
Rio de Janeiro,34.6,1,2,1,15,acept,furnished,311.33,1611.23,60.57,19.19,2002.32
Belo Horizonte,20.1,2,2,1,14,acept,furnished,112.14,1358.75,20.75,18.19,1509.83
Salvador,26.3,4,4,1,8,not acept,not furnished,300.91,1571.97,28.23,8.38,1909.49
Rio de Janeiro,59.6,2,3,0,17,acept,not furnished,221.31,2033.14,29.59,30.24,2314.28
Rio de Janeiro,72.2,5,5,3,6,not acept,furnished,818.53,4233.8,124.26,30.15,5206.74
Rio de Janeiro,100.8,2,2,1,9,acept,furnished,506.06,4574.5,176.33,31.47,5288.36
Belo Horizonte,94.1,3,3,1,18,not acept,not furnished,281.6,2748.24,76.15,35.73,3141.72
Sao Paulo,92.8,2,1,1,18,not acept,furnished,481.01,3096.75,123.15,28.59,3729.5
Fortaleza,55.5,1,2,1,16,not acept,not furnished,169.56,1014.13,33.18,7.09,1223.96
Curitiba,49.9,2,1,2,20,acept,not furnished,293.35,1500.86,34.0,10.25,1838.46
Curitiba,40.0,3,4,1,11,acept,not furnished,245.33,2112.39,67.17,13.72,2438.61
Sao Paulo,142.6,2,1,2,17,not acept,not furnished,727.84,5421.65,234.5,50.98,6434.97
Belo Horizonte,18.0,3,3,1,0,acept,furnished,96.61,633.23,10.71,3.53,744.08
Sao Paulo,91.1,2,1,2,13,not acept,not furnished,397.94,2224.92,72.38,11.35,2706.59
Sao Paulo,158.9,2,1,2,17,not acept,not furnished,1053.83,6063.93,224.27,79.54,7421.57
Belo Horizonte,41.1,3,4,2,11,acept,furnished,363.4,1880.38,86.8,19.9,2350.48
Rio de Janeiro,18.0,2,3,2,0,acept,furnished,214.98,1482.23,50.62,11.23,1759.06
Belo Horizonte,95.3,2,1,2,21,acept,not furnished,532.78,2983.03,34.91,17.45,3568.17
Sao Paulo,95.9,3,4,0,12,not acept,not furnished,757.07,4291.56,140.54,51.08,5240.25
Rio de Janeiro,49.7,3,3,3,2,acept,not furnished,351.3,3351.05,60.75,43.72,3806.82
Sao Paulo,157.1,5,5,0,30,acept,furnished,791.94,6527.84,186.49,63.53,7569.8
Recife,53.2,3,3,1,29,acept,not furnished,76.05,731.43,23.9,9.61,840.99
Belo Horizonte,24.4,2,3,1,2,not acept,not furnished,41.12,483.45,17.57,6.76,548.9
Curitiba,56.8,2,3,1,21,not acept,furnished,559.78,3075.29,39.76,28.85,3703.68
Rio de Janeiro,57.1,1,1,2,14,acept,furnished,705.74,3749.34,164.52,53.73,4673.33
Sao Paulo,18.0,1,2,1,7,not acept,not furnished,52.21,400.0,19.1,2.62,473.93
Recife,48.8,2,1,1,20,not acept,not furnished,155.48,1256.03,47.66,14.46,1473.63
Sao Paulo,113.9,2,3,1,12,acept,furnished,601.15,4404.52,150.35,41.16,5197.18
Rio de Janeiro,37.4,2,3,2,27,acept,not furnished,260.83,1678.37,58.32,10.0,2007.52
Curitiba,18.0,2,1,0,21,not acept,furnished,313.21,10915.038238606125,59.84,22.58,1973.73
Sao Paulo,79.5,2,2,0,14,acept,furnished,581.91,3152.39,142.56,40.61,3917.47
Salvador,32.7,1,2,0,12,not acept,furnished,165.71,,26.68,17.43,1875.18
Belo Horizonte,67.9,2,1,2,0,not acept,not furnished,504.9,2725.42,31.0,33.89,3295.21
Sao Paulo,51.2,3,4,0,3,acept,not furnished,193.29,1398.86,17.97,13.71,1623.83
Sao Paulo,128.8,2,3,1,0,not acept,furnished,908.07,5141.53,108.62,55.82,6214.04
Sao Paulo,149.9,2,3,2,0,not acept,not furnished,893.73,4926.51,128.64,34.61,5983.49
Fortaleza,94.1,1,2,0,0,acept,not furnished,203.14,1620.11,46.38,16.02,1885.65
Curitiba,18.0,3,4,3,0,not acept,not furnished,84.63,1015.03,19.28,7.16,1126.1
Sao Paulo,161.2,4,3,1,24,acept,not furnished,685.88,5541.2,72.11,81.01,6380.2
Sao Paulo,150.9,1,2,2,13,acept,furnished,453.97,5430.41,108.34,51.06,6043.78
Curitiba,84.8,3,2,2,22,acept,not furnished,520.55,3674.06,150.25,33.96,4378.82
Belo Horizonte,117.9,3,2,1,3,not acept,not furnished,641.46,3308.21,113.71,48.57,4111.95
Rio de Janeiro,52.2,3,3,1,25,acept,not furnished,257.83,1384.57,54.85,20.04,1717.29
Rio de Janeiro,77.5,4,3,1,0,not acept,not furnished,395.12,3135.44,97.43,38.76,3666.75
Sao Paulo,18.0,4,3,1,8,acept,not furnished,68.4,400.49,8.09,4.98,481.96
Curitiba,102.2,1,1,1,10,acept,not furnished,504.5,3008.11,146.23,41.95,3700.79
Recife,60.6,2,3,2,5,not acept,furnished,273.94,1834.57,80.58,26.89,2215.98
Sao Paulo,160.3,3,3,1,2,acept,not furnished,905.24,5501.47,255.43,76.07,6738.21
Belo Horizonte,50.2,5,6,2,18,acept,furnished,303.09,1608.73,29.91,8.43,1950.16
Rio de Janeiro,125.8,4,5,1,0,acept,furnished,523.71,4603.98,174.49,54.13,5356.31
Rio de Janeiro,101.3,2,1,2,24,not acept,not furnished,454.68,4498.1,143.57,65.51,5161.86
Sao Paulo,44.4,2,3,1,0,not acept,not furnished,341.83,2882.13,53.57,20.91,3298.44
Salvador,63.2,3,3,2,29,not acept,not furnished,361.88,2360.25,100.78,24.74,2847.65
Rio de Janeiro,80.4,3,3,1,26,not acept,furnished,575.26,4171.41,42.24,62.43,4851.34
Belo Horizonte,72.1,3,4,1,11,not acept,furnished,644.01,4008.22,67.57,42.41,4762.21
Rio de Janeiro,127.0,3,3,1,2,not acept,not furnished,582.22,4361.84,72.64,36.03,5052.73
Sao Paulo,93.4,1,1,1,26,not acept,not furnished,547.02,3459.0,114.89,43.36,4164.27
Sao Paulo,101.7,4,3,0,19,acept,not furnished,240.34,2651.49,80.74,39.46,3012.03
Curitiba,40.7,4,3,0,14,acept,not furnished,305.46,2312.61,109.1,13.37,2740.54
Sao Paulo,91.4,3,2,1,8,not acept,not furnished,489.58,3108.87,134.14,19.43,3752.02
Curitiba,79.3,3,4,3,16,acept,not furnished,367.6,3197.81,74.19,34.68,3674.28
Rio de Janeiro,68.8,3,2,1,11,acept,furnished,321.87,2710.17,84.4,34.18,3150.62
Rio de Janeiro,101.5,2,2,1,13,not acept,furnished,439.14,5327.3,119.35,67.35,5953.14
Rio de Janeiro,103.8,1,1,2,25,not acept,furnished,802.1,4599.12,82.95,46.98,5531.15
Rio de Janeiro,117.6,1,1,2,29,acept,furnished,464.3,3357.94,115.62,49.27,3987.13
Sao Paulo,113.6,4,3,2,29,not acept,not furnished,344.59,3446.36,148.24,39.71,3978.9
Rio de Janeiro,98.6,2,2,1,27,not acept,furnished,727.43,4673.94,52.35,45.65,5499.37
Curitiba,29.4,1,1,0,24,not acept,furnished,46.55,493.47,5.91,5.27,551.2
Curitiba,18.0,3,2,1,12,not acept,not furnished,165.19,1216.45,13.98,15.92,1411.54
Sao Paulo,141.0,1,1,2,0,acept,not furnished,543.05,5647.09,214.96,79.17,6484.27
Rio de Janeiro,97.8,1,1,3,18,not acept,furnished,372.81,2312.8,55.36,30.76,2771.73
Sao Paulo,18.0,3,3,1,11,acept,not furnished,83.44,812.48,31.17,8.87,935.96
Sao Paulo,80.1,3,2,0,20,acept,furnished,639.08,3286.49,62.15,18.72,4006.44
Sao Paulo,39.4,3,4,1,5,not acept,not furnished,333.5,2191.26,22.83,26.94,2574.53
Fortaleza,81.2,3,2,1,23,not acept,not furnished,219.62,2657.0,97.23,33.48,3007.33
Sao Paulo,135.9,3,2,0,3,acept,not furnished,632.75,4853.3,86.31,28.57,5600.93
Sao Paulo,142.1,2,3,1,24,not acept,not furnished,428.88,4321.02,139.36,35.21,4924.47
Sao Paulo,62.6,3,3,0,28,acept,furnished,355.05,2326.31,63.63,13.6,2758.59
Sao Paulo,175.3,2,3,0,27,not acept,not furnished,868.2,69530.21284106787,230.52,45.81,6197.41
Curitiba,122.8,2,2,1,9,not acept,not furnished,497.06,4247.89,48.9,44.17,4838.02
Sao Paulo,113.7,2,3,1,10,not acept,not furnished,942.16,5849.55,162.96,39.19,6993.86
Sao Paulo,173.9,2,3,1,25,not acept,furnished,1474.1,7987.6,347.57,87.96,9897.23
Curitiba,67.6,2,3,1,20,acept,not furnished,388.38,2058.9,76.62,26.08,2549.98
Rio de Janeiro,88.8,1,1,1,15,acept,not furnished,281.39,2969.84,134.07,40.97,3426.27
Curitiba,103.4,3,2,2,29,acept,not furnished,476.66,3887.69,193.03,53.1,4610.48
Belo Horizonte,68.3,3,2,2,14,not acept,not furnished,126.49,1121.77,36.2,13.03,1297.49
Sao Paulo,174.1,2,3,3,5,acept,not furnished,704.96,4748.18,113.08,56.45,5622.67
Curitiba,63.9,5,5,2,20,acept,furnished,615.84,3461.08,45.81,21.28,4144.01
Sao Paulo,122.1,3,3,1,14,not acept,not furnished,780.32,4961.69,174.3,35.73,5952.04
Belo Horizonte,58.7,4,3,2,4,acept,not furnished,417.05,2106.69,86.54,30.86,2641.14
Rio de Janeiro,18.0,3,3,0,2,not acept,not furnished,65.55,773.5,23.19,11.6,873.84
Sao Paulo,226.7,2,2,1,9,not acept,not furnished,807.12,7769.34,141.42,40.55,8758.43
Belo Horizonte,91.7,5,6,2,30,not acept,not furnished,353.75,1941.96,89.7,24.52,2409.93
Fortaleza,36.0,4,4,1,2,not acept,not furnished,168.13,1322.64,60.62,14.96,1566.35
Recife,60.9,3,3,1,13,acept,furnished,472.27,2722.76,68.96,14.48,3278.47
Belo Horizonte,18.0,2,3,1,8,acept,not furnished,280.77,1428.13,51.83,15.4,1776.13
Rio de Janeiro,32.4,2,1,1,29,acept,not furnished,270.77,1795.25,73.23,19.6,2158.85
Sao Paulo,104.5,4,3,0,10,acept,not furnished,653.33,47464.47174712442,57.49,34.2,4830.44
Sao Paulo,198.4,1,1,1,5,not acept,furnished,1134.38,8993.16,393.89,127.78,10649.21
Rio de Janeiro,155.9,3,4,0,13,not acept,not furnished,996.08,5300.97,208.35,79.23,6584.63
Rio de Janeiro,140.9,3,2,2,2,not acept,not furnished,707.56,4410.16,136.13,62.86,5316.71
Fortaleza,18.0,2,2,2,10,acept,not furnished,60.99,400.0,18.72,2.02,481.73
Rio de Janeiro,57.5,3,2,1,22,not acept,not furnished,233.84,2806.66,116.22,20.76,3177.48
Rio de Janeiro,145.5,3,3,1,17,not acept,furnished,669.93,4807.41,142.8,49.63,5669.77
Rio de Janeiro,18.0,2,1,1,0,not acept,not furnished,79.76,400.0,18.04,5.14,502.94
Salvador,26.2,3,4,2,14,not acept,not furnished,115.92,865.68,39.01,5.32,1025.93
Curitiba,44.3,4,5,1,24,not acept,furnished,474.31,2434.29,84.73,25.84,3019.17
Belo Horizonte,110.5,3,2,2,16,not acept,furnished,585.89,2962.47,134.64,21.48,3704.48
Rio de Janeiro,190.7,3,4,2,13,not acept,not furnished,1133.21,7191.98,282.05,65.16,8672.4
Salvador,23.6,2,1,3,11,acept,not furnished,50.39,434.34,6.02,6.25,497.0
Sao Paulo,207.7,1,1,1,15,not acept,not furnished,693.04,6698.87,301.95,57.54,7751.4
Fortaleza,73.3,5,6,1,0,not acept,not furnished,396.5,2724.44,108.99,30.48,3260.41
Belo Horizonte,46.6,3,3,1,24,not acept,not furnished,143.65,1551.38,36.1,10.69,1741.82
Rio de Janeiro,90.5,2,3,1,26,not acept,not furnished,380.54,2704.17,42.41,15.59,3142.71
Rio de Janeiro,154.0,3,3,3,17,acept,furnished,897.9,5649.75,73.39,79.94,6700.98
Curitiba,85.2,3,3,0,30,not acept,not furnished,372.91,2810.59,136.46,41.93,3361.89
Sao Paulo,110.2,2,2,0,16,not acept,furnished,542.66,5534.29,186.57,29.1,6292.62
Fortaleza,51.0,4,3,1,0,not acept,furnished,325.24,1841.01,23.07,18.03,2207.35
Rio de Janeiro,98.8,1,1,2,13,not acept,not furnished,510.12,3519.62,38.68,19.49,4087.91
Rio de Janeiro,98.4,3,3,2,10,not acept,furnished,507.18,4510.51,64.54,47.38,5129.61
Sao Paulo,176.1,3,4,2,4,acept,not furnished,477.63,5833.14,218.03,74.34,6603.14
Rio de Janeiro,83.9,2,1,2,15,acept,not furnished,497.81,,62.93,32.79,4019.56
Rio de Janeiro,130.5,4,3,2,12,not acept,furnished,871.69,5065.99,155.05,35.99,6128.72
Rio de Janeiro,57.9,3,3,1,3,not acept,not furnished,255.6,2066.77,89.43,22.14,2433.94
Curitiba,94.7,3,4,1,14,acept,not furnished,466.67,2929.08,119.28,21.51,3536.54
Rio de Janeiro,114.2,2,2,2,25,not acept,furnished,796.57,4539.33,117.93,61.2,5515.03
Recife,94.4,4,3,2,14,not acept,furnished,378.89,2778.49,121.39,35.57,3314.34
Belo Horizonte,67.2,2,3,1,4,acept,not furnished,310.68,2763.59,61.82,29.86,3165.95
Salvador,18.0,3,2,0,20,not acept,not furnished,130.49,1006.45,20.01,9.26,1166.21
Sao Paulo,214.7,4,3,1,26,not acept,not furnished,1253.67,7316.58,293.74,98.47,8962.46
Rio de Janeiro,180.2,1,1,1,9,not acept,furnished,836.89,7879.68,235.41,92.8,9044.78
Rio de Janeiro,78.9,1,1,1,0,not acept,not furnished,311.05,2811.78,134.73,33.1,3290.66
Belo Horizonte,42.2,5,4,1,28,not acept,not furnished,248.43,2017.04,41.99,23.95,2331.41
Salvador,36.8,5,6,3,20,not acept,not furnished,145.73,938.36,29.27,5.82,1119.18
Sao Paulo,211.7,3,4,1,30,not acept,furnished,705.52,6478.99,117.28,70.23,7372.02
Sao Paulo,79.2,3,2,0,20,acept,furnished,447.1,3207.3,42.37,27.46,3724.23
Salvador,57.4,3,3,0,1,not acept,not furnished,190.82,1221.58,21.39,11.0,1444.79
Sao Paulo,132.9,2,2,0,12,not acept,furnished,882.61,6189.02,76.49,65.03,7213.15
Curitiba,59.0,2,1,1,0,not acept,not furnished,112.95,1397.8,25.18,20.91,1556.84
Belo Horizonte,85.0,2,3,1,9,acept,furnished,363.73,2597.63,28.34,36.5,3026.2
Salvador,18.0,1,1,1,23,acept,furnished,161.4,1315.52,20.34,19.67,1516.93
Sao Paulo,77.3,3,4,2,16,acept,not furnished,190.24,2225.06,60.76,29.09,2505.15
Sao Paulo,208.6,3,4,2,12,not acept,furnished,1710.68,9012.02,190.49,56.02,10969.21
Belo Horizonte,135.1,3,3,1,25,acept,not furnished,655.14,4148.27,96.05,26.96,4926.42
Recife,24.2,3,3,1,3,acept,furnished,151.4,798.48,13.45,5.82,969.15
Rio de Janeiro,79.9,4,5,1,15,not acept,not furnished,524.49,4495.96,212.39,67.37,5300.21
Rio de Janeiro,142.5,2,2,0,19,acept,not furnished,795.4,4166.68,190.88,41.88,5194.84
Belo Horizonte,69.0,2,1,2,28,not acept,furnished,352.51,2651.0,61.6,33.84,3098.95
Fortaleza,37.6,3,3,1,3,not acept,not furnished,175.7,1478.95,69.06,18.67,1742.38
Salvador,18.0,2,3,2,21,acept,not furnished,166.16,918.02,25.3,13.51,1122.99
Recife,42.3,2,3,2,0,not acept,not furnished,119.36,9205.054596834467,30.55,8.29,1558.25
Sao Paulo,62.6,3,4,0,16,not acept,not furnished,469.45,2797.73,138.73,16.48,3422.39
Sao Paulo,155.1,2,3,1,19,acept,not furnished,949.45,5167.59,140.52,65.15,6322.71
Belo Horizonte,56.3,4,5,1,25,not acept,not furnished,298.01,1614.69,21.54,8.31,1942.55
Salvador,43.0,3,4,1,8,acept,not furnished,122.38,1460.13,48.67,20.06,1651.24
Sao Paulo,146.6,2,1,1,20,acept,furnished,1235.54,6650.01,114.83,67.22,8067.6
Sao Paulo,45.4,3,4,1,0,acept,furnished,307.82,1856.21,64.16,14.07,2242.26
Porto Alegre,18.5,3,4,1,5,acept,not furnished,152.62,841.05,10.03,11.87,1015.57
Sao Paulo,44.9,3,2,1,23,not acept,not furnished,527.46,29285.27262997203,47.55,40.85,3910.71
Rio de Janeiro,110.5,4,5,1,27,not acept,not furnished,678.85,3995.95,89.92,31.63,4796.35
Belo Horizonte,94.7,3,4,1,0,acept,not furnished,487.54,3163.71,109.63,39.25,3800.13
Belo Horizonte,102.7,1,1,2,3,acept,not furnished,376.99,2762.05,99.01,22.19,3260.24
Porto Alegre,53.9,1,1,1,4,not acept,not furnished,361.44,1888.04,67.79,19.61,2336.88
Rio de Janeiro,48.8,3,3,2,14,not acept,not furnished,78.31,839.69,25.53,10.49,954.02
Belo Horizonte,36.1,2,3,1,2,acept,not furnished,172.57,1968.87,45.73,18.2,2205.37
Belo Horizonte,35.4,3,3,2,30,not acept,furnished,522.72,3270.03,146.92,42.94,3982.61
Belo Horizonte,67.1,3,3,1,10,not acept,furnished,306.79,1907.5,53.55,12.56,2280.4
Curitiba,38.8,3,2,0,2,not acept,furnished,379.4,2095.79,86.57,21.35,2583.11
Sao Paulo,47.0,2,2,1,23,acept,not furnished,481.51,3050.92,88.08,16.17,3636.68
Sao Paulo,142.9,3,4,1,16,not acept,not furnished,460.5,5087.86,225.47,75.32,5849.15
Sao Paulo,89.2,1,1,0,28,acept,not furnished,614.05,3309.82,36.8,22.39,3983.06
Sao Paulo,122.4,3,3,2,28,not acept,furnished,369.27,4018.34,83.3,26.66,4497.57
Belo Horizonte,31.4,3,4,2,26,not acept,furnished,289.48,2161.42,89.05,20.36,2560.31
Salvador,73.7,3,2,1,16,not acept,furnished,408.24,2624.95,98.84,14.87,3146.9
Curitiba,93.1,2,3,2,5,acept,not furnished,390.57,2505.53,115.97,34.38,3046.45
Porto Alegre,80.1,3,3,1,11,not acept,furnished,284.6,2127.5,71.66,14.75,2498.51
Rio de Janeiro,163.4,3,4,1,13,not acept,not furnished,635.49,5310.82,256.11,60.07,6262.49
Rio de Janeiro,56.8,1,1,1,30,acept,not furnished,241.34,2078.1,96.85,26.78,2443.07
Rio de Janeiro,114.6,4,4,3,6,acept,not furnished,995.55,5058.28,238.01,50.53,6342.37
Sao Paulo,81.6,3,3,1,12,acept,not furnished,373.83,3094.48,107.03,16.59,3591.93
Sao Paulo,81.5,3,3,0,16,acept,furnished,371.43,2480.28,113.11,20.26,2985.08
Belo Horizonte,55.5,2,2,0,10,acept,not furnished,364.53,2439.13,66.32,27.04,2897.02
Recife,57.9,5,4,2,1,acept,furnished,366.03,2464.83,120.76,21.45,2973.07
Sao Paulo,48.5,3,3,2,27,not acept,furnished,368.56,2384.76,39.71,27.37,2820.4
Sao Paulo,149.8,3,2,0,24,acept,not furnished,511.19,4584.89,100.68,46.42,5243.18
Porto Alegre,56.2,3,4,2,6,acept,not furnished,191.35,1586.25,48.35,15.52,1841.47
Sao Paulo,164.7,2,3,1,12,not acept,furnished,700.06,7914.27,383.43,58.88,9056.64
Salvador,75.7,2,1,3,22,not acept,furnished,331.9,13801.323175074944,74.01,32.41,2673.02
Curitiba,87.8,2,1,1,30,not acept,furnished,296.58,2729.25,34.13,29.01,3088.97
Recife,100.7,2,3,1,3,not acept,not furnished,330.19,3283.16,113.96,23.64,3750.95
Rio de Janeiro,101.0,3,2,1,18,acept,not furnished,512.95,2849.62,137.16,24.7,3524.43
Curitiba,39.4,1,1,0,24,not acept,not furnished,470.77,3142.07,85.82,19.35,3718.01
Rio de Janeiro,83.4,3,3,2,0,acept,not furnished,469.78,3195.9,70.47,41.33,3777.48
Curitiba,73.2,3,4,1,24,not acept,not furnished,266.22,2696.71,91.58,29.51,3084.02
Rio de Janeiro,70.5,2,1,2,23,acept,not furnished,409.76,3072.24,114.78,39.33,3636.11
Sao Paulo,179.4,2,1,2,28,acept,not furnished,751.02,5122.15,133.83,60.64,6067.64
Belo Horizonte,18.0,3,2,2,0,acept,not furnished,177.25,1337.1,17.46,19.55,1551.36
Belo Horizonte,59.9,2,2,1,1,acept,not furnished,305.13,2118.0,52.85,26.35,2502.33
Salvador,51.9,2,3,0,14,not acept,not furnished,219.04,2678.2,78.97,31.45,3007.66
Porto Alegre,18.0,3,4,0,26,acept,not furnished,160.36,1542.74,47.48,17.07,1767.65
Curitiba,110.0,3,2,1,26,not acept,furnished,438.51,4136.01,157.31,23.72,4755.55
Sao Paulo,58.3,3,2,3,21,acept,furnished,406.27,3240.41,34.54,18.27,3699.49
Porto Alegre,35.5,3,3,2,12,not acept,not furnished,184.04,954.1,43.26,12.12,1193.52
Belo Horizonte,33.6,4,3,1,5,not acept,furnished,173.53,1197.25,40.99,14.62,1426.39
Fortaleza,79.6,2,1,1,13,not acept,furnished,407.19,,114.56,27.09,4225.08
Fortaleza,34.1,5,5,2,4,acept,not furnished,153.88,926.99,15.25,13.78,1109.9
Sao Paulo,79.9,3,2,2,23,not acept,not furnished,169.33,1593.57,23.65,10.29,1796.84
Salvador,78.2,3,4,1,11,not acept,not furnished,282.17,2852.71,92.32,27.08,3254.28
Sao Paulo,53.9,3,4,2,15,acept,not furnished,252.9,2184.87,84.53,32.71,2555.01
Rio de Janeiro,86.4,3,4,0,20,not acept,not furnished,317.36,2756.5,111.62,38.84,3224.32
Belo Horizonte,66.0,5,5,0,15,acept,not furnished,396.34,3035.67,99.69,21.3,3553.0
Sao Paulo,172.9,2,2,0,22,acept,not furnished,931.28,5619.64,135.96,33.82,6720.7
Porto Alegre,23.1,2,3,2,23,acept,furnished,246.73,1650.64,25.85,9.95,1933.17
Sao Paulo,93.4,1,2,1,5,acept,furnished,664.85,42794.60142344749,156.05,36.46,5636.98
Sao Paulo,138.7,2,2,1,7,not acept,not furnished,1093.65,5642.63,131.55,56.27,6924.1
Belo Horizonte,72.5,3,2,0,0,acept,furnished,234.42,2795.03,118.38,37.89,3185.72
Curitiba,47.6,1,1,1,0,not acept,furnished,263.02,2047.18,62.01,10.87,2383.08
Fortaleza,43.5,4,4,0,25,not acept,not furnished,382.11,2355.99,44.71,23.4,2806.21
Curitiba,38.9,3,4,2,4,not acept,not furnished,223.62,1887.84,81.59,12.21,2205.26
Curitiba,50.9,2,2,1,25,not acept,not furnished,309.93,2261.38,105.29,25.89,2702.49
Rio de Janeiro,18.0,2,3,2,30,not acept,not furnished,45.81,547.88,9.5,6.72,609.91
Sao Paulo,197.7,1,1,1,5,not acept,furnished,831.08,7961.44,255.04,59.06,9106.62
Sao Paulo,113.8,4,4,1,13,acept,not furnished,375.52,4182.25,183.58,41.69,4783.04
Belo Horizonte,50.1,3,3,1,15,acept,not furnished,403.47,2053.54,91.64,20.41,2569.06
Curitiba,82.8,2,2,1,29,not acept,furnished,544.61,3216.33,107.14,19.64,3887.72
Rio de Janeiro,46.3,1,1,2,3,acept,not furnished,228.59,1443.1,45.14,17.26,1734.09
Porto Alegre,19.7,2,2,1,25,acept,furnished,38.58,480.78,5.71,5.47,530.54
Belo Horizonte,21.8,2,3,1,29,acept,furnished,140.36,1032.22,40.51,8.86,1221.95
Sao Paulo,47.2,3,4,1,16,not acept,not furnished,272.15,1649.67,28.57,9.53,1959.92
Sao Paulo,168.4,3,2,0,2,not acept,not furnished,740.63,4840.9,219.6,44.74,5845.87
Salvador,37.9,3,3,1,8,acept,furnished,107.36,757.52,31.47,6.94,903.29
Porto Alegre,51.3,4,3,1,29,acept,not furnished,379.06,2111.48,105.07,20.35,2615.96
Fortaleza,56.2,2,1,0,3,not acept,not furnished,256.31,2131.9,67.88,16.58,2472.67
Sao Paulo,125.6,3,3,1,13,acept,not furnished,919.88,5091.55,145.29,74.03,6230.75
Recife,54.4,3,3,2,3,acept,furnished,172.4,1361.83,30.21,6.94,1571.38
Sao Paulo,184.3,1,1,1,27,acept,not furnished,968.95,6473.72,74.94,87.4,7605.01
Sao Paulo,18.0,2,1,1,17,not acept,not furnished,56.95,400.0,14.16,4.27,475.38
Recife,44.6,3,3,1,28,not acept,not furnished,222.76,1723.35,82.53,17.59,2046.23
Sao Paulo,116.3,2,2,2,29,acept,not furnished,493.28,4405.41,127.42,60.88,5086.99
Curitiba,66.3,3,3,2,13,not acept,not furnished,419.97,3138.87,68.33,22.87,3650.04
Sao Paulo,203.2,3,4,0,28,acept,furnished,604.72,6395.23,237.6,42.45,7280.0
Belo Horizonte,18.2,2,1,3,0,not acept,not furnished,155.05,1278.25,49.31,6.84,1489.45
Fortaleza,30.2,1,1,2,4,acept,not furnished,282.31,1887.49,72.92,28.28,2271.0
Rio de Janeiro,92.4,1,1,1,22,not acept,not furnished,215.11,2461.1,118.92,18.42,2813.55
Curitiba,126.4,3,4,1,15,not acept,not furnished,514.05,3037.61,45.21,18.26,3615.13
Sao Paulo,105.1,2,1,2,30,not acept,furnished,658.16,4444.24,188.71,58.51,5349.62
Curitiba,64.2,4,4,1,23,acept,not furnished,460.38,2351.24,31.26,34.81,2877.69
Rio de Janeiro,85.1,4,5,1,19,not acept,not furnished,272.28,2995.16,114.08,43.8,3425.32
Sao Paulo,66.3,2,1,1,28,not acept,not furnished,227.58,2122.82,85.31,24.24,2459.95
Rio de Janeiro,18.0,4,5,0,8,acept,furnished,184.43,1275.65,33.39,7.33,1500.8
Sao Paulo,57.3,3,4,1,3,not acept,furnished,587.56,4251.48,164.73,49.12,5052.89
Fortaleza,20.0,2,2,1,15,not acept,furnished,336.5,2406.91,43.68,21.59,2808.68
Rio de Janeiro,94.3,3,4,0,5,not acept,not furnished,508.81,4204.38,47.52,48.78,4809.49
Sao Paulo,98.1,3,3,2,5,not acept,not furnished,564.88,3071.15,52.57,45.61,3734.21
Rio de Janeiro,188.0,1,1,1,7,acept,not furnished,559.79,6497.21,100.78,50.03,7207.81
Rio de Janeiro,30.5,2,1,1,20,not acept,furnished,78.68,426.04,18.57,4.4,527.69
Porto Alegre,52.9,1,1,1,0,not acept,not furnished,312.17,1802.87,37.61,17.39,2170.04
Recife,18.0,2,1,0,25,not acept,not furnished,366.99,2101.66,81.86,22.18,2572.69
Rio de Janeiro,83.5,2,1,1,18,not acept,furnished,698.69,3692.17,159.71,37.87,4588.44
Salvador,92.2,3,2,2,7,acept,not furnished,402.03,2716.38,130.93,29.13,3278.47
Belo Horizonte,43.4,2,2,2,1,acept,not furnished,116.91,635.7,27.34,6.65,786.6
Sao Paulo,100.7,1,1,2,24,not acept,not furnished,592.8,4609.15,201.65,29.46,5433.06
Curitiba,88.0,2,2,2,12,not acept,not furnished,381.9,2355.75,55.96,17.97,2811.58
Belo Horizonte,56.3,4,4,3,12,not acept,furnished,137.28,1177.57,25.43,7.77,1348.05
Curitiba,18.0,2,1,1,13,not acept,furnished,155.51,879.77,23.58,6.91,1065.77
Fortaleza,54.4,2,2,0,11,acept,furnished,95.78,1138.03,42.21,13.88,1289.9
Rio de Janeiro,47.1,3,2,2,14,not acept,not furnished,446.97,2463.48,55.13,35.87,3001.45
Fortaleza,67.8,3,2,3,18,not acept,not furnished,179.89,1911.65,21.37,13.76,2126.67
Porto Alegre,67.9,3,2,1,12,not acept,not furnished,253.43,2567.41,81.66,21.58,2924.08
Rio de Janeiro,89.3,1,2,0,30,not acept,not furnished,611.74,3581.8,40.6,38.7,4272.84
Belo Horizonte,126.0,2,2,0,10,not acept,not furnished,391.08,3607.32,148.84,35.73,4182.97
Rio de Janeiro,153.7,2,3,1,4,not acept,furnished,716.02,5152.75,76.56,58.63,6003.96
Recife,34.4,3,4,2,30,not acept,furnished,337.74,2415.32,112.49,20.5,2886.05
Curitiba,86.1,1,1,0,7,not acept,furnished,447.17,3576.49,113.67,19.79,4157.12
Sao Paulo,189.7,2,2,3,18,acept,furnished,1449.15,7551.42,268.77,68.13,9337.47
Rio de Janeiro,81.3,3,2,1,25,acept,furnished,662.09,4483.72,111.33,36.68,5293.82
Curitiba,52.0,2,3,1,0,not acept,not furnished,367.13,2211.0,79.65,21.34,2679.12
Sao Paulo,113.2,3,3,1,7,not acept,furnished,991.51,5306.88,106.93,49.24,6454.56
Sao Paulo,103.6,2,1,1,15,not acept,not furnished,507.94,44046.4210748887,140.42,41.77,3993.43
Rio de Janeiro,75.3,5,5,2,12,acept,not furnished,416.92,2551.79,58.3,27.29,3054.3
Rio de Janeiro,18.0,5,5,0,0,acept,furnished,151.35,1137.25,40.34,7.51,1336.45
Rio de Janeiro,94.9,3,2,2,12,acept,furnished,1032.51,5176.66,201.15,52.32,6462.64
Sao Paulo,192.1,5,5,1,1,not acept,furnished,1198.52,6923.51,156.93,98.45,8377.41
Sao Paulo,154.8,2,1,0,5,not acept,furnished,765.21,3907.85,138.99,28.27,4840.32
Curitiba,82.2,3,4,1,22,not acept,not furnished,337.55,3543.1,88.53,39.21,4008.39
Belo Horizonte,80.5,2,1,0,3,not acept,not furnished,229.34,2771.56,87.88,19.16,3107.94
Sao Paulo,47.2,3,3,2,19,not acept,not furnished,343.04,2401.92,99.5,22.48,2866.94
Rio de Janeiro,122.1,2,3,2,30,acept,not furnished,787.29,4692.34,183.87,70.21,5733.71
Belo Horizonte,39.0,2,3,2,5,acept,not furnished,361.41,2008.31,39.07,21.07,2429.86
Sao Paulo,67.6,5,4,2,6,acept,not furnished,446.16,2453.32,93.66,29.39,3022.53
Sao Paulo,76.8,2,1,2,29,not acept,not furnished,514.82,4498.73,190.89,42.05,5246.49
Sao Paulo,94.5,3,2,1,19,not acept,not furnished,655.38,3830.46,60.28,53.06,4599.18
Salvador,140.3,3,4,2,23,not acept,not furnished,281.99,2851.77,33.32,21.28,3188.36
Porto Alegre,18.0,2,1,0,24,not acept,not furnished,241.17,1694.61,47.21,14.35,1997.34
Porto Alegre,55.9,3,3,1,21,not acept,not furnished,227.25,2099.35,41.74,25.68,2394.02
Curitiba,155.4,1,2,1,30,acept,not furnished,460.46,4271.35,59.6,52.89,4844.3
Curitiba,78.7,4,3,0,6,acept,furnished,408.91,3526.17,159.8,45.36,4140.24
Rio de Janeiro,125.8,5,6,0,14,not acept,furnished,567.23,4852.75,55.1,67.59,5542.67
Curitiba,41.4,3,3,1,19,acept,furnished,375.71,3126.27,72.97,34.8,3609.75
Sao Paulo,165.3,4,4,2,21,acept,furnished,1221.07,6440.09,263.43,80.6,8005.19
Curitiba,50.8,1,1,1,4,not acept,not furnished,357.19,2199.16,25.53,17.04,2598.92
Porto Alegre,44.2,2,1,2,26,not acept,not furnished,106.73,1325.43,24.98,7.77,1464.91
Belo Horizonte,30.8,2,1,2,24,not acept,furnished,73.88,576.4,20.16,8.56,679.0
Rio de Janeiro,18.0,3,4,3,6,not acept,not furnished,161.57,1618.84,46.43,22.0,1848.84
Sao Paulo,185.1,2,1,2,15,not acept,not furnished,1179.04,7079.41,95.64,86.25,8440.34
Curitiba,67.8,3,4,0,7,not acept,not furnished,312.26,1577.84,41.12,9.32,1940.54
Curitiba,88.0,3,2,2,9,not acept,furnished,689.87,4932.74,109.74,40.07,5772.42
Fortaleza,18.0,1,1,1,15,acept,furnished,225.88,1142.43,43.37,10.75,1422.43
Rio de Janeiro,164.3,1,1,0,15,acept,not furnished,520.54,4602.2,148.89,29.67,5301.3
Porto Alegre,59.2,1,1,1,15,acept,not furnished,161.97,1081.79,33.68,9.35,1286.79
Belo Horizonte,48.5,3,2,1,15,not acept,not furnished,212.58,1461.87,59.07,7.43,1740.95
Fortaleza,18.0,2,2,2,18,acept,not furnished,124.61,709.98,13.1,4.54,852.23
Belo Horizonte,50.8,2,3,1,0,not acept,not furnished,222.74,2000.0,69.63,16.14,2308.51
Belo Horizonte,49.8,3,2,1,2,not acept,furnished,308.84,2779.82,48.87,31.52,3169.05
Belo Horizonte,46.0,1,1,2,13,acept,not furnished,159.92,1304.65,39.04,16.06,1519.67
Porto Alegre,89.3,2,1,3,21,not acept,not furnished,471.4,3140.73,121.4,26.08,3759.61
Recife,74.1,3,2,1,14,acept,not furnished,198.52,2062.64,78.48,25.75,2365.39
Sao Paulo,132.2,3,3,1,18,acept,not furnished,1030.34,5294.91,149.2,39.53,6513.98
Sao Paulo,54.8,3,2,0,30,acept,furnished,345.31,2552.67,52.17,33.1,2983.25
Fortaleza,94.5,2,1,1,22,acept,not furnished,414.19,2950.04,32.02,42.28,3438.53
Belo Horizonte,79.2,2,1,2,28,not acept,not furnished,325.42,2516.98,64.27,14.05,2920.72
Belo Horizonte,64.8,3,2,0,0,not acept,not furnished,115.25,911.29,30.83,11.0,1068.37
Rio de Janeiro,126.4,1,1,0,12,not acept,furnished,617.49,4582.04,99.36,27.35,5326.24
Sao Paulo,33.4,4,4,2,9,acept,not furnished,67.86,622.06,26.37,4.15,720.44
Porto Alegre,22.0,2,2,0,21,not acept,furnished,183.19,1874.12,81.98,23.28,2162.57
Porto Alegre,18.0,2,1,2,28,acept,not furnished,157.41,1189.3,31.88,7.53,1386.12
Rio de Janeiro,37.7,2,1,1,0,not acept,not furnished,205.87,1277.32,36.0,12.07,1531.26
Rio de Janeiro,81.5,4,5,1,0,not acept,not furnished,321.65,2619.86,44.95,19.39,3005.85
Salvador,84.8,3,3,1,20,not acept,furnished,321.68,3460.47,56.34,36.21,3874.7
Sao Paulo,18.0,2,1,0,9,acept,not furnished,57.15,400.0,7.7,5.47,470.32
Fortaleza,67.9,3,4,2,4,not acept,not furnished,347.99,2435.38,64.38,29.33,2877.08
Sao Paulo,196.3,2,2,1,29,not acept,not furnished,657.05,6552.8,320.19,55.51,7585.55
Belo Horizonte,18.0,3,4,3,0,acept,not furnished,53.99,445.56,15.59,2.7,517.84
Fortaleza,73.3,2,3,2,6,not acept,not furnished,315.87,20380.530435082983,48.66,25.57,2198.0
Curitiba,135.9,2,1,2,8,not acept,not furnished,345.47,4119.64,77.14,33.74,4575.99
Rio de Janeiro,123.8,2,1,0,23,not acept,not furnished,352.89,3860.72,158.9,57.29,4429.8
Curitiba,31.7,1,1,1,16,acept,not furnished,349.82,2131.99,75.96,18.4,2576.17
Rio de Janeiro,100.5,1,2,1,8,acept,not furnished,485.09,3262.24,85.69,28.34,3861.36
Sao Paulo,73.2,2,3,2,3,acept,furnished,263.43,1762.6,60.63,15.44,2102.1
Recife,41.8,2,1,1,4,acept,not furnished,327.04,2423.9,80.25,25.5,2856.69
Porto Alegre,84.1,4,4,0,0,not acept,not furnished,285.46,3160.96,105.01,31.35,3582.78
Curitiba,65.1,3,2,1,25,not acept,not furnished,131.38,1521.51,19.54,19.09,1691.52
Rio de Janeiro,127.2,5,5,3,1,not acept,not furnished,371.37,3123.42,143.84,37.46,3676.09
Sao Paulo,30.1,2,3,2,25,not acept,furnished,206.98,2384.63,105.15,24.79,2721.55
Sao Paulo,109.9,2,2,3,2,acept,not furnished,487.14,3295.21,43.81,17.79,3843.95
Belo Horizonte,18.0,3,4,2,27,not acept,furnished,232.57,1440.22,51.03,15.7,1739.52
Porto Alegre,33.4,3,3,2,20,not acept,furnished,369.42,2395.82,71.58,24.08,2860.9
Belo Horizonte,61.1,3,2,2,9,not acept,not furnished,398.03,2376.02,94.33,34.36,2902.74
Salvador,34.3,3,2,2,10,not acept,not furnished,421.69,2170.85,56.53,23.85,2672.92
Sao Paulo,171.7,3,2,1,7,not acept,not furnished,1203.37,36788.583513622616,301.36,86.76,7728.18
Rio de Janeiro,143.3,3,3,2,4,not acept,furnished,601.5,5264.4,253.08,29.32,6148.3
Sao Paulo,66.7,3,4,1,28,not acept,not furnished,197.4,1716.6,23.75,9.12,1946.87
Rio de Janeiro,18.0,5,4,1,3,acept,furnished,204.62,1209.3,26.88,12.57,1453.37
Sao Paulo,231.8,4,4,3,3,acept,not furnished,1458.25,7335.2,134.15,57.59,8985.19
Recife,83.8,2,2,2,9,acept,furnished,478.32,3692.34,83.93,46.59,4301.18
Sao Paulo,124.4,1,1,2,30,not acept,furnished,453.48,4435.65,129.06,64.22,5082.41
Fortaleza,30.5,1,1,3,13,acept,not furnished,266.5,1591.46,23.25,10.45,1891.66
Rio de Janeiro,57.3,1,1,1,9,not acept,not furnished,234.28,1855.87,71.34,26.39,2187.88
Recife,18.0,1,1,0,30,acept,not furnished,83.5,931.86,30.72,10.61,1056.69
Belo Horizonte,68.2,2,2,2,22,acept,furnished,484.56,2853.07,45.32,33.93,3416.88
Fortaleza,56.0,1,2,0,29,acept,not furnished,290.97,2256.04,83.7,17.96,2648.67
Sao Paulo,87.1,3,4,0,5,acept,not furnished,415.71,2753.74,98.48,27.37,3295.3
Porto Alegre,24.3,2,2,1,22,acept,not furnished,213.53,1309.78,59.36,16.94,1599.61
Fortaleza,29.2,3,4,0,27,not acept,furnished,248.24,1390.66,25.68,18.0,1682.58
Sao Paulo,172.2,1,1,2,15,not acept,not furnished,1080.52,6990.39,240.22,88.57,8399.7
Sao Paulo,190.0,4,4,2,11,acept,not furnished,1179.23,6131.91,276.18,71.75,7659.07
Rio de Janeiro,221.3,3,3,2,7,not acept,furnished,892.11,6456.35,132.52,59.01,7539.99
Fortaleza,92.9,2,3,0,16,acept,furnished,448.14,3120.0,60.13,26.83,3655.1
Belo Horizonte,18.0,4,4,2,4,not acept,not furnished,107.03,918.75,19.3,4.92,1050.0
Belo Horizonte,35.3,2,2,2,12,not acept,not furnished,232.3,2424.17,98.24,33.86,2788.57
Sao Paulo,97.5,4,3,0,20,not acept,furnished,876.3,5638.17,238.9,69.51,6822.88
Sao Paulo,161.4,3,2,1,19,acept,not furnished,676.16,5874.02,66.85,52.39,6669.42
Salvador,39.2,2,3,2,20,acept,not furnished,313.99,1894.95,42.77,10.47,2262.18
Sao Paulo,36.1,1,1,1,17,acept,furnished,71.01,459.65,6.93,3.42,541.01
Curitiba,96.8,2,1,2,0,acept,not furnished,413.59,3635.7,58.69,42.74,4150.72
Fortaleza,51.1,4,3,1,0,acept,not furnished,303.08,2063.35,87.98,26.04,2480.45
Sao Paulo,138.6,3,3,0,17,not acept,not furnished,857.82,4319.28,209.73,61.76,5448.59
Curitiba,108.4,2,1,1,29,not acept,not furnished,530.7,2855.08,75.79,35.32,3496.89
Sao Paulo,135.8,3,4,1,4,acept,not furnished,615.5,4733.99,231.03,54.64,5635.16
Belo Horizonte,30.9,1,1,3,21,not acept,not furnished,229.88,1414.72,35.52,20.12,1700.24
Sao Paulo,120.2,1,2,1,12,not acept,furnished,633.78,6213.81,240.14,52.87,7140.6
Porto Alegre,78.4,4,5,2,2,acept,furnished,264.9,3261.66,79.46,43.98,3650.0
Rio de Janeiro,34.4,3,4,1,0,not acept,not furnished,356.44,1972.09,44.96,24.4,2397.89
Rio de Janeiro,120.0,2,3,1,21,acept,furnished,655.02,5050.29,169.19,46.73,5921.23
Belo Horizonte,75.6,4,5,2,2,acept,not furnished,359.28,3529.89,158.07,38.06,4085.3
Sao Paulo,77.0,2,1,2,7,acept,not furnished,325.15,2759.31,93.08,19.17,3196.71
Porto Alegre,39.0,2,1,2,11,not acept,furnished,312.24,1637.23,53.7,9.71,2012.88
Rio de Janeiro,114.8,2,3,0,21,not acept,not furnished,688.34,3679.25,111.03,28.95,4507.57
Curitiba,82.7,3,4,0,10,acept,furnished,652.96,4129.73,197.98,33.63,5014.3
Sao Paulo,113.0,3,2,0,10,not acept,furnished,489.7,5378.6,229.06,56.18,6153.54
Curitiba,86.6,1,2,1,24,acept,not furnished,453.62,2730.01,71.72,17.45,3272.8
Sao Paulo,39.8,3,2,1,0,not acept,not furnished,378.03,2023.55,86.95,13.11,2501.64
Rio de Janeiro,113.8,3,4,2,22,not acept,furnished,908.8,4776.19,68.49,26.79,5780.27
Sao Paulo,110.4,3,4,3,15,acept,furnished,473.52,3747.23,102.74,55.64,4379.13
Porto Alegre,64.3,4,4,2,15,acept,not furnished,263.05,2621.96,37.94,23.38,2946.33
Sao Paulo,39.5,2,3,0,9,not acept,not furnished,442.63,2266.3,113.06,15.19,2837.18
Fortaleza,18.0,2,2,3,0,acept,not furnished,287.76,1623.42,19.29,23.51,1953.98
Fortaleza,72.0,3,4,0,0,not acept,not furnished,220.26,1669.6,77.35,9.65,1976.86
Sao Paulo,79.7,2,2,1,9,not acept,not furnished,493.07,3163.77,149.56,18.0,3824.4
Belo Horizonte,141.6,1,1,1,21,acept,not furnished,497.8,3898.06,84.64,58.45,4538.95
Sao Paulo,72.0,1,2,0,27,not acept,not furnished,326.89,2423.72,116.29,23.26,2890.16
Rio de Janeiro,109.6,3,2,0,24,not acept,not furnished,440.71,3693.02,110.88,34.91,4279.52
Curitiba,119.3,1,1,1,24,not acept,furnished,415.31,4791.57,227.71,38.55,5473.14
Curitiba,86.3,2,2,0,0,not acept,furnished,549.59,2752.72,81.0,27.72,3411.03
Curitiba,118.4,1,1,0,4,not acept,not furnished,379.51,3489.92,100.57,45.08,4015.08
Sao Paulo,105.1,3,3,2,29,not acept,not furnished,547.48,4768.55,191.39,66.37,5573.79
Rio de Janeiro,86.9,3,2,1,26,not acept,not furnished,293.65,2467.79,47.73,29.79,2838.96
Sao Paulo,138.0,2,2,0,1,not acept,not furnished,464.66,4250.72,196.24,25.53,4937.15
Curitiba,96.1,3,4,1,18,not acept,not furnished,498.68,4187.17,183.96,34.51,4904.32
Belo Horizonte,82.7,3,3,1,12,acept,not furnished,462.36,3124.12,48.12,45.39,3679.99
Curitiba,91.6,3,2,0,0,not acept,furnished,357.13,53326.87488717489,44.59,37.4,4429.62
Sao Paulo,220.6,2,1,3,24,not acept,not furnished,675.78,7628.61,293.11,106.76,8704.26
Rio de Janeiro,72.4,3,4,2,29,acept,not furnished,303.29,2239.23,53.89,26.75,2623.16
Rio de Janeiro,128.1,4,3,1,28,not acept,not furnished,603.0,3685.91,51.91,25.64,4366.46
Sao Paulo,181.1,1,1,1,10,not acept,furnished,521.95,4920.26,225.43,69.66,5737.3
Rio de Janeiro,84.7,2,3,1,23,not acept,not furnished,431.95,3032.89,150.95,35.34,3651.13
Salvador,40.2,2,3,1,14,not acept,not furnished,178.97,1347.09,30.64,8.12,1564.82
Fortaleza,56.0,3,2,2,30,acept,not furnished,236.55,1761.74,30.67,15.54,2044.5
Belo Horizonte,49.5,3,4,2,29,not acept,not furnished,354.73,2160.47,95.64,30.98,2641.82
Rio de Janeiro,46.1,2,2,2,23,acept,furnished,354.44,2337.16,72.88,29.31,2793.79
Sao Paulo,194.4,2,2,0,13,acept,not furnished,798.31,5854.77,289.34,47.5,6989.92
Fortaleza,25.3,4,3,1,27,acept,furnished,183.86,1635.15,58.06,19.79,1896.86
Sao Paulo,146.2,3,3,3,5,acept,not furnished,548.93,3653.89,119.29,31.39,4353.5
Recife,80.1,4,4,2,4,not acept,not furnished,233.42,20287.160529481538,113.98,14.37,2781.03
Rio de Janeiro,163.5,4,3,1,16,acept,furnished,683.68,5262.75,221.36,51.9,6219.69
Rio de Janeiro,34.2,2,2,0,24,not acept,furnished,162.24,1686.99,44.36,11.05,1904.64
Fortaleza,46.9,1,1,1,0,acept,not furnished,145.34,1229.89,12.82,10.82,1398.87
Sao Paulo,131.9,3,2,1,23,acept,not furnished,639.44,4088.2,163.87,38.4,4929.91
Belo Horizonte,74.4,2,1,1,29,acept,furnished,349.34,2002.96,89.36,18.39,2460.05
Belo Horizonte,72.1,2,3,0,15,acept,furnished,243.4,2248.02,34.17,24.23,2549.82
Sao Paulo,192.4,2,2,1,4,acept,not furnished,934.54,5951.73,272.64,57.46,7216.37
Rio de Janeiro,123.3,4,4,2,18,acept,not furnished,422.03,3741.24,167.08,22.88,4353.23
Curitiba,125.7,1,1,1,4,acept,not furnished,524.84,4041.66,43.26,48.19,4657.95
Porto Alegre,51.1,2,1,1,10,not acept,not furnished,261.78,1379.8,54.01,12.59,1708.18
Sao Paulo,59.7,3,2,1,20,not acept,not furnished,343.93,3732.89,94.58,42.3,4213.7
Fortaleza,57.3,4,4,1,10,not acept,furnished,442.45,2233.8,26.88,12.49,2715.62
Sao Paulo,153.0,4,4,2,13,not acept,not furnished,923.92,5881.55,136.65,41.62,6983.74
Sao Paulo,34.5,3,3,1,15,acept,not furnished,166.81,1089.72,37.27,8.38,1302.18
Sao Paulo,130.0,1,1,1,8,acept,furnished,542.49,5130.44,114.16,71.4,5858.49
Sao Paulo,88.3,2,3,2,0,not acept,furnished,445.87,4314.19,179.05,24.65,4963.76
Sao Paulo,94.5,4,3,1,14,not acept,furnished,776.74,,121.35,50.74,5020.86
Recife,78.2,3,4,0,13,acept,furnished,260.4,2624.18,29.96,17.16,2931.7
Rio de Janeiro,114.0,3,3,1,11,acept,not furnished,279.99,2783.0,90.24,26.22,3179.45
Sao Paulo,105.9,2,1,1,3,acept,furnished,663.57,4045.27,111.29,31.43,4851.56
Sao Paulo,132.6,1,2,0,0,acept,not furnished,575.78,3499.54,48.26,43.2,4166.78
Curitiba,70.5,3,4,1,25,acept,not furnished,305.05,2386.86,66.06,13.03,2771.0
Salvador,52.4,4,3,2,15,acept,not furnished,320.21,1695.1,71.03,14.26,2100.6
Sao Paulo,187.2,5,6,1,30,acept,not furnished,1134.07,5959.17,84.95,87.13,7265.32
Sao Paulo,144.0,4,4,0,30,not acept,furnished,743.9,4110.75,81.66,32.69,4969.0
Sao Paulo,144.7,3,4,1,17,acept,not furnished,440.06,5371.37,265.7,66.32,6143.45
Sao Paulo,29.3,3,4,1,14,not acept,not furnished,152.92,1315.37,34.97,19.2,1522.46
Sao Paulo,141.8,4,4,2,3,not acept,not furnished,521.84,4544.03,196.32,32.04,5294.23
Rio de Janeiro,127.8,1,1,1,10,acept,not furnished,460.34,5238.71,158.0,55.85,5912.9
Sao Paulo,62.4,5,6,0,23,not acept,not furnished,563.29,3009.52,58.02,19.0,3649.83
Belo Horizonte,18.0,3,3,1,29,acept,not furnished,178.22,895.08,12.03,10.13,1095.46
Sao Paulo,142.9,5,4,3,17,acept,not furnished,433.51,4459.9,177.75,38.31,5109.47
Recife,18.0,3,2,1,18,not acept,not furnished,116.2,1017.19,29.91,9.27,1172.57
Fortaleza,18.0,2,2,2,29,not acept,furnished,37.59,451.72,22.21,4.42,515.94
Belo Horizonte,74.4,2,2,1,1,not acept,not furnished,135.25,1441.07,66.45,19.34,1662.11
Rio de Janeiro,105.6,2,1,2,18,not acept,not furnished,533.85,3814.71,61.68,40.72,4450.96
Rio de Janeiro,34.1,2,1,2,17,not acept,furnished,329.01,2650.14,96.16,35.96,3111.27
Rio de Janeiro,20.4,2,3,2,4,not acept,not furnished,150.24,1148.19,19.9,16.99,1335.32
Porto Alegre,20.2,3,4,1,23,acept,furnished,246.28,1539.81,37.87,17.27,1841.23
Rio de Janeiro,117.9,2,3,3,1,acept,not furnished,345.39,3765.64,87.8,45.4,4244.23
Salvador,80.3,1,2,2,0,acept,furnished,316.35,1740.74,53.26,16.39,2126.74
Recife,18.0,5,4,1,13,acept,not furnished,81.34,442.35,19.19,4.48,547.36
Rio de Janeiro,71.0,2,1,2,7,not acept,not furnished,285.94,2872.13,130.36,41.19,3329.62
Belo Horizonte,41.9,4,3,2,12,acept,not furnished,229.91,1472.1,54.94,19.42,1776.37
Sao Paulo,89.1,1,1,1,1,acept,not furnished,552.7,3394.05,119.5,33.59,4099.84
Sao Paulo,18.0,4,3,1,12,not acept,not furnished,147.48,1462.3,68.61,9.24,1687.63
Rio de Janeiro,71.0,2,2,1,12,acept,not furnished,345.83,2767.23,38.95,16.02,3168.03
Sao Paulo,96.3,3,3,1,29,not acept,not furnished,561.84,3445.33,88.5,37.44,4133.11
Fortaleza,31.0,3,3,2,21,acept,not furnished,198.43,1234.25,23.11,11.86,1467.65
Sao Paulo,95.2,4,5,2,28,not acept,furnished,438.73,2428.75,37.57,28.33,2933.38
Rio de Janeiro,49.7,2,2,2,23,acept,not furnished,191.84,2000.39,73.69,20.27,2286.19
Belo Horizonte,26.6,1,1,2,23,acept,not furnished,172.01,1448.59,25.62,14.55,1660.77
Curitiba,64.4,4,3,1,26,not acept,not furnished,395.98,2324.64,112.55,26.81,2859.98
Rio de Janeiro,66.1,2,1,2,6,not acept,not furnished,275.81,2510.81,78.11,21.89,2886.62
Salvador,44.0,2,1,2,11,not acept,furnished,226.16,1565.65,45.18,8.99,1845.98
Belo Horizonte,95.4,3,2,1,26,not acept,not furnished,381.04,3949.67,96.0,39.13,4465.84
Rio de Janeiro,109.2,1,1,0,0,not acept,not furnished,374.71,3790.94,79.42,27.46,4272.53
Sao Paulo,156.9,2,2,1,0,acept,not furnished,553.97,5003.53,232.42,68.54,5858.46
Rio de Janeiro,99.4,2,1,1,19,not acept,not furnished,404.4,3508.12,121.4,43.4,4077.32
Salvador,26.8,2,2,1,27,not acept,not furnished,125.32,1474.16,28.68,18.66,1646.82
Belo Horizonte,31.8,3,4,1,24,not acept,not furnished,367.75,2012.84,75.15,20.41,2476.15
Salvador,60.8,2,1,2,24,acept,furnished,125.01,1466.01,28.59,15.26,1634.87
Rio de Janeiro,113.5,3,4,1,9,acept,furnished,700.41,4083.19,166.7,29.3,4979.6
Sao Paulo,180.6,4,5,2,17,not acept,furnished,775.42,6775.86,217.69,79.34,7848.31
Sao Paulo,113.2,1,2,2,23,acept,not furnished,533.38,4173.19,115.55,48.63,4870.75
Rio de Janeiro,37.5,4,3,1,24,acept,not furnished,295.89,1981.09,71.69,20.7,2369.37
Curitiba,94.0,4,4,1,17,not acept,not furnished,336.21,3143.15,141.0,36.59,3656.95
Porto Alegre,121.4,3,4,2,24,not acept,not furnished,318.43,3569.61,93.27,52.62,4033.93
Sao Paulo,87.8,5,4,1,0,acept,furnished,528.56,2712.62,101.82,39.59,3382.59
Rio de Janeiro,102.7,2,2,2,29,not acept,not furnished,491.96,2742.39,67.26,40.0,3341.61
Rio de Janeiro,49.5,4,5,1,26,acept,furnished,467.92,2734.38,66.81,16.3,3285.41
Rio de Janeiro,42.4,3,2,1,0,acept,not furnished,289.2,2006.37,87.38,26.12,2409.07
Sao Paulo,53.9,2,2,1,11,not acept,furnished,385.33,2461.88,78.59,34.69,2960.49
Sao Paulo,188.6,3,3,2,28,not acept,not furnished,981.46,5342.05,139.89,72.51,6535.91
Sao Paulo,65.4,3,2,1,14,acept,not furnished,178.05,1405.66,25.38,11.35,1620.44
Sao Paulo,91.0,2,3,1,0,not acept,not furnished,272.11,2940.13,123.03,27.17,3362.44
Sao Paulo,34.0,2,1,1,29,not acept,not furnished,148.81,822.54,28.96,5.35,1005.66
Sao Paulo,18.0,3,4,1,9,acept,furnished,42.56,486.21,18.87,5.32,552.96
Curitiba,76.9,3,2,0,14,not acept,furnished,555.5,2920.18,80.12,15.1,3570.9
Rio de Janeiro,70.9,3,3,2,18,not acept,not furnished,349.53,2097.63,46.83,25.73,2519.72
Recife,52.4,3,3,1,25,not acept,not furnished,264.45,1981.58,77.24,13.33,2336.6
Sao Paulo,141.2,2,2,3,26,not acept,furnished,868.58,30497.6161807251,75.96,71.38,6661.82
Rio de Janeiro,111.6,2,2,1,19,not acept,not furnished,575.83,3993.17,145.35,33.39,4747.74
Rio de Janeiro,112.2,4,4,1,29,acept,furnished,531.65,4147.4,203.52,61.95,4944.52
Sao Paulo,63.4,4,3,2,4,not acept,not furnished,294.27,3083.76,131.31,28.0,3537.34
Salvador,81.1,3,2,2,27,not acept,furnished,381.33,2154.38,84.64,28.42,2648.77
Sao Paulo,130.3,5,4,0,4,not acept,furnished,798.41,5303.97,146.6,37.65,6286.63
Recife,62.5,4,5,1,27,not acept,furnished,320.23,1948.98,20.76,19.79,2309.76
Fortaleza,32.9,1,2,1,4,not acept,not furnished,154.35,1469.85,72.6,17.66,1714.46
Belo Horizonte,77.8,2,2,0,21,not acept,not furnished,322.34,3094.77,144.92,31.67,3593.7
Belo Horizonte,105.0,1,1,0,24,not acept,not furnished,524.06,2900.52,86.8,36.18,3547.56
Curitiba,56.9,3,3,1,10,acept,not furnished,417.65,2866.82,107.49,32.59,3424.55
Rio de Janeiro,88.6,3,4,1,1,acept,furnished,522.34,3888.11,125.94,44.94,4581.33
Curitiba,54.4,2,3,2,9,acept,not furnished,164.51,1804.0,67.83,11.59,2047.93
Sao Paulo,139.0,4,3,1,0,acept,not furnished,679.92,5184.57,62.99,69.29,5996.77
Sao Paulo,94.9,3,4,2,19,not acept,not furnished,574.11,3491.51,174.36,19.84,4259.82
Rio de Janeiro,136.2,3,3,0,20,not acept,not furnished,457.17,51453.96275068001,203.87,37.85,5644.7
Belo Horizonte,18.0,1,1,2,6,acept,not furnished,82.59,989.03,20.41,14.47,1106.5
Fortaleza,37.8,1,2,2,19,not acept,not furnished,271.38,1853.91,58.76,22.59,2206.64
Sao Paulo,116.3,3,2,1,0,not acept,not furnished,590.13,5003.7,144.77,70.74,5809.34
Salvador,18.0,4,5,2,0,not acept,furnished,295.16,1564.0,37.81,8.13,1905.1
Sao Paulo,143.9,4,5,3,11,acept,not furnished,692.42,4582.3,126.23,30.45,5431.4
Rio de Janeiro,84.2,3,4,1,13,acept,not furnished,430.32,3707.94,121.5,54.81,4314.57
Rio de Janeiro,64.2,2,2,0,0,not acept,not furnished,244.91,2081.35,63.39,24.08,2413.73
Rio de Janeiro,18.0,2,3,2,17,not acept,furnished,77.71,,35.42,5.22,932.16
Sao Paulo,183.0,4,4,0,25,acept,not furnished,865.39,6530.43,96.44,73.14,7565.4
Belo Horizonte,18.0,1,1,1,11,not acept,furnished,80.24,909.67,11.13,7.73,1008.77
Salvador,80.7,3,4,1,22,not acept,furnished,187.56,1411.48,42.67,16.94,1658.65
Rio de Janeiro,177.4,3,3,1,2,not acept,not furnished,538.29,5698.52,163.54,78.24,6478.59
Rio de Janeiro,100.7,2,2,0,15,not acept,not furnished,433.05,2685.39,96.18,37.8,3252.42
Salvador,48.7,2,1,0,23,not acept,furnished,172.01,1087.76,23.5,6.23,1289.5
Curitiba,89.2,4,3,2,20,acept,not furnished,582.97,3227.97,43.85,18.94,3873.73
Rio de Janeiro,131.3,4,3,1,23,not acept,furnished,1070.87,5615.78,236.83,38.06,6961.54
Sao Paulo,63.1,4,5,1,21,acept,furnished,294.08,1855.79,51.25,15.13,2216.25
Fortaleza,56.0,2,3,2,1,acept,furnished,167.17,1696.89,26.19,17.58,1907.83
Belo Horizonte,92.4,1,1,2,1,not acept,not furnished,527.14,3738.8,180.3,52.41,4498.65
Sao Paulo,132.6,5,6,1,30,not acept,not furnished,683.39,3541.92,169.18,26.47,4420.96
Sao Paulo,129.0,1,1,0,13,acept,furnished,571.16,5496.56,90.71,58.03,6216.46
Salvador,20.4,3,3,2,22,acept,not furnished,137.33,1083.74,45.81,12.07,1278.95
Sao Paulo,75.3,2,3,2,20,acept,not furnished,419.47,2470.85,78.11,34.55,3002.98
Recife,55.8,3,4,3,0,not acept,furnished,360.89,2103.14,46.14,31.01,2541.18
Sao Paulo,63.9,2,2,2,14,not acept,furnished,535.3,2760.33,71.04,22.24,3388.91
Porto Alegre,18.0,4,4,1,15,not acept,furnished,47.3,431.35,20.95,4.22,503.82
Rio de Janeiro,113.3,5,6,1,24,not acept,not furnished,908.24,4963.16,115.92,53.57,6040.89
Rio de Janeiro,99.9,2,3,0,29,acept,not furnished,338.74,48964.44140863626,72.8,56.43,4393.11
Fortaleza,64.9,1,1,2,7,acept,not furnished,210.76,2161.75,61.99,28.51,2463.01
Rio de Janeiro,110.1,3,2,0,0,not acept,not furnished,735.39,3807.06,131.7,44.46,4718.61
Belo Horizonte,101.1,2,3,1,13,acept,furnished,760.21,4093.99,87.55,39.72,4981.47
Sao Paulo,74.3,5,5,1,0,acept,not furnished,220.92,2530.24,103.62,36.59,2891.37
Sao Paulo,92.8,1,2,1,10,acept,not furnished,276.33,3136.01,107.33,21.57,3541.24
Sao Paulo,73.4,1,1,0,6,acept,not furnished,372.12,3044.41,143.45,17.89,3577.87
Curitiba,72.5,3,4,1,5,acept,furnished,349.25,2728.55,62.27,17.71,3157.78
Sao Paulo,155.0,3,4,1,0,acept,not furnished,778.05,5715.12,208.96,32.44,6734.57
Sao Paulo,18.0,3,3,2,6,not acept,furnished,65.1,,20.29,3.8,535.66
Rio de Janeiro,30.0,2,2,1,8,not acept,furnished,77.97,814.95,8.29,9.28,910.49
Curitiba,18.0,2,3,3,28,not acept,not furnished,124.2,626.1,18.65,8.3,777.25
Curitiba,86.2,2,2,1,0,not acept,not furnished,377.73,1937.67,62.34,15.39,2393.13
Sao Paulo,53.6,2,2,1,23,acept,not furnished,241.19,1868.8,56.65,11.79,2178.43
Sao Paulo,168.1,4,5,1,21,not acept,furnished,832.66,6010.77,130.24,83.0,7056.67
Recife,86.4,1,1,2,8,not acept,not furnished,279.29,2260.01,30.76,20.84,2590.9
Sao Paulo,128.8,2,1,1,27,acept,not furnished,846.65,5355.75,238.85,54.02,6495.27
Salvador,76.1,3,3,2,19,not acept,furnished,420.31,2564.19,77.94,18.19,3080.63
Salvador,19.3,1,2,2,0,not acept,furnished,172.04,1192.66,15.38,6.42,1386.5
Porto Alegre,53.1,4,4,3,4,acept,furnished,303.88,1591.68,42.05,16.14,1953.75
Sao Paulo,98.6,3,4,1,11,acept,not furnished,446.92,3675.29,63.69,31.55,4217.45
Salvador,22.6,1,1,1,29,not acept,furnished,105.31,947.0,21.24,9.0,1082.55
Porto Alegre,48.2,4,3,1,6,not acept,not furnished,240.81,1517.55,64.75,10.51,1833.62
Belo Horizonte,34.2,3,2,3,11,acept,not furnished,106.61,1071.33,32.99,7.35,1218.28
Rio de Janeiro,47.6,3,3,2,16,not acept,not furnished,379.37,2541.57,49.4,24.33,2994.67
Sao Paulo,18.0,4,3,1,9,not acept,not furnished,167.61,1410.89,59.84,10.24,1648.58
Sao Paulo,100.4,4,3,0,21,acept,not furnished,330.77,3428.48,60.73,23.36,3843.34
Belo Horizonte,73.1,2,2,1,19,not acept,furnished,303.45,2572.1,58.37,16.6,2950.52
Belo Horizonte,61.7,2,3,0,0,not acept,furnished,175.57,1683.27,19.07,15.53,1893.44
Rio de Janeiro,81.5,2,1,2,11,not acept,not furnished,394.55,2536.66,122.48,28.04,3081.73
Rio de Janeiro,91.9,3,4,0,23,acept,not furnished,254.63,2953.77,78.97,26.96,3314.33
Rio de Janeiro,90.1,4,5,1,18,not acept,furnished,634.12,3558.44,59.31,50.51,4302.38
Curitiba,81.8,1,1,0,13,not acept,not furnished,344.14,2292.61,69.85,26.42,2733.02
Fortaleza,18.0,1,2,1,21,not acept,not furnished,187.77,1026.92,14.62,9.13,1238.44
Sao Paulo,79.9,4,5,0,20,acept,not furnished,203.22,2047.96,94.18,17.88,2363.24
Rio de Janeiro,86.6,2,2,2,25,acept,not furnished,405.65,2968.16,36.97,23.38,3434.16
Sao Paulo,55.7,2,3,1,0,acept,furnished,326.31,2037.51,70.96,16.97,2451.75
Curitiba,19.0,2,1,1,15,not acept,furnished,146.41,1501.7,68.58,12.98,1729.67
Porto Alegre,56.3,2,2,1,19,not acept,not furnished,135.41,1657.89,33.0,13.01,1839.31
Fortaleza,68.3,5,5,1,20,acept,furnished,449.1,2325.02,32.39,13.98,2820.49
Sao Paulo,26.8,5,5,2,28,acept,not furnished,163.52,941.45,26.88,9.27,1141.12
Recife,18.0,2,1,0,11,acept,furnished,329.71,1896.37,63.78,18.05,2307.91
Sao Paulo,104.4,5,6,0,24,not acept,not furnished,729.24,3828.77,82.67,46.93,4687.61
Belo Horizonte,74.8,2,3,1,23,not acept,not furnished,382.45,,58.9,36.25,3037.97
Sao Paulo,98.8,4,5,2,6,not acept,furnished,542.6,3456.35,122.78,38.44,4160.17
Fortaleza,18.0,2,1,1,6,not acept,not furnished,42.03,400.0,19.63,4.92,466.58
Belo Horizonte,18.0,4,5,0,29,not acept,not furnished,70.01,513.07,13.85,5.18,602.11
Curitiba,55.2,2,3,1,8,acept,furnished,304.1,3074.49,85.32,27.81,3491.72
Salvador,68.6,2,1,2,11,not acept,not furnished,67.26,732.21,32.82,4.03,836.32
Sao Paulo,71.7,4,3,1,17,acept,furnished,160.75,1452.94,37.18,12.78,1663.65
Sao Paulo,89.2,2,3,1,8,acept,not furnished,471.65,3490.04,80.75,35.31,4077.75
Fortaleza,83.8,5,4,0,19,not acept,furnished,356.71,2277.97,65.22,18.33,2718.23
Rio de Janeiro,32.1,1,1,1,7,not acept,not furnished,208.1,1480.9,17.3,12.85,1719.15
Sao Paulo,157.9,1,1,2,15,acept,furnished,1232.35,6578.32,305.38,55.79,8171.84
Rio de Janeiro,149.0,4,4,1,16,not acept,not furnished,578.56,4852.88,67.52,50.88,5549.84
Belo Horizonte,110.1,3,3,1,24,not acept,not furnished,676.96,33006.20978374163,171.54,54.48,4630.38
Sao Paulo,126.4,2,3,2,26,acept,not furnished,555.51,4199.26,198.87,29.23,4982.87
Sao Paulo,118.2,1,2,1,20,not acept,not furnished,342.17,3543.52,161.0,30.28,4076.97
Sao Paulo,136.5,3,2,1,6,not acept,furnished,933.2,5074.48,68.39,75.9,6151.97
Rio de Janeiro,140.5,2,3,0,13,acept,furnished,794.18,5725.17,182.3,50.64,6752.29
Fortaleza,35.5,3,3,3,16,acept,not furnished,188.88,1951.2,47.18,25.12,2212.38
Recife,54.1,3,4,0,7,not acept,not furnished,133.74,1303.75,21.98,11.66,1471.13
Curitiba,67.6,3,4,1,29,acept,furnished,385.95,4353.02,137.83,43.21,4920.01
Sao Paulo,79.8,5,5,0,1,not acept,furnished,485.33,3085.25,36.0,39.26,3645.84
Fortaleza,18.0,3,3,1,25,not acept,furnished,131.87,1067.09,23.65,11.22,1233.83
Belo Horizonte,103.8,2,1,2,11,not acept,not furnished,495.3,2527.43,78.09,24.59,3125.41
Sao Paulo,18.0,2,1,1,29,not acept,not furnished,57.84,400.0,19.69,2.55,480.08
Fortaleza,70.6,3,2,0,15,acept,not furnished,210.62,1924.3,59.07,28.85,2222.84
Porto Alegre,100.1,2,3,3,21,acept,furnished,419.0,2780.94,62.44,19.11,3281.49
Porto Alegre,84.1,2,3,2,22,not acept,furnished,447.7,2270.21,72.86,21.58,2812.35
Curitiba,48.4,4,5,3,20,not acept,furnished,146.81,1773.53,21.2,19.95,1961.49
Sao Paulo,64.2,4,4,2,0,acept,furnished,185.75,1850.46,78.95,10.22,2125.38
Sao Paulo,109.5,3,4,2,18,acept,not furnished,685.75,3583.2,165.09,24.61,4458.65
Curitiba,68.5,3,3,2,27,not acept,furnished,193.9,2337.59,27.06,30.43,2588.98
Sao Paulo,109.1,2,3,1,25,acept,not furnished,883.22,4515.38,82.5,51.68,5532.78
Rio de Janeiro,50.7,3,4,1,28,acept,furnished,326.85,2104.11,24.03,19.07,2474.06
Porto Alegre,110.4,4,4,1,12,acept,furnished,290.44,2694.19,124.07,29.98,3138.68
Porto Alegre,84.7,3,3,0,12,not acept,furnished,239.87,2642.87,28.36,24.94,2936.04
Rio de Janeiro,62.6,1,1,2,24,acept,not furnished,72.21,780.72,8.49,8.07,869.49
Porto Alegre,70.9,3,2,3,7,acept,not furnished,454.0,2514.83,82.83,23.39,3075.05
Salvador,25.8,3,2,1,23,not acept,furnished,328.73,1840.87,32.15,10.03,2211.78
Curitiba,80.5,1,2,2,14,not acept,furnished,306.35,1701.36,79.97,14.08,2101.76
Sao Paulo,37.5,2,3,0,6,acept,not furnished,394.42,2019.79,85.86,20.21,2520.28
Sao Paulo,48.5,3,4,2,19,acept,not furnished,321.75,2536.0,47.09,25.01,2929.85
Rio de Janeiro,113.9,3,2,2,7,not acept,not furnished,612.04,3222.96,89.23,18.15,3942.38
Sao Paulo,49.7,4,5,2,20,not acept,furnished,333.35,3354.29,146.6,42.95,3877.19
Sao Paulo,122.5,2,2,1,16,not acept,not furnished,833.51,4325.35,46.26,37.94,5243.06
Sao Paulo,151.0,1,1,2,21,acept,not furnished,612.27,5604.9,162.44,76.36,6455.97
Rio de Janeiro,77.3,2,1,3,17,acept,not furnished,362.35,2809.76,79.68,25.52,3277.31
Fortaleza,39.6,3,3,2,22,not acept,not furnished,235.79,1662.3,78.84,21.95,1998.88
Sao Paulo,43.0,3,3,1,30,not acept,not furnished,494.16,2801.64,66.47,21.25,3383.52
Porto Alegre,57.7,4,5,2,13,not acept,not furnished,192.53,1519.42,28.1,22.01,1762.06
Curitiba,80.6,3,3,1,17,acept,furnished,445.9,3685.49,84.27,26.47,4242.13
Sao Paulo,174.8,5,5,1,1,acept,not furnished,1215.13,6139.07,133.48,41.65,7529.33
Fortaleza,18.0,1,1,1,29,acept,not furnished,59.02,663.51,28.31,4.97,755.81
Belo Horizonte,83.9,1,1,0,17,not acept,furnished,330.12,3973.95,148.55,23.43,4476.05
Rio de Janeiro,18.0,1,1,1,1,not acept,not furnished,119.69,1378.9,37.96,9.29,1545.84
Porto Alegre,55.6,3,4,2,11,not acept,not furnished,315.6,1663.64,73.58,9.83,2062.65
Sao Paulo,51.6,2,3,2,0,not acept,not furnished,274.6,2544.16,85.66,17.76,2922.18
Curitiba,74.9,3,4,2,14,not acept,furnished,183.01,2146.95,32.18,13.78,2375.92
Sao Paulo,24.1,1,1,2,6,not acept,furnished,245.04,1463.32,54.4,18.64,1781.4
Salvador,87.3,1,2,2,9,acept,not furnished,424.77,2708.07,55.64,29.83,3218.31
Rio de Janeiro,86.1,3,3,2,0,acept,not furnished,607.05,3468.69,129.67,27.6,4233.01
Curitiba,55.8,2,1,1,23,not acept,not furnished,332.9,2330.5,71.39,12.76,2747.55
Sao Paulo,42.8,4,4,3,25,not acept,furnished,244.78,2417.39,96.86,30.66,2789.69
Curitiba,86.9,4,4,1,2,not acept,furnished,429.39,3737.99,109.64,48.22,4325.24
Porto Alegre,67.8,1,2,1,22,acept,not furnished,198.04,2267.34,102.77,31.61,2599.76
Rio de Janeiro,105.2,4,3,2,1,acept,not furnished,635.05,3861.38,94.89,37.86,4629.18
Belo Horizonte,31.3,3,2,1,0,acept,not furnished,262.84,19855.709836220292,36.51,23.77,1989.63
Rio de Janeiro,18.0,3,4,0,1,acept,furnished,196.03,1212.5,22.89,15.26,1446.68
Fortaleza,18.0,1,1,1,0,acept,not furnished,265.24,1344.21,42.55,6.78,1658.78
Rio de Janeiro,53.0,3,3,2,10,acept,not furnished,98.26,1126.57,24.37,14.31,1263.51
Salvador,47.2,1,1,2,29,not acept,furnished,193.62,2204.99,85.5,32.75,2516.86
Salvador,67.1,2,2,0,27,acept,not furnished,590.74,3503.68,69.15,43.8,4207.37
Rio de Janeiro,131.0,1,1,0,8,acept,furnished,987.17,5017.86,153.51,73.53,6232.07
Sao Paulo,151.1,3,2,1,24,not acept,furnished,941.03,6484.2,225.61,67.67,7718.51
Rio de Janeiro,18.0,3,4,3,25,acept,not furnished,71.01,400.0,11.69,3.57,486.27
Salvador,18.0,4,5,0,2,not acept,not furnished,314.17,2051.67,23.99,21.59,2411.42
Sao Paulo,214.8,3,2,1,5,not acept,furnished,1660.47,8653.36,202.86,43.43,10560.12
Belo Horizonte,54.0,5,5,2,20,not acept,not furnished,281.18,2704.79,118.25,26.73,3130.95
Salvador,88.0,3,4,1,6,acept,not furnished,286.16,2317.96,88.58,26.65,2719.35
Rio de Janeiro,102.1,2,3,1,28,not acept,furnished,617.16,4019.77,199.13,43.45,4879.51
Curitiba,35.9,3,4,2,5,acept,not furnished,146.03,1406.41,30.51,12.35,1595.3
Sao Paulo,93.7,3,2,2,24,acept,not furnished,518.38,2878.35,135.92,41.98,3574.63
Sao Paulo,76.2,3,3,2,22,not acept,not furnished,398.99,2270.22,61.45,29.4,2760.06
Porto Alegre,31.5,3,3,3,14,acept,not furnished,213.97,1286.86,16.66,17.32,1534.81
Sao Paulo,126.2,3,2,0,6,acept,not furnished,757.99,4908.88,119.58,43.84,5830.29
Sao Paulo,153.1,1,1,1,0,not acept,not furnished,528.44,4970.97,89.88,30.96,5620.25
Salvador,68.9,3,4,3,25,acept,not furnished,294.45,1596.79,34.14,11.14,1936.52
Rio de Janeiro,116.8,1,1,1,10,not acept,furnished,576.89,3863.77,90.27,36.24,4567.17
Recife,80.6,1,2,2,9,acept,not furnished,315.37,2991.29,67.15,23.78,3397.59
Recife,49.1,3,4,2,0,not acept,furnished,396.19,2352.23,26.69,21.4,2796.51
Sao Paulo,51.5,3,2,2,2,not acept,furnished,175.2,2090.7,45.54,15.47,2326.91
Sao Paulo,19.7,1,2,2,9,not acept,not furnished,143.04,1347.32,45.39,20.17,1555.92
Curitiba,72.3,3,3,0,20,not acept,furnished,360.54,3362.57,138.08,27.6,3888.79
Rio de Janeiro,127.9,3,3,1,4,acept,not furnished,490.56,4265.77,43.7,30.73,4830.76
Sao Paulo,214.3,1,1,2,3,acept,not furnished,599.99,48403.22287297505,99.82,90.59,7922.48
Curitiba,105.6,3,3,2,6,not acept,not furnished,618.35,3414.22,119.26,31.45,4183.28
Sao Paulo,147.9,2,2,1,7,not acept,furnished,428.74,4676.35,61.42,28.92,5195.43
Fortaleza,63.3,3,4,0,11,not acept,not furnished,371.24,2068.16,22.02,13.12,2474.54
Sao Paulo,129.9,2,1,1,9,not acept,not furnished,423.82,4170.18,94.3,41.53,4729.83
Sao Paulo,59.8,3,2,1,0,not acept,not furnished,468.85,2591.53,97.72,23.96,3182.06
Sao Paulo,219.2,4,4,2,18,acept,not furnished,531.48,6365.73,280.78,55.94,7233.93
Recife,18.0,4,5,0,2,acept,not furnished,179.57,1031.2,32.22,12.53,1255.52
Curitiba,109.0,3,2,1,26,not acept,furnished,537.24,3732.51,108.38,52.44,4430.57
Salvador,83.9,2,2,1,26,acept,not furnished,244.47,2307.32,71.55,26.01,2649.35
Rio de Janeiro,87.7,1,2,1,0,acept,not furnished,365.59,,79.17,30.46,3314.12
Rio de Janeiro,85.1,3,2,3,11,not acept,furnished,374.94,4090.93,168.79,39.29,4673.95
Sao Paulo,149.5,2,3,2,13,not acept,furnished,445.22,4615.08,160.38,52.44,5273.12
Rio de Janeiro,80.2,4,4,1,30,acept,furnished,404.71,3262.45,51.58,45.68,3764.42
Belo Horizonte,59.6,2,3,1,6,not acept,not furnished,296.02,2286.04,108.61,17.09,2707.76
Curitiba,71.5,2,1,1,18,acept,not furnished,515.36,2976.9,52.18,42.7,3587.14
Sao Paulo,189.6,3,2,2,12,acept,furnished,1156.58,6773.29,114.6,92.19,8136.66
Recife,63.3,3,4,0,23,not acept,furnished,130.18,1196.36,29.51,11.25,1367.3
Sao Paulo,102.8,2,1,0,5,not acept,not furnished,418.73,4102.58,102.29,22.47,4646.07
Recife,81.2,4,5,0,20,not acept,not furnished,250.02,2495.28,33.05,28.16,2806.51
Sao Paulo,18.0,3,4,1,1,acept,furnished,109.11,723.12,10.07,4.9,847.2
Rio de Janeiro,60.2,4,4,0,0,acept,not furnished,541.58,3618.65,176.94,19.75,4356.92
Rio de Janeiro,98.2,3,3,0,0,not acept,furnished,372.96,4028.05,59.45,34.88,4495.34
Rio de Janeiro,46.1,3,4,1,14,not acept,not furnished,172.18,1424.76,68.94,19.34,1685.22
Belo Horizonte,36.4,1,1,2,23,not acept,not furnished,389.59,2106.72,79.28,13.58,2589.17
Rio de Janeiro,147.6,3,3,0,16,acept,not furnished,884.15,4579.34,85.7,65.47,5614.66
Rio de Janeiro,75.0,3,2,1,0,not acept,furnished,589.88,2999.96,79.46,16.94,3686.24
Porto Alegre,70.8,2,3,1,16,acept,not furnished,427.24,2617.32,50.36,13.52,3108.44
Curitiba,21.2,1,1,2,1,acept,not furnished,33.81,400.0,7.75,2.36,443.92
Salvador,26.2,3,2,1,29,not acept,furnished,199.46,1443.02,51.83,12.13,1706.44
Sao Paulo,180.9,1,2,1,9,not acept,not furnished,701.41,6424.17,150.66,69.12,7345.36
Belo Horizonte,70.2,2,2,1,14,acept,furnished,424.53,2275.63,99.94,31.93,2832.03
Belo Horizonte,54.6,1,1,2,8,not acept,not furnished,217.36,2554.8,79.39,32.6,2884.15
Rio de Janeiro,89.6,1,1,0,13,acept,furnished,348.07,3720.48,76.14,50.87,4195.56
Rio de Janeiro,108.9,3,4,3,29,acept,furnished,452.15,3954.14,45.01,56.25,4507.55
Rio de Janeiro,178.8,2,3,1,6,not acept,not furnished,1162.04,7081.16,238.81,58.58,8540.59
Sao Paulo,182.6,1,1,0,21,acept,furnished,1157.12,6015.91,285.72,54.94,7513.69
Sao Paulo,120.9,2,3,1,22,acept,not furnished,593.29,4687.01,141.76,67.41,5489.47
Sao Paulo,150.3,3,4,1,4,acept,furnished,953.68,7881.87,249.63,106.14,9191.32
Curitiba,69.6,3,2,1,21,not acept,not furnished,281.19,1616.73,33.61,9.92,1941.45
Curitiba,87.1,2,1,1,19,not acept,not furnished,362.4,1929.89,69.98,13.09,2375.36
Recife,18.0,3,3,1,7,acept,furnished,65.08,719.03,21.79,10.21,816.11
Porto Alegre,52.6,2,2,0,15,not acept,not furnished,307.04,1548.11,59.71,12.2,1927.06
Sao Paulo,87.3,4,3,1,17,not acept,not furnished,480.03,3400.36,50.43,25.74,3956.56
Fortaleza,104.4,1,2,2,25,acept,not furnished,517.06,2594.28,49.87,35.85,3197.06
Salvador,18.0,4,5,2,1,not acept,not furnished,121.41,1489.22,64.02,15.82,1690.47
Rio de Janeiro,18.0,2,1,3,30,acept,furnished,89.12,476.81,23.21,4.95,594.09
Belo Horizonte,78.1,3,2,1,23,not acept,not furnished,247.1,2690.36,114.95,24.78,3077.19
Recife,31.0,2,1,1,15,not acept,furnished,339.35,1957.79,54.52,22.81,2374.47
Belo Horizonte,110.4,2,1,1,23,not acept,not furnished,215.25,2689.48,34.67,23.26,2962.66
Fortaleza,18.0,3,4,2,22,not acept,not furnished,38.54,400.0,18.0,5.93,462.47
Sao Paulo,28.9,3,4,1,13,acept,not furnished,203.93,2053.37,86.93,18.6,2362.83
Sao Paulo,58.1,2,2,1,8,acept,furnished,327.22,2140.66,103.64,15.03,2586.55
Rio de Janeiro,138.0,3,2,3,30,not acept,furnished,730.53,4474.25,118.04,25.37,5348.19
Belo Horizonte,25.1,1,1,2,27,not acept,not furnished,191.41,2107.9,79.31,23.14,2401.76
Salvador,18.6,4,5,1,29,acept,furnished,246.79,1917.47,31.35,22.25,2217.86
Recife,35.4,4,4,0,0,acept,furnished,166.41,1013.41,47.33,9.13,1236.28
Rio de Janeiro,111.5,2,3,0,24,acept,not furnished,660.36,3491.27,132.59,50.58,4334.8
Sao Paulo,106.0,3,4,0,27,acept,not furnished,324.32,3156.51,122.73,17.27,3620.83
Salvador,64.9,2,2,2,13,not acept,furnished,209.5,1599.63,59.1,16.54,1884.77
Belo Horizonte,64.7,3,3,3,27,not acept,furnished,283.26,2638.31,102.4,32.83,3056.8
Sao Paulo,119.1,3,2,1,1,acept,furnished,413.57,4898.46,78.73,46.59,5437.35
Rio de Janeiro,164.7,3,4,1,0,acept,not furnished,753.64,5594.16,207.33,63.91,6619.04
Porto Alegre,52.3,1,1,2,7,not acept,not furnished,260.55,1998.63,51.41,26.54,2337.13
Porto Alegre,91.8,5,4,1,0,not acept,furnished,538.87,3017.36,70.62,37.48,3664.33
Rio de Janeiro,56.6,4,5,1,20,not acept,not furnished,521.2,2789.24,56.83,29.15,3396.42
Rio de Janeiro,49.1,3,3,2,28,acept,furnished,251.0,2050.59,91.41,29.73,2422.73
Recife,71.3,2,1,1,7,acept,not furnished,440.74,2671.23,105.65,40.03,3257.65
Curitiba,18.0,2,1,3,19,not acept,not furnished,254.77,1705.88,37.31,18.6,2016.56
Rio de Janeiro,167.7,3,4,1,13,acept,not furnished,943.12,5470.31,78.6,32.69,6524.72
Sao Paulo,168.7,4,4,1,6,acept,not furnished,510.5,5232.82,141.37,38.72,5923.41
Porto Alegre,54.8,4,4,2,28,acept,furnished,410.11,2309.72,80.0,29.4,2829.23
Sao Paulo,188.7,2,1,0,29,acept,not furnished,986.99,6479.48,67.4,60.07,7593.94
Sao Paulo,156.2,3,4,1,2,not acept,not furnished,835.96,4857.55,149.81,54.45,5897.77
Belo Horizonte,74.0,3,2,0,23,acept,not furnished,349.29,2678.64,37.89,14.41,3080.23
Sao Paulo,122.4,2,2,3,3,not acept,not furnished,302.82,3739.01,159.82,55.69,4257.34
Curitiba,111.3,2,1,1,13,not acept,furnished,615.34,3235.97,119.21,29.88,4000.4
Sao Paulo,148.8,2,3,1,9,acept,furnished,889.58,5313.59,133.91,67.85,6404.93
Curitiba,41.3,3,2,1,5,not acept,furnished,319.42,29020.41656730353,37.11,24.49,2341.98
Sao Paulo,137.2,4,4,0,20,acept,not furnished,712.03,5205.14,131.86,50.86,6099.89
Sao Paulo,135.1,4,5,1,26,not acept,not furnished,320.82,3762.74,172.31,49.57,4305.44
Sao Paulo,177.4,3,4,2,23,acept,furnished,658.57,39849.1812660677,86.64,56.85,7623.91
Fortaleza,37.3,2,3,2,21,not acept,not furnished,184.71,1392.7,65.12,7.75,1650.28
Salvador,69.3,3,4,2,0,not acept,not furnished,429.38,2450.75,31.84,21.46,2933.43
Sao Paulo,104.2,4,5,3,0,acept,not furnished,522.06,2795.09,32.06,30.4,3379.61
Porto Alegre,50.0,3,2,1,13,not acept,furnished,315.06,2334.87,41.98,12.83,2704.74
Belo Horizonte,91.7,2,3,0,16,acept,not furnished,504.69,2531.05,40.12,29.74,3105.6
Recife,23.8,4,4,2,21,acept,not furnished,192.53,974.48,46.07,14.25,1227.33
Rio de Janeiro,89.9,4,5,1,9,acept,not furnished,349.9,2829.97,55.99,20.5,3256.36
Curitiba,72.7,4,4,1,0,not acept,not furnished,257.37,2932.01,126.07,16.11,3331.56
Sao Paulo,52.4,4,4,0,0,not acept,not furnished,154.88,1113.05,25.39,6.48,1299.8
Rio de Janeiro,48.9,2,2,2,26,acept,not furnished,300.27,1520.08,24.21,8.48,1853.04
Recife,49.1,4,4,1,1,not acept,not furnished,198.86,1604.97,43.07,22.5,1869.4
Belo Horizonte,163.2,3,3,1,28,not acept,not furnished,438.13,3586.11,49.89,24.53,4098.66
Sao Paulo,44.2,1,1,1,8,not acept,not furnished,100.15,859.81,29.34,6.96,996.26
Sao Paulo,121.5,3,3,0,17,not acept,not furnished,682.66,3518.75,57.75,50.23,4309.39
Curitiba,121.3,3,3,1,3,acept,not furnished,334.18,3257.26,105.61,18.6,3715.65
Curitiba,56.1,2,2,2,12,not acept,not furnished,341.82,2584.96,50.26,28.69,3005.73
Rio de Janeiro,133.5,5,4,0,26,acept,not furnished,479.97,4591.47,214.38,34.89,5320.71
Recife,34.2,1,2,1,30,acept,not furnished,143.07,1531.63,28.66,22.03,1725.39
Sao Paulo,192.4,4,4,1,23,not acept,furnished,891.36,6733.36,193.25,33.78,7851.75
Rio de Janeiro,52.6,2,1,3,23,acept,furnished,277.35,1569.49,16.79,14.81,1878.44
Fortaleza,18.0,2,1,0,27,not acept,not furnished,108.39,1339.33,19.87,19.24,1486.83
Rio de Janeiro,81.1,2,1,1,5,not acept,furnished,549.67,3977.21,65.49,44.49,4636.86
Sao Paulo,18.0,3,4,1,22,not acept,furnished,166.44,1182.86,50.99,9.2,1409.49
Belo Horizonte,20.6,2,1,1,16,not acept,not furnished,104.72,1175.0,41.07,14.23,1335.02
Salvador,18.0,5,5,2,6,not acept,not furnished,159.02,805.59,9.35,9.15,983.11
Sao Paulo,79.4,3,3,1,0,not acept,not furnished,261.02,2516.15,43.34,20.27,2840.78
Recife,66.0,3,3,2,4,acept,furnished,454.94,2409.72,107.81,35.59,3008.06
Porto Alegre,46.2,1,2,1,19,not acept,furnished,241.34,2244.69,49.98,30.99,2567.0
Sao Paulo,49.3,3,2,1,16,acept,not furnished,327.83,2293.27,42.11,28.17,2691.38
Curitiba,50.6,4,4,1,0,not acept,not furnished,528.71,3003.6,125.73,30.83,3688.87
Rio de Janeiro,81.5,2,2,1,16,not acept,not furnished,597.23,3078.91,79.63,23.45,3779.22
Rio de Janeiro,88.6,1,1,1,10,acept,furnished,621.31,4847.23,142.28,41.32,5652.14
Porto Alegre,64.3,3,4,0,0,acept,not furnished,177.76,2010.61,76.81,19.42,2284.6
Recife,18.0,4,4,2,27,acept,furnished,36.01,435.08,20.15,2.22,493.46
Sao Paulo,114.1,3,2,1,6,not acept,not furnished,671.91,3634.78,137.91,40.17,4484.77
Rio de Janeiro,110.5,2,1,1,16,not acept,not furnished,477.45,3473.75,89.45,19.2,4059.85
Rio de Janeiro,18.0,3,4,1,17,not acept,not furnished,154.92,1580.94,76.78,14.76,1827.4
Rio de Janeiro,70.5,4,5,1,14,not acept,not furnished,451.43,,106.23,38.84,3923.26
Rio de Janeiro,73.0,1,2,2,5,acept,furnished,213.72,2003.13,92.33,18.9,2328.08
Sao Paulo,106.9,2,1,2,11,acept,furnished,781.38,4766.41,216.89,40.35,5805.03
Curitiba,58.2,1,2,1,7,not acept,furnished,229.82,1783.08,54.27,12.96,2080.13
Rio de Janeiro,76.2,1,2,1,12,acept,furnished,651.3,3891.21,71.35,21.57,4635.43
Sao Paulo,49.1,2,1,1,0,not acept,not furnished,68.72,400.0,9.95,3.29,481.96
Salvador,35.8,2,2,2,3,not acept,not furnished,110.31,883.14,15.02,9.43,1017.9
Salvador,86.8,3,4,2,2,not acept,furnished,575.35,3605.28,58.93,28.25,4267.81
Rio de Janeiro,37.2,2,2,1,17,not acept,furnished,451.45,2611.82,119.61,31.8,3214.68
Sao Paulo,42.0,2,2,1,19,acept,furnished,129.25,1500.69,23.46,13.86,1667.26
Curitiba,99.3,4,4,0,28,acept,furnished,431.17,26153.56519662014,204.75,38.88,4853.87
Sao Paulo,93.9,2,2,2,6,acept,furnished,691.29,3493.56,73.79,28.18,4286.82
Sao Paulo,78.8,2,3,0,10,not acept,not furnished,207.44,2565.29,72.71,32.18,2877.62
Porto Alegre,50.0,2,3,2,18,not acept,furnished,282.56,2403.69,41.87,20.3,2748.42
Sao Paulo,143.0,3,4,0,30,not acept,furnished,805.48,4632.85,115.51,38.47,5592.31
Sao Paulo,161.5,3,2,2,10,acept,not furnished,576.59,54339.71044265592,166.02,63.13,5693.9
Sao Paulo,83.2,4,3,1,7,not acept,not furnished,382.76,2146.35,100.11,18.59,2647.81
Sao Paulo,111.4,3,3,2,10,not acept,not furnished,474.62,4950.24,236.1,24.99,5685.95
Sao Paulo,126.1,4,3,1,7,not acept,furnished,952.83,5144.45,62.39,50.61,6210.28
Recife,19.4,3,3,1,0,acept,not furnished,80.26,587.02,18.36,3.67,689.31
Sao Paulo,139.3,2,2,1,9,not acept,not furnished,402.74,4770.28,73.66,70.38,5317.06
Sao Paulo,96.3,2,3,1,17,not acept,furnished,601.07,3882.97,61.38,56.01,4601.43
Sao Paulo,211.8,3,4,1,3,not acept,furnished,1153.12,10180.19,436.07,142.18,11911.56
Fortaleza,63.5,5,4,0,25,not acept,not furnished,362.72,2211.05,50.95,30.4,2655.12
Belo Horizonte,37.1,2,3,1,22,acept,not furnished,250.66,1330.98,65.73,18.67,1666.04
Rio de Janeiro,19.8,2,1,2,16,acept,not furnished,100.0,1110.6,46.55,13.47,1270.62
Fortaleza,18.0,4,5,1,22,acept,not furnished,171.31,1567.15,49.96,8.52,1796.94
Rio de Janeiro,93.9,2,3,1,8,acept,not furnished,502.6,3959.57,45.23,55.55,4562.95
Rio de Janeiro,18.0,3,2,2,4,not acept,not furnished,199.56,1022.42,13.18,6.68,1241.84
Sao Paulo,180.9,1,1,1,25,not acept,furnished,1203.53,9353.98,320.02,69.17,10946.7
Rio de Janeiro,95.1,1,1,2,24,not acept,furnished,382.9,4091.08,178.38,54.78,4707.14
Rio de Janeiro,88.5,3,4,0,22,acept,furnished,381.68,3298.42,101.14,37.14,3818.38
Curitiba,68.0,3,3,1,6,not acept,furnished,248.56,3019.55,135.56,27.37,3431.04
Sao Paulo,51.2,1,2,2,9,not acept,not furnished,139.58,1355.92,35.35,17.84,1548.69
Belo Horizonte,68.5,3,4,2,10,acept,not furnished,397.79,2597.14,121.6,21.96,3138.49
Sao Paulo,122.4,1,2,1,3,acept,not furnished,460.72,4595.5,209.62,42.02,5307.86
Sao Paulo,66.1,3,3,1,23,acept,furnished,512.38,2695.89,94.74,13.91,3316.92
Rio de Janeiro,119.9,2,3,2,3,not acept,furnished,736.16,4445.56,204.25,55.79,5441.76
Fortaleza,40.7,3,2,2,5,not acept,furnished,370.91,2281.3,71.85,15.44,2739.5
Rio de Janeiro,152.4,4,3,0,0,acept,not furnished,744.9,5572.82,78.69,37.94,6434.35
Curitiba,35.9,1,1,0,19,not acept,not furnished,378.72,2181.08,86.35,12.13,2658.28
Sao Paulo,109.2,2,2,1,28,not acept,not furnished,353.71,3451.06,123.28,38.82,3966.87
Sao Paulo,179.0,4,3,0,13,not acept,furnished,746.65,5605.08,208.43,44.44,6604.6
Sao Paulo,140.9,2,3,1,27,not acept,furnished,1029.57,5167.01,60.22,38.98,6295.78
Rio de Janeiro,59.1,3,3,2,25,acept,furnished,360.31,3149.28,44.3,25.98,3579.87
Sao Paulo,177.5,2,3,1,24,acept,not furnished,713.36,5546.45,276.86,59.19,6595.86
Sao Paulo,67.6,5,6,1,3,not acept,not furnished,198.13,1861.38,75.73,27.03,2162.27
Porto Alegre,50.7,4,5,0,10,not acept,not furnished,227.46,2552.83,73.32,35.81,2889.42
Sao Paulo,115.4,1,1,1,19,not acept,furnished,694.22,5405.81,199.01,28.51,6327.55
Belo Horizonte,18.0,3,2,0,9,acept,not furnished,38.97,400.0,17.33,3.22,459.52
Rio de Janeiro,100.2,4,4,1,21,acept,furnished,598.26,4231.06,196.25,37.69,5063.26
Belo Horizonte,141.3,2,2,2,7,not acept,not furnished,797.18,4680.4,207.54,23.66,5708.78
Belo Horizonte,72.4,2,1,2,10,not acept,not furnished,405.8,2232.43,70.91,32.04,2741.18
Rio de Janeiro,91.1,2,1,1,22,not acept,furnished,279.26,2788.12,129.43,27.56,3224.37
Sao Paulo,133.4,1,2,1,1,not acept,not furnished,837.44,38610.60294210667,184.98,48.06,5520.28
Porto Alegre,18.0,3,2,2,23,acept,not furnished,180.95,1469.5,19.06,9.93,1679.44
Fortaleza,41.3,3,4,1,21,not acept,not furnished,167.05,1249.03,17.63,10.37,1444.08
Sao Paulo,91.5,3,2,1,12,acept,not furnished,449.62,2999.54,117.92,37.07,3604.15
Sao Paulo,105.2,2,3,1,12,not acept,not furnished,331.02,3381.75,148.91,17.22,3878.9
Fortaleza,30.0,3,2,1,27,acept,not furnished,165.83,916.22,25.4,5.95,1113.4
Rio de Janeiro,33.2,3,2,0,21,acept,not furnished,391.12,2238.57,90.83,12.13,2732.65
Belo Horizonte,86.5,3,3,0,18,acept,not furnished,266.85,1951.36,77.77,18.42,2314.4
Rio de Janeiro,31.3,4,4,0,26,acept,furnished,134.13,1135.66,32.85,7.69,1310.33
Sao Paulo,195.6,1,2,1,8,acept,furnished,837.45,5997.44,156.97,59.45,7051.31
Belo Horizonte,34.7,3,3,1,7,not acept,not furnished,262.57,1656.36,21.5,20.2,1960.63
Belo Horizonte,52.8,3,3,0,4,not acept,furnished,201.91,1230.85,60.56,9.6,1502.92
Sao Paulo,56.5,2,1,2,15,not acept,furnished,345.76,2609.08,47.41,22.93,3025.18
Rio de Janeiro,29.9,1,2,0,30,not acept,not furnished,35.49,426.59,6.81,2.49,471.38
Porto Alegre,102.2,2,2,3,28,not acept,not furnished,494.13,2984.52,39.5,36.02,3554.17
Belo Horizonte,30.9,4,4,0,12,not acept,not furnished,77.56,655.21,19.93,6.2,758.9
Sao Paulo,23.7,3,2,2,1,acept,not furnished,146.36,789.19,10.02,8.18,953.75
Belo Horizonte,71.5,3,2,1,26,not acept,furnished,321.44,2461.25,111.02,19.69,2913.4
Curitiba,80.8,1,1,3,28,acept,not furnished,497.44,2834.64,51.2,25.21,3408.49
Porto Alegre,22.1,5,6,1,3,not acept,furnished,60.01,483.74,22.58,3.17,569.5
Curitiba,50.5,2,1,0,27,acept,furnished,357.75,2873.51,127.33,15.38,3373.97
Sao Paulo,58.7,3,4,1,12,not acept,not furnished,167.23,975.08,11.31,10.98,1164.6
Curitiba,115.0,4,3,3,0,not acept,not furnished,511.13,3531.3,116.65,19.6,4178.68
Curitiba,18.0,1,1,1,29,acept,furnished,206.04,1860.21,32.16,19.28,2117.69
Sao Paulo,155.2,3,4,1,0,acept,furnished,1078.02,5964.49,92.14,32.84,7167.49
Rio de Janeiro,97.9,1,1,0,0,not acept,not furnished,410.45,2638.01,80.8,32.81,3162.07
Rio de Janeiro,131.3,1,1,1,29,not acept,not furnished,698.23,4472.0,78.87,24.93,5274.03
Curitiba,67.7,3,3,1,4,not acept,furnished,471.95,2711.53,76.11,39.36,3298.95
Sao Paulo,126.4,2,2,2,16,not acept,furnished,924.64,5940.12,71.92,56.8,6993.48
Belo Horizonte,52.5,2,2,1,29,acept,not furnished,275.59,2483.38,71.58,19.06,2849.61
Fortaleza,83.1,2,1,0,29,not acept,not furnished,205.99,2535.59,42.64,16.76,2800.98
Porto Alegre,42.0,2,2,2,3,not acept,furnished,307.43,1760.35,25.77,17.49,2111.04
Fortaleza,58.7,1,1,1,14,not acept,not furnished,195.34,1002.35,13.37,10.94,1222.0
Recife,95.9,3,4,1,0,acept,not furnished,477.11,2868.47,101.9,15.77,3463.25
Sao Paulo,191.7,1,2,1,0,not acept,furnished,1342.05,7491.75,94.28,107.33,9035.41
Curitiba,112.0,4,5,2,29,acept,furnished,693.8,3777.77,125.75,33.7,4631.02
Rio de Janeiro,92.6,3,2,1,11,acept,furnished,399.32,3618.61,47.58,46.62,4112.13
Salvador,84.4,2,3,2,2,acept,not furnished,307.09,2500.24,74.22,21.45,2903.0
Sao Paulo,26.0,4,3,1,18,not acept,not furnished,410.14,2440.17,46.83,22.26,2919.4
Recife,18.0,2,2,1,3,not acept,not furnished,208.87,1573.62,24.65,8.81,1815.95
Belo Horizonte,18.0,2,1,0,30,not acept,furnished,224.93,1437.97,69.62,12.56,1745.08
Porto Alegre,59.7,1,1,1,20,not acept,furnished,211.51,1883.39,45.08,14.42,2154.4
Sao Paulo,172.1,2,2,1,9,not acept,not furnished,939.66,5667.82,130.17,72.8,6810.45
Sao Paulo,154.2,5,6,2,10,acept,not furnished,747.18,4938.51,241.37,35.3,5962.36
Porto Alegre,18.0,2,3,3,28,not acept,not furnished,77.97,400.0,16.07,5.86,499.9
Sao Paulo,26.4,4,5,1,27,not acept,furnished,130.48,683.77,23.14,8.41,845.8
Salvador,18.0,3,3,1,29,acept,not furnished,58.94,400.0,7.15,4.29,470.38
Sao Paulo,114.4,1,1,0,12,not acept,not furnished,527.43,4785.99,167.42,44.74,5525.58
Curitiba,103.3,4,4,2,26,acept,furnished,436.75,3447.35,143.91,39.48,4067.49
Rio de Janeiro,121.7,5,5,1,13,acept,not furnished,635.78,3771.24,168.18,55.0,4630.2
Belo Horizonte,53.8,4,4,1,18,not acept,furnished,245.24,1877.9,83.82,27.91,2234.87
Curitiba,65.8,3,3,3,14,not acept,furnished,511.5,2862.79,39.32,15.2,3428.81
Rio de Janeiro,37.8,2,1,3,17,not acept,not furnished,238.15,2191.95,46.5,22.6,2499.2
Sao Paulo,83.4,2,3,2,14,acept,furnished,632.05,3663.15,107.1,36.19,4438.49
Sao Paulo,87.7,3,4,0,2,not acept,furnished,485.0,2784.33,80.67,37.56,3387.56
Belo Horizonte,26.4,2,2,3,1,not acept,not furnished,106.71,1045.01,30.79,14.32,1196.83
Belo Horizonte,108.2,3,2,1,29,not acept,not furnished,285.36,3149.71,149.62,36.05,3620.74
Porto Alegre,74.9,3,3,0,14,acept,furnished,564.72,3711.21,96.23,38.6,4410.76
Belo Horizonte,58.9,2,1,1,29,acept,not furnished,485.29,2805.86,119.46,15.37,3425.98
Rio de Janeiro,76.0,2,2,2,20,not acept,not furnished,536.41,2786.19,80.96,37.16,3440.72
Rio de Janeiro,59.5,5,6,1,0,not acept,not furnished,378.23,2336.24,64.06,14.11,2792.64
Sao Paulo,63.5,2,3,1,4,acept,furnished,515.46,3182.27,151.96,39.98,3889.67
Rio de Janeiro,124.5,2,2,1,23,acept,not furnished,592.13,4484.62,98.48,40.47,5215.7
Recife,56.0,1,2,0,3,acept,not furnished,217.76,1845.03,40.61,19.18,2122.58
Fortaleza,48.7,2,2,1,0,not acept,not furnished,214.11,1638.31,71.69,10.8,1934.91
Rio de Janeiro,106.7,2,1,1,1,acept,not furnished,448.59,2741.87,76.39,15.48,3282.33
Belo Horizonte,79.9,1,1,2,13,not acept,not furnished,551.47,2784.67,95.8,38.19,3470.13
Salvador,39.5,1,1,1,3,not acept,furnished,257.38,1586.23,20.11,10.18,1873.9
Rio de Janeiro,139.3,3,2,0,0,not acept,furnished,606.8,4058.0,125.59,28.36,4818.75
Sao Paulo,51.2,2,2,2,22,not acept,not furnished,171.92,1328.51,42.21,7.08,1549.72
Sao Paulo,136.8,1,2,2,30,not acept,not furnished,737.53,5828.1,204.29,47.76,6817.68
Belo Horizonte,34.1,4,3,0,30,acept,not furnished,255.42,1936.96,25.95,16.41,2234.74
Recife,50.3,3,4,0,27,acept,not furnished,279.78,2009.98,89.42,18.25,2397.43
Curitiba,53.8,2,2,1,0,not acept,not furnished,286.29,2169.86,58.16,23.07,2537.38
Sao Paulo,150.2,4,5,2,5,acept,furnished,1098.23,5938.19,129.71,78.5,7244.63
Sao Paulo,123.7,2,3,1,2,not acept,furnished,429.26,5229.07,172.76,57.0,5888.09
Porto Alegre,65.8,2,3,2,19,acept,not furnished,366.84,2486.62,78.9,29.42,2961.78
Salvador,63.2,4,4,0,25,acept,furnished,658.89,,63.49,38.94,4395.59
Belo Horizonte,18.0,2,2,2,16,acept,furnished,77.61,586.57,13.03,7.78,684.99
Curitiba,24.9,4,4,3,9,not acept,not furnished,73.79,400.0,15.07,3.75,492.61
Sao Paulo,161.1,4,5,0,28,acept,not furnished,727.54,4792.46,88.37,39.52,5647.89
Salvador,43.7,2,1,1,14,not acept,not furnished,114.11,1007.52,29.07,10.89,1161.59
Porto Alegre,61.9,1,1,2,3,not acept,not furnished,217.04,2048.3,92.07,18.63,2376.04
Sao Paulo,125.6,1,2,1,15,acept,furnished,506.13,5934.32,65.38,57.17,6563.0
Curitiba,166.3,1,1,1,0,acept,not furnished,803.67,4887.25,212.86,49.08,5952.86
Sao Paulo,59.4,4,3,2,0,acept,furnished,477.2,3018.44,134.63,29.24,3659.51
Sao Paulo,107.7,2,3,1,18,not acept,not furnished,633.48,3641.77,141.37,27.99,4444.61
Sao Paulo,140.0,1,1,1,21,not acept,furnished,1255.14,6446.78,219.9,57.87,7979.69
Sao Paulo,92.7,3,2,2,2,acept,not furnished,515.23,4313.88,122.86,62.7,5014.67
Rio de Janeiro,108.0,2,2,1,15,not acept,not furnished,420.48,3854.54,141.34,35.25,4451.61
Rio de Janeiro,143.5,2,1,1,23,not acept,not furnished,691.68,6105.02,258.02,42.39,7097.11
Belo Horizonte,61.2,2,3,1,27,not acept,not furnished,488.73,3333.55,64.5,18.01,3904.79
Rio de Janeiro,18.0,3,4,0,13,acept,furnished,190.91,1405.34,65.19,14.55,1675.99
Sao Paulo,98.0,1,1,3,1,not acept,furnished,409.56,4513.36,96.64,52.79,5072.35
Sao Paulo,43.3,2,2,1,0,not acept,not furnished,145.98,1373.0,14.48,13.86,1547.32
Belo Horizonte,72.4,1,1,3,26,acept,not furnished,367.64,2506.6,94.16,28.68,2997.08
Rio de Janeiro,121.1,3,3,2,0,not acept,not furnished,582.31,2956.67,138.05,25.24,3702.27
Sao Paulo,132.2,2,3,0,24,acept,not furnished,697.4,4062.51,181.59,23.09,4964.59
Salvador,32.5,1,2,1,12,not acept,not furnished,377.54,1907.19,33.59,17.54,2335.86
Porto Alegre,57.4,3,4,1,12,not acept,not furnished,410.89,2467.4,118.67,25.08,3022.04
Salvador,55.6,3,3,1,14,acept,furnished,421.04,2121.33,101.01,26.72,2670.1
Rio de Janeiro,18.0,2,3,2,2,not acept,not furnished,43.98,400.0,14.45,5.69,464.12
Sao Paulo,142.1,3,4,2,22,not acept,furnished,1210.97,,129.0,78.03,7796.83
Curitiba,51.4,2,1,3,7,not acept,furnished,287.86,1796.54,48.04,19.69,2152.13
Sao Paulo,97.1,3,2,2,17,not acept,not furnished,471.35,3105.79,97.58,20.25,3694.97
Rio de Janeiro,93.2,3,2,0,0,acept,not furnished,512.82,3123.32,97.07,16.02,3749.23
Sao Paulo,76.3,4,4,2,7,not acept,not furnished,376.2,2536.65,84.17,19.93,3016.95
Salvador,63.8,3,3,2,0,acept,furnished,376.15,3052.15,61.78,19.9,3509.98
Sao Paulo,154.6,2,3,1,8,not acept,furnished,1049.96,5911.07,104.26,39.28,7104.57
Fortaleza,63.0,4,5,1,1,acept,not furnished,263.38,2114.14,103.56,28.93,2510.01
Salvador,57.7,3,3,1,0,acept,not furnished,233.72,1774.94,26.47,24.96,2060.09
Rio de Janeiro,148.2,5,4,1,25,not acept,furnished,991.81,5679.16,130.59,82.58,6884.14
Porto Alegre,61.4,1,2,1,9,not acept,not furnished,473.86,2406.75,117.49,14.12,3012.22
Belo Horizonte,113.2,3,2,1,25,not acept,not furnished,413.49,3513.8,136.59,21.23,4085.11
Salvador,50.6,3,4,1,27,not acept,not furnished,367.13,1858.28,60.41,13.95,2299.77
Rio de Janeiro,121.2,3,2,1,14,acept,not furnished,870.65,4666.86,49.24,68.09,5654.84
Porto Alegre,18.0,5,6,1,16,acept,furnished,52.98,510.53,22.91,3.53,589.95
Rio de Janeiro,174.3,3,2,0,19,acept,not furnished,494.86,4985.01,202.1,59.43,5741.4
Recife,47.2,3,2,0,19,not acept,furnished,324.97,1823.34,25.6,13.24,2187.15
Rio de Janeiro,108.4,2,2,2,15,not acept,not furnished,350.11,3979.3,168.69,51.19,4549.29
Rio de Janeiro,111.9,2,3,0,17,not acept,not furnished,787.53,3974.61,81.39,46.39,4889.92
Porto Alegre,96.2,2,1,0,12,acept,furnished,340.11,3250.59,137.7,34.35,3762.75
Salvador,64.7,1,1,1,28,not acept,furnished,237.43,2866.17,125.28,31.17,3260.05
Belo Horizonte,119.2,2,3,2,21,not acept,furnished,725.86,4543.1,124.23,67.29,5460.48
Sao Paulo,106.1,2,2,2,8,not acept,not furnished,629.81,4245.13,56.04,32.25,4963.23
Rio de Janeiro,89.6,3,2,1,8,not acept,furnished,679.09,3586.5,116.2,37.41,4419.2
Recife,26.5,3,4,1,12,acept,not furnished,109.31,1132.87,36.41,12.1,1290.69
Porto Alegre,54.2,3,2,1,0,acept,furnished,228.91,2238.11,94.43,14.4,2575.85
Salvador,18.0,3,2,1,30,acept,not furnished,80.13,477.97,6.55,3.29,567.94
Sao Paulo,88.7,3,3,1,13,not acept,not furnished,396.07,3120.78,118.5,35.49,3670.84
Rio de Janeiro,176.8,2,1,1,23,acept,not furnished,738.7,29458.585358157095,207.92,43.48,5743.01
Curitiba,60.4,4,5,0,2,not acept,furnished,298.79,3549.26,110.41,52.55,4011.01
Salvador,55.9,1,1,2,17,acept,furnished,292.95,1655.98,37.21,11.82,1997.96
Sao Paulo,153.2,5,4,1,10,not acept,not furnished,521.22,4669.92,92.51,44.62,5328.27
Salvador,42.1,3,2,2,27,not acept,furnished,296.26,24243.84360265794,46.41,11.9,2412.52
Belo Horizonte,106.2,2,1,1,28,not acept,not furnished,600.55,3677.18,168.44,22.92,4469.09
Sao Paulo,85.8,2,2,1,18,not acept,not furnished,196.86,1969.99,74.66,20.19,2261.7
Rio de Janeiro,18.0,1,2,1,0,not acept,not furnished,85.51,955.86,34.98,9.55,1085.9
Sao Paulo,166.4,2,2,1,13,acept,furnished,446.78,5581.17,71.68,70.59,6170.22
Belo Horizonte,44.6,2,1,2,0,not acept,not furnished,214.95,2472.61,85.35,18.18,2791.09
Sao Paulo,100.0,3,3,1,14,not acept,not furnished,699.31,3694.03,163.96,20.94,4578.24
Sao Paulo,109.2,1,1,2,14,not acept,not furnished,403.15,2832.88,50.03,21.0,3307.06
Salvador,35.3,3,3,1,11,not acept,furnished,106.11,1208.95,24.65,14.26,1353.97
Sao Paulo,177.6,4,3,2,8,not acept,not furnished,1187.33,5949.28,291.58,70.97,7499.16
Sao Paulo,183.7,3,3,1,16,not acept,not furnished,548.28,6034.01,192.11,52.47,6826.87
Rio de Janeiro,117.2,2,1,2,3,acept,not furnished,731.06,3844.02,147.5,37.22,4759.8
Belo Horizonte,68.1,1,1,3,0,acept,furnished,302.23,2843.29,66.84,42.25,3254.61
Porto Alegre,44.6,1,1,2,23,acept,not furnished,146.81,893.41,18.58,12.36,1071.16
Rio de Janeiro,146.3,3,3,1,23,acept,not furnished,533.75,4942.61,59.87,52.88,5589.11
Porto Alegre,18.0,3,2,1,16,acept,furnished,347.23,1744.41,31.89,14.25,2137.78
Belo Horizonte,35.2,3,4,0,25,not acept,not furnished,221.07,2177.23,77.6,29.57,2505.47
Sao Paulo,31.6,1,1,2,14,acept,not furnished,136.7,1119.82,25.13,12.29,1293.94
Sao Paulo,76.2,2,1,0,0,acept,not furnished,233.67,2425.21,39.04,32.88,2730.8
Rio de Janeiro,72.5,4,5,1,2,not acept,not furnished,412.72,2961.06,40.09,35.11,3448.98
Rio de Janeiro,18.0,3,2,1,12,not acept,not furnished,84.55,642.63,28.59,5.41,761.18
Porto Alegre,18.0,5,5,0,26,acept,furnished,253.4,1426.52,41.91,18.29,1740.12
Belo Horizonte,28.6,5,5,0,5,not acept,not furnished,329.25,1803.86,45.79,17.14,2196.04
Rio de Janeiro,89.2,4,5,2,0,not acept,not furnished,540.59,2954.39,52.39,19.97,3567.34
Sao Paulo,74.6,2,1,2,11,acept,furnished,221.0,2618.21,76.54,30.92,2946.67
Sao Paulo,18.0,2,2,1,0,acept,not furnished,137.11,1349.56,63.06,14.71,1564.44
Belo Horizonte,70.8,2,1,0,16,acept,not furnished,313.09,1998.1,51.43,21.32,2383.94
Rio de Janeiro,160.9,5,6,2,0,not acept,furnished,842.69,5536.25,70.66,58.14,6507.74
Belo Horizonte,47.8,2,2,0,0,not acept,furnished,334.58,10529.976952507297,76.57,17.76,2321.48
Sao Paulo,30.4,3,4,0,29,not acept,not furnished,335.78,1941.18,37.28,27.75,2341.99
Curitiba,56.7,5,4,2,19,not acept,not furnished,267.75,2528.57,97.27,37.59,2931.18
Salvador,48.6,4,3,2,1,not acept,not furnished,330.38,2724.28,108.12,35.79,3198.57
Sao Paulo,113.5,3,2,1,16,not acept,not furnished,691.42,4675.44,197.44,52.85,5617.15
Rio de Janeiro,67.0,2,3,0,6,not acept,furnished,392.13,2136.61,39.94,27.14,2595.82
Recife,24.4,2,2,0,23,not acept,not furnished,173.54,1213.37,19.58,16.07,1422.56
Rio de Janeiro,92.3,3,4,1,24,not acept,not furnished,322.71,1981.76,45.51,14.59,2364.57
Belo Horizonte,45.2,5,5,1,14,not acept,furnished,219.11,1735.17,64.87,15.62,2034.77
Sao Paulo,102.6,4,3,0,11,not acept,not furnished,315.06,3436.56,164.81,48.87,3965.3
Belo Horizonte,40.2,2,1,2,8,acept,furnished,230.2,1730.16,63.8,13.38,2037.54
Sao Paulo,111.6,2,3,1,0,not acept,furnished,522.08,5265.43,259.29,71.5,6118.3
Recife,94.7,3,3,2,16,acept,not furnished,305.57,2484.31,86.73,26.65,2903.26
Curitiba,84.4,3,2,0,14,acept,not furnished,338.21,2906.49,140.97,34.28,3419.95
Porto Alegre,19.9,1,1,3,4,acept,furnished,50.08,457.64,17.83,5.99,531.54
Curitiba,49.6,2,3,2,15,not acept,not furnished,309.72,1908.67,45.19,26.82,2290.4
Belo Horizonte,21.3,5,6,1,13,acept,not furnished,41.64,400.0,14.89,4.53,461.06
Rio de Janeiro,31.7,5,5,0,6,acept,furnished,197.84,1226.91,20.88,13.78,1459.41
Salvador,61.4,3,2,0,22,acept,not furnished,209.82,2478.49,66.0,30.5,2784.81
Recife,58.6,3,3,1,5,acept,not furnished,414.46,2575.56,61.45,17.48,3068.95
Rio de Janeiro,91.1,2,2,0,12,not acept,furnished,408.12,4795.58,200.78,54.08,5458.56
Fortaleza,83.9,3,3,0,15,not acept,not furnished,235.34,2321.79,102.96,29.45,2689.54
Belo Horizonte,64.2,1,2,0,24,not acept,furnished,374.42,2667.15,107.48,16.93,3165.98
Belo Horizonte,18.0,2,2,2,11,not acept,not furnished,166.42,838.2,36.53,5.78,1046.93
Rio de Janeiro,141.6,1,1,1,4,acept,furnished,874.1,5583.59,73.13,63.43,6594.25
Sao Paulo,18.0,2,2,0,0,not acept,furnished,100.46,1249.28,54.31,10.5,1414.55
Sao Paulo,182.8,4,5,1,6,not acept,furnished,1117.0,6452.73,120.87,72.24,7762.84
Sao Paulo,18.0,5,6,1,22,acept,furnished,213.02,1762.36,71.32,17.0,2063.7
Belo Horizonte,18.0,3,2,1,25,not acept,furnished,323.74,1626.41,47.79,15.46,2013.4
Rio de Janeiro,133.8,3,4,2,17,acept,furnished,533.02,3489.11,69.32,33.03,4124.48
Rio de Janeiro,19.3,2,3,2,29,not acept,furnished,179.17,937.88,38.88,7.88,1163.81
Recife,90.5,3,3,1,15,not acept,furnished,251.31,2926.71,32.22,26.86,3237.1
Rio de Janeiro,82.1,3,2,1,13,not acept,furnished,444.73,3578.12,177.49,19.17,4219.51
Rio de Janeiro,36.5,3,4,0,25,acept,furnished,177.23,1547.99,47.3,12.64,1785.16
Sao Paulo,143.2,1,1,2,3,not acept,furnished,569.35,4556.65,122.79,37.2,5285.99
Sao Paulo,72.9,3,3,1,0,acept,not furnished,312.83,2683.68,87.17,28.9,3112.58
Porto Alegre,38.6,2,3,2,27,acept,furnished,151.2,1333.5,60.53,15.17,1560.4
Belo Horizonte,92.7,1,1,0,15,acept,furnished,444.81,3229.17,68.91,30.29,3773.18
Porto Alegre,31.7,3,3,3,22,not acept,not furnished,174.59,1005.34,20.16,6.08,1206.17
Sao Paulo,94.0,1,1,2,18,acept,not furnished,406.72,2580.84,101.19,35.22,3123.97
Belo Horizonte,25.5,3,4,0,19,acept,not furnished,243.09,1954.82,53.45,25.68,2277.04
Sao Paulo,106.4,3,2,1,17,not acept,not furnished,513.2,3404.36,101.66,36.54,4055.76
Sao Paulo,110.9,2,2,2,21,acept,not furnished,800.51,4239.21,125.05,40.53,5205.3
Sao Paulo,58.7,5,6,0,1,not acept,not furnished,308.29,2746.51,115.8,36.58,3207.18
Sao Paulo,71.2,4,4,2,6,not acept,not furnished,432.72,3089.45,58.22,39.62,3620.01
Rio de Janeiro,115.0,1,1,3,13,not acept,not furnished,881.67,4655.13,104.41,51.59,5692.8
Sao Paulo,115.9,3,2,0,21,not acept,not furnished,674.28,4020.11,115.54,33.69,4843.62
Recife,89.8,2,2,2,7,acept,not furnished,240.4,2380.88,34.18,26.53,2681.99
Rio de Janeiro,128.3,3,2,1,24,not acept,not furnished,743.57,4243.95,85.05,24.05,5096.62
Sao Paulo,33.3,4,3,1,0,acept,furnished,365.86,2075.56,86.52,14.24,2542.18
Sao Paulo,80.1,2,2,2,24,not acept,furnished,418.6,2469.53,77.35,35.34,3000.82
Belo Horizonte,79.3,3,4,1,20,not acept,not furnished,328.14,2166.0,74.92,30.8,2599.86
Sao Paulo,145.6,4,5,1,0,not acept,not furnished,527.77,5605.04,131.27,49.08,6313.16
Salvador,51.9,2,3,2,0,acept,furnished,272.03,1995.69,67.92,15.09,2350.73
Recife,31.1,1,1,0,25,not acept,furnished,161.74,1789.17,43.54,24.4,2018.85
Sao Paulo,170.5,1,1,2,2,not acept,not furnished,844.02,5932.56,124.32,78.95,6979.85
Rio de Janeiro,75.9,1,1,2,6,acept,furnished,451.87,3513.27,85.26,51.98,4102.38
Sao Paulo,123.2,1,2,1,27,not acept,not furnished,404.79,5015.38,235.89,44.62,5700.68
Curitiba,88.4,2,1,3,9,not acept,not furnished,477.5,2754.91,91.55,35.11,3359.07
Rio de Janeiro,80.1,2,2,1,15,acept,furnished,451.66,2856.92,78.24,32.08,3418.9
Sao Paulo,117.3,1,2,0,0,acept,furnished,557.2,5116.95,210.8,30.63,5915.58
Sao Paulo,110.5,3,3,3,16,acept,not furnished,600.43,3823.3,54.46,47.65,4525.84
Curitiba,70.6,5,4,2,21,acept,not furnished,353.05,2429.91,78.58,17.3,2878.84
Rio de Janeiro,41.1,4,3,2,16,not acept,not furnished,217.69,1544.2,33.99,11.6,1807.48
Sao Paulo,124.1,2,2,1,24,not acept,furnished,578.8,4624.11,111.45,65.12,5379.48
Curitiba,105.4,3,3,1,23,acept,not furnished,277.26,3253.75,103.5,28.92,3663.43
Belo Horizonte,34.3,4,5,2,13,not acept,not furnished,261.14,1316.63,51.02,17.49,1646.28
Salvador,44.7,4,4,1,19,not acept,not furnished,221.15,1566.5,69.33,13.72,1870.7
Sao Paulo,120.6,4,3,1,6,acept,furnished,399.96,4620.13,230.62,32.66,5283.37
Porto Alegre,86.1,3,2,1,9,not acept,not furnished,185.14,2150.73,49.11,14.98,2399.96
Curitiba,56.0,2,2,1,18,not acept,furnished,488.94,2836.97,65.75,26.13,3417.79
Sao Paulo,96.6,1,1,0,19,not acept,not furnished,359.11,2958.89,146.92,25.96,3490.88
Curitiba,18.0,3,4,2,0,not acept,furnished,106.64,811.21,21.74,6.23,945.82
Rio de Janeiro,110.9,1,1,0,24,acept,furnished,576.84,3749.81,119.47,32.33,4478.45
Recife,71.1,5,4,1,18,acept,furnished,255.92,3188.97,120.79,20.47,3586.15
Sao Paulo,164.6,2,1,0,8,acept,not furnished,810.24,5709.49,242.26,29.4,6791.39
Curitiba,21.8,5,5,3,5,not acept,furnished,147.68,905.25,28.95,9.83,1091.71
Rio de Janeiro,83.3,3,2,2,17,acept,not furnished,288.79,2271.64,45.46,33.8,2639.69
Recife,22.5,2,2,1,20,not acept,furnished,183.01,1839.77,26.69,14.13,2063.6
Rio de Janeiro,26.7,1,2,0,28,not acept,not furnished,173.2,950.43,38.97,7.36,1169.96
Recife,18.0,2,2,1,3,not acept,furnished,58.42,457.59,6.15,6.77,528.93
Fortaleza,29.2,3,4,1,14,acept,not furnished,351.59,1761.72,31.01,21.3,2165.62
Sao Paulo,183.5,4,5,1,29,not acept,not furnished,806.32,5589.18,102.03,81.17,6578.7
Salvador,23.7,5,5,0,27,not acept,not furnished,98.74,1037.47,11.82,6.92,1154.95
Recife,69.0,1,2,1,13,not acept,not furnished,216.38,2416.18,106.33,14.01,2752.9
Sao Paulo,34.0,2,2,1,16,not acept,not furnished,135.44,1289.94,54.76,9.09,1489.23
Rio de Janeiro,77.0,1,1,1,28,acept,not furnished,359.91,1920.61,39.96,22.92,2343.4
Belo Horizonte,69.3,2,2,1,0,not acept,not furnished,367.85,2645.34,109.79,37.48,3160.46
Sao Paulo,89.7,4,5,1,30,acept,furnished,850.87,4744.23,118.56,24.84,5738.5
Sao Paulo,100.9,2,3,1,30,acept,furnished,428.83,2671.85,35.81,27.8,3164.29
Sao Paulo,129.9,3,2,0,29,acept,not furnished,712.97,3896.33,119.21,20.98,4749.49
Sao Paulo,146.8,2,2,1,29,acept,not furnished,599.46,52254.68932839065,87.67,60.85,4965.6
Rio de Janeiro,18.0,2,1,2,7,not acept,furnished,79.35,445.08,6.27,3.71,534.41
Sao Paulo,212.3,3,4,3,0,not acept,not furnished,1305.91,6760.61,133.5,87.5,8287.52
Fortaleza,72.1,3,3,2,7,not acept,not furnished,246.09,2527.76,52.14,17.76,2843.75
Curitiba,29.8,2,3,1,9,not acept,furnished,436.76,2187.72,70.73,19.73,2714.94
Sao Paulo,68.3,3,3,1,9,not acept,furnished,347.92,2062.31,70.8,24.59,2505.62
Curitiba,79.0,2,1,1,20,not acept,furnished,504.66,3388.43,54.1,40.97,3988.16
Curitiba,83.1,3,2,1,26,not acept,furnished,677.49,3403.35,140.19,47.06,4268.09
Recife,87.4,5,6,1,5,acept,not furnished,239.28,2392.8,113.41,29.81,2775.3
Sao Paulo,59.2,3,2,1,12,acept,furnished,334.27,2119.42,40.73,17.99,2512.41
Sao Paulo,25.4,2,1,1,10,not acept,not furnished,81.67,796.04,8.97,7.14,893.82
Fortaleza,31.5,3,4,2,23,acept,not furnished,285.31,2023.01,87.74,22.87,2418.93
Fortaleza,37.6,4,5,1,8,acept,not furnished,110.9,1308.48,51.61,13.05,1484.04
Porto Alegre,57.3,2,3,1,0,not acept,not furnished,266.59,2198.83,46.84,15.85,2528.11
Porto Alegre,27.6,3,3,1,8,not acept,furnished,208.87,1130.24,34.55,10.96,1384.62
Sao Paulo,18.9,2,3,1,9,acept,not furnished,141.26,825.96,31.98,8.37,1007.57
Belo Horizonte,46.0,4,4,1,25,acept,not furnished,217.31,1702.76,31.82,17.88,1969.77
Sao Paulo,49.7,2,3,0,15,acept,furnished,306.91,3052.73,64.82,18.94,3443.4
Sao Paulo,108.3,4,4,1,15,acept,not furnished,274.61,3140.58,113.83,24.83,3553.85
Salvador,127.2,3,4,2,17,not acept,not furnished,533.74,2746.1,76.12,40.2,3396.16
Sao Paulo,171.6,2,2,1,16,not acept,furnished,1062.41,8055.34,101.49,114.9,9334.14
Rio de Janeiro,73.5,2,1,2,20,acept,not furnished,430.66,2587.34,81.27,18.14,3117.41
Fortaleza,45.4,2,3,2,27,not acept,furnished,345.1,1826.1,81.46,18.46,2271.12
Sao Paulo,210.7,1,2,3,26,acept,furnished,1519.33,9022.73,213.09,66.24,10821.39
Recife,66.8,1,1,1,14,not acept,furnished,180.07,1322.01,29.82,17.63,1549.53
Recife,43.8,2,1,1,25,acept,not furnished,156.18,1256.49,15.1,13.49,1441.26
Belo Horizonte,96.3,3,2,1,26,not acept,furnished,657.34,3557.5,56.21,47.66,4318.71
Sao Paulo,137.2,2,2,1,23,acept,not furnished,490.24,4145.18,57.17,37.22,4729.81
Rio de Janeiro,43.2,1,2,3,0,not acept,not furnished,221.87,1860.4,59.9,15.91,2158.08
Rio de Janeiro,73.0,3,2,2,19,not acept,not furnished,683.91,4003.46,100.42,37.8,4825.59
Rio de Janeiro,158.2,1,2,1,8,not acept,not furnished,800.32,5324.88,151.9,52.12,6329.22
Sao Paulo,83.8,2,2,0,26,not acept,not furnished,535.34,4075.46,164.43,52.17,4827.4
Recife,18.0,1,2,2,7,acept,not furnished,103.72,773.64,38.63,6.07,922.06
Sao Paulo,108.6,3,2,0,28,not acept,not furnished,788.16,5253.37,249.79,53.29,6344.61
Porto Alegre,69.1,1,1,1,18,acept,furnished,387.76,2926.68,48.35,40.95,3403.74
Sao Paulo,102.2,2,1,0,19,not acept,not furnished,400.95,3397.84,126.05,30.71,3955.55
Belo Horizonte,52.7,3,4,2,27,not acept,furnished,526.49,2789.65,73.76,34.95,3424.85
Fortaleza,18.0,2,3,2,30,not acept,not furnished,286.8,2037.44,26.33,12.8,2363.37
Sao Paulo,88.5,2,2,3,7,not acept,not furnished,310.38,2989.25,96.66,17.93,3414.22
Sao Paulo,54.3,2,1,3,0,not acept,not furnished,317.11,3179.09,73.46,25.71,3595.37
Curitiba,62.4,4,3,2,21,not acept,not furnished,350.19,3058.03,98.39,27.34,3533.95
Curitiba,66.8,3,2,1,0,acept,furnished,499.42,2517.45,72.2,23.82,3112.89
Curitiba,89.7,5,5,0,15,acept,not furnished,443.0,2319.83,50.43,25.91,2839.17
Rio de Janeiro,97.7,3,4,1,9,not acept,not furnished,284.09,3120.11,78.21,42.95,3525.36
Sao Paulo,118.0,3,4,2,10,not acept,not furnished,333.36,3699.37,158.42,24.64,4215.79
Recife,80.0,4,5,0,5,acept,not furnished,340.13,2703.32,122.2,13.97,3179.62
Fortaleza,90.5,2,1,1,20,acept,furnished,356.98,2521.24,56.4,33.53,2968.15
Rio de Janeiro,141.9,3,3,2,16,acept,furnished,699.27,6005.94,209.06,39.24,6953.51
Salvador,78.6,2,1,1,29,not acept,not furnished,409.1,2577.32,113.63,13.27,3113.32
Rio de Janeiro,150.7,3,3,2,9,acept,furnished,794.09,6041.99,251.49,33.84,7121.41
Rio de Janeiro,111.9,1,1,1,10,acept,furnished,626.47,4336.1,100.51,53.84,5116.92
Sao Paulo,127.6,3,3,3,3,not acept,furnished,526.36,4630.5,71.94,58.36,5287.16
Rio de Janeiro,79.6,5,4,1,18,not acept,furnished,296.24,3353.58,116.89,23.89,3790.6
Belo Horizonte,114.9,1,1,1,0,not acept,not furnished,601.16,3686.86,46.88,29.62,4364.52
Sao Paulo,73.5,4,4,1,29,not acept,not furnished,462.65,2768.05,118.6,27.42,3376.72
Rio de Janeiro,122.0,2,3,1,28,not acept,not furnished,654.89,4784.39,136.38,36.4,5612.06
Porto Alegre,18.0,2,3,1,20,not acept,not furnished,135.83,740.28,28.7,10.15,914.96
Curitiba,18.0,3,3,2,8,not acept,not furnished,66.67,571.02,9.76,4.49,651.94
Curitiba,59.7,1,1,2,9,acept,furnished,205.45,1230.98,20.59,14.2,1471.22
Fortaleza,37.5,3,4,0,0,acept,furnished,269.39,1800.48,32.98,10.84,2113.69
Sao Paulo,31.5,1,1,1,5,not acept,furnished,188.03,1429.56,58.49,13.55,1689.63
Belo Horizonte,18.0,3,4,3,9,acept,not furnished,56.56,536.4,11.26,2.94,607.16
Porto Alegre,120.6,3,3,1,12,acept,not furnished,598.13,3754.82,179.57,36.26,4568.78
Belo Horizonte,68.6,4,3,2,13,not acept,not furnished,189.6,1911.18,24.54,9.58,2134.9
Rio de Janeiro,53.1,3,3,2,27,acept,not furnished,403.78,2417.69,86.01,12.6,2920.08
Sao Paulo,173.4,1,2,2,12,acept,furnished,779.08,7364.06,308.46,76.21,8527.81
Fortaleza,44.8,2,1,0,29,not acept,not furnished,110.98,9620.397443655515,43.27,6.91,1513.28
Rio de Janeiro,64.3,4,5,1,0,acept,furnished,259.86,2233.13,23.09,29.11,2545.19
Fortaleza,52.9,3,4,2,4,not acept,not furnished,254.49,1385.38,65.39,11.01,1716.27
Belo Horizonte,70.2,3,4,2,10,not acept,furnished,244.8,2933.51,102.34,18.13,3298.78
Curitiba,101.3,3,2,1,27,acept,not furnished,350.88,4010.66,195.11,40.47,4597.12
Salvador,103.8,2,3,2,1,acept,furnished,462.93,3213.59,63.06,41.24,3780.82
Curitiba,119.8,3,2,2,9,acept,not furnished,327.68,,110.67,56.6,4565.83
Rio de Janeiro,99.2,3,4,2,1,not acept,furnished,346.46,2211.87,53.49,28.26,2640.08
Belo Horizonte,35.1,1,2,0,23,acept,not furnished,278.67,1798.77,73.56,19.41,2170.41
Salvador,27.7,5,5,2,7,not acept,not furnished,176.6,1657.66,48.89,23.67,1906.82
Rio de Janeiro,101.9,2,3,1,12,not acept,furnished,560.3,4238.2,95.46,40.19,4934.15
Rio de Janeiro,98.5,2,1,0,24,acept,not furnished,476.07,2768.77,44.8,32.77,3322.41
Sao Paulo,141.0,1,1,1,3,acept,furnished,599.56,5754.0,164.01,42.27,6559.84
Fortaleza,49.4,3,2,3,29,acept,not furnished,262.03,1719.61,80.84,15.71,2078.19
Sao Paulo,86.3,2,3,2,10,acept,not furnished,401.22,3023.92,94.17,27.86,3547.17
Curitiba,77.2,2,2,3,8,not acept,furnished,408.58,3209.28,41.18,16.82,3675.86
Rio de Janeiro,92.7,5,5,1,4,acept,furnished,493.71,4130.76,163.59,30.77,4818.83
Rio de Janeiro,50.9,2,2,2,13,not acept,not furnished,333.47,2294.16,89.72,20.94,2738.29
Curitiba,75.3,2,1,0,30,not acept,furnished,223.59,2029.93,23.38,18.76,2295.66
Sao Paulo,124.4,3,3,2,14,not acept,not furnished,798.71,5106.87,177.78,72.29,6155.65
Belo Horizonte,63.4,1,1,1,12,acept,not furnished,233.69,2493.75,118.65,33.3,2879.39
Porto Alegre,18.0,2,1,3,0,acept,furnished,304.37,1663.18,72.19,16.54,2056.28
Salvador,45.0,2,1,1,7,not acept,not furnished,434.36,2528.94,121.47,29.94,3114.71
Sao Paulo,87.0,3,2,2,5,not acept,not furnished,481.45,3706.47,54.94,31.58,4274.44
Fortaleza,54.5,4,5,0,0,not acept,furnished,261.35,2577.86,47.53,17.97,2904.71
Curitiba,59.9,2,1,1,12,not acept,not furnished,275.9,2165.54,40.19,14.67,2496.3
Fortaleza,52.0,3,2,1,2,not acept,not furnished,291.53,1811.8,84.33,10.24,2197.9
Rio de Janeiro,79.2,1,1,1,14,not acept,not furnished,388.56,3135.09,74.48,30.57,3628.7
Belo Horizonte,18.0,2,3,1,12,acept,furnished,74.17,825.21,21.43,10.67,931.48
Fortaleza,54.0,3,3,1,5,acept,not furnished,195.77,,94.43,13.5,2406.64
Fortaleza,18.0,1,1,1,24,not acept,not furnished,185.7,1135.19,40.0,13.88,1374.77
Rio de Janeiro,18.0,3,2,0,28,acept,not furnished,113.44,620.53,15.94,6.12,756.03
Sao Paulo,143.1,2,2,2,2,acept,not furnished,969.09,5398.5,69.72,44.1,6481.41
Rio de Janeiro,96.5,5,6,1,0,acept,not furnished,643.53,3800.73,44.1,47.56,4535.92
Rio de Janeiro,111.8,3,4,3,9,not acept,not furnished,711.92,4158.3,93.53,40.5,5004.25
Sao Paulo,39.8,2,2,0,18,not acept,furnished,337.17,1705.62,37.07,17.42,2097.28
Sao Paulo,238.7,1,1,0,18,acept,not furnished,701.02,7101.2,259.05,48.81,8110.08
Salvador,59.1,1,2,0,18,acept,furnished,385.04,2647.41,73.74,32.19,3138.38
Sao Paulo,130.5,1,2,1,16,acept,not furnished,484.88,4347.02,162.11,61.06,5055.07
Curitiba,73.4,3,3,1,10,not acept,furnished,298.35,2771.95,64.54,15.75,3150.59
Sao Paulo,113.0,4,5,1,23,acept,furnished,642.57,4976.71,232.29,39.56,5891.13
Rio de Janeiro,31.0,2,1,2,29,not acept,not furnished,169.41,1407.11,19.43,8.86,1604.81
Sao Paulo,149.1,2,2,1,17,acept,not furnished,830.43,5239.13,157.05,28.23,6254.84
Sao Paulo,118.4,2,3,1,4,acept,not furnished,563.29,4340.52,201.74,25.53,5131.08
Porto Alegre,26.6,3,2,2,16,not acept,not furnished,125.57,12298.381027423542,41.05,9.32,1275.28
Fortaleza,18.0,2,1,1,22,not acept,furnished,86.17,956.89,12.45,10.05,1065.56
Sao Paulo,162.2,5,5,1,25,acept,furnished,799.74,6960.26,308.18,37.67,8105.85
Rio de Janeiro,92.0,3,3,1,21,acept,not furnished,288.25,2087.77,40.47,17.24,2433.73
Rio de Janeiro,118.9,5,4,1,27,acept,not furnished,675.97,4422.48,134.97,47.17,5280.59
Fortaleza,49.6,2,1,2,29,not acept,not furnished,297.66,1899.35,41.84,19.72,2258.57
Porto Alegre,49.8,3,4,2,14,not acept,not furnished,148.37,1411.22,37.56,20.56,1617.71
Belo Horizonte,53.2,3,4,2,15,not acept,furnished,290.66,2252.1,107.81,29.56,2680.13
Curitiba,113.1,3,4,1,8,acept,not furnished,426.38,3321.36,52.17,48.4,3848.31
Salvador,49.4,1,2,3,19,not acept,not furnished,113.48,1387.43,27.82,11.91,1540.64
Sao Paulo,59.6,5,6,2,17,acept,not furnished,329.36,1769.86,41.34,17.82,2158.38
Rio de Janeiro,105.4,4,4,1,3,acept,not furnished,550.61,3422.74,125.21,38.9,4137.46
Fortaleza,81.4,1,2,0,20,acept,not furnished,221.94,,56.47,18.54,1688.74
Porto Alegre,54.7,3,4,2,24,acept,furnished,225.77,1511.21,47.76,8.04,1792.78
Belo Horizonte,43.6,2,3,2,3,not acept,not furnished,158.49,1171.47,39.64,12.52,1382.12
Belo Horizonte,75.9,4,3,1,3,not acept,not furnished,280.08,2618.21,75.16,27.25,3000.7
Rio de Janeiro,73.0,3,4,1,18,acept,furnished,366.18,2881.2,62.8,21.6,3331.78
Belo Horizonte,102.7,2,2,1,1,not acept,not furnished,236.76,2340.31,77.93,14.11,2669.11
Curitiba,29.7,1,1,2,24,not acept,not furnished,253.92,1427.66,32.79,12.62,1726.99
Rio de Janeiro,98.5,2,1,1,19,not acept,not furnished,381.99,3627.1,100.15,46.74,4155.98
Curitiba,84.3,1,2,2,0,not acept,not furnished,249.19,2199.96,100.75,25.83,2575.73
Salvador,18.0,1,1,2,23,acept,not furnished,32.61,400.0,18.67,2.59,453.87
Sao Paulo,18.0,3,4,1,14,not acept,not furnished,82.92,663.74,14.42,6.06,767.14
Rio de Janeiro,206.4,3,4,0,14,not acept,furnished,1229.74,7445.0,198.0,50.82,8923.56
Rio de Janeiro,130.6,3,4,2,8,not acept,furnished,503.61,4967.02,220.14,29.52,5720.29
Curitiba,52.1,3,3,0,7,not acept,not furnished,432.39,3058.71,145.35,21.5,3657.95
Sao Paulo,145.6,2,1,2,14,acept,furnished,1160.62,6024.6,301.06,74.17,7560.45
Curitiba,60.6,2,1,1,0,not acept,not furnished,234.56,1768.68,46.56,19.69,2069.49
Fortaleza,53.7,3,2,2,24,not acept,furnished,396.11,2258.83,60.18,14.26,2729.38
Rio de Janeiro,35.0,2,1,1,23,not acept,furnished,236.87,1347.37,43.61,16.81,1644.66
Fortaleza,54.3,2,1,1,22,not acept,not furnished,359.65,2272.39,37.38,24.9,2694.32
Recife,58.2,2,3,2,17,acept,furnished,404.0,3259.9,123.63,40.93,3828.46
Sao Paulo,139.6,3,4,2,7,not acept,not furnished,652.41,3811.79,160.08,26.69,4650.97
Sao Paulo,94.6,4,5,0,19,not acept,not furnished,496.15,2573.48,110.47,17.28,3197.38
Recife,92.6,3,3,3,1,acept,not furnished,351.69,3121.75,32.06,30.3,3535.8
Recife,22.3,1,1,1,6,acept,not furnished,185.13,1320.55,64.95,7.3,1577.93
Sao Paulo,201.2,4,4,0,0,not acept,not furnished,934.77,6148.28,205.5,73.62,7362.17
Sao Paulo,182.5,1,1,2,26,not acept,furnished,1108.6,7325.89,75.95,81.21,8591.65
Sao Paulo,161.0,3,2,1,25,not acept,not furnished,736.88,5668.05,207.74,40.25,6652.92
Recife,52.9,2,2,2,12,acept,not furnished,154.56,1064.2,23.35,13.97,1256.08
Sao Paulo,172.2,4,3,2,12,acept,furnished,676.98,7808.09,148.89,85.77,8719.73
Belo Horizonte,34.1,3,2,0,28,not acept,not furnished,102.16,1164.51,57.96,7.77,1332.4
Salvador,49.2,3,2,3,20,acept,not furnished,482.81,2517.1,28.01,24.37,3052.29
Sao Paulo,108.4,3,4,0,21,not acept,furnished,708.24,4846.53,217.07,53.09,5824.93
Belo Horizonte,62.1,3,4,1,9,not acept,furnished,297.52,2876.62,137.59,32.06,3343.79
Sao Paulo,145.1,1,1,0,7,not acept,not furnished,579.84,5189.25,127.88,38.68,5935.65
Salvador,32.6,3,3,2,1,not acept,not furnished,180.45,1097.14,31.43,9.18,1318.2
Sao Paulo,18.0,3,2,0,0,not acept,furnished,78.9,483.9,17.22,2.88,582.9
Curitiba,39.9,3,4,1,27,not acept,not furnished,419.28,2637.4,28.82,22.29,3107.79
Curitiba,18.0,1,1,0,27,acept,not furnished,44.0,400.0,14.46,3.44,461.9
Sao Paulo,175.3,1,2,1,5,not acept,furnished,1176.97,6537.91,95.17,59.1,7869.15
Sao Paulo,100.1,3,3,0,0,acept,furnished,263.59,3002.68,31.33,17.64,3315.24
Rio de Janeiro,79.5,3,4,1,9,not acept,not furnished,338.75,2593.33,32.21,33.47,2997.76
Sao Paulo,100.5,2,1,2,29,acept,not furnished,660.17,3846.36,72.1,37.16,4615.79
Salvador,73.2,2,3,0,7,acept,furnished,263.52,2426.74,63.59,23.9,2777.75
Salvador,38.3,3,3,1,26,not acept,not furnished,180.84,1661.32,75.2,10.89,1928.25
Rio de Janeiro,30.8,1,2,1,24,acept,not furnished,215.33,2686.23,75.46,39.41,3016.43
Belo Horizonte,43.1,2,2,1,29,not acept,not furnished,328.05,2354.75,60.22,16.58,2759.6
Belo Horizonte,74.4,3,4,2,14,acept,furnished,603.8,3174.0,57.92,21.29,3857.01
Salvador,67.7,2,3,3,28,not acept,furnished,300.5,2123.37,106.04,28.97,2558.88
Rio de Janeiro,59.1,4,3,3,22,not acept,furnished,432.07,2250.05,82.51,31.53,2796.16
Sao Paulo,118.6,1,1,3,26,not acept,furnished,531.84,38297.90944470605,141.19,34.16,5731.61
Sao Paulo,72.7,4,4,0,22,not acept,not furnished,271.23,2129.26,48.77,27.57,2476.83
Belo Horizonte,80.4,3,2,1,13,not acept,not furnished,543.86,2733.11,79.19,14.71,3370.87
Rio de Janeiro,35.0,2,3,2,28,not acept,furnished,302.49,1719.26,69.14,16.24,2107.13
Rio de Janeiro,102.6,4,4,0,24,acept,furnished,508.57,3411.52,78.46,17.89,4016.44
Sao Paulo,18.0,3,3,1,19,acept,not furnished,85.9,949.72,19.93,7.85,1063.4
Curitiba,52.5,4,4,2,13,not acept,furnished,206.53,2159.06,41.03,30.85,2437.47
Sao Paulo,37.3,3,2,3,0,not acept,not furnished,193.62,1457.61,36.71,14.57,1702.51
Sao Paulo,71.9,3,2,1,24,not acept,not furnished,576.25,3241.13,36.4,18.36,3872.14
Rio de Janeiro,75.5,3,3,2,11,not acept,not furnished,510.79,3023.05,120.43,29.09,3683.36
Sao Paulo,116.4,1,2,2,9,acept,not furnished,856.51,4692.06,225.99,27.85,5802.41
Belo Horizonte,46.1,4,5,1,5,not acept,furnished,318.88,2479.1,114.56,35.71,2948.25
Rio de Janeiro,71.7,3,2,2,15,acept,not furnished,343.44,2300.37,93.53,12.12,2749.46
Rio de Janeiro,93.1,3,4,1,25,acept,not furnished,415.45,3552.08,134.63,37.99,4140.15
Belo Horizonte,24.0,4,3,1,7,acept,furnished,287.67,1989.78,43.71,11.57,2332.73
Sao Paulo,194.5,5,5,1,28,acept,furnished,1173.78,7624.09,109.28,63.73,8970.88
Sao Paulo,110.2,2,2,1,10,not acept,not furnished,705.72,4972.61,137.71,60.93,5876.97
Fortaleza,27.1,3,3,2,29,acept,not furnished,122.78,1183.16,51.76,13.12,1370.82
Rio de Janeiro,29.2,3,2,2,20,not acept,not furnished,48.29,400.0,12.67,3.25,464.21
Rio de Janeiro,195.0,3,4,1,9,acept,not furnished,836.82,5380.83,206.9,31.27,6455.82
Sao Paulo,57.1,5,5,1,30,acept,not furnished,285.44,1917.41,89.73,27.35,2319.93
Rio de Janeiro,143.0,4,5,2,17,acept,not furnished,693.71,5184.23,193.08,57.1,6128.12
Belo Horizonte,18.0,3,4,2,23,acept,not furnished,139.07,1589.71,20.24,22.3,1771.32
Belo Horizonte,88.7,2,1,2,12,not acept,not furnished,419.39,3119.36,42.81,38.27,3619.83
Curitiba,50.6,3,2,0,1,acept,not furnished,232.43,1570.66,20.8,14.14,1838.03
Sao Paulo,119.8,3,4,1,29,acept,not furnished,433.03,4075.41,99.07,57.55,4665.06
Sao Paulo,129.9,2,3,0,8,not acept,not furnished,278.63,3409.22,73.31,20.06,3781.22
Salvador,81.0,3,3,2,28,acept,not furnished,240.44,1699.76,24.45,11.81,1976.46
Recife,67.2,2,2,1,27,not acept,not furnished,264.34,2106.16,54.07,24.47,2449.04
Sao Paulo,122.2,3,3,2,0,not acept,furnished,644.98,3962.18,70.32,57.04,4734.52
Rio de Janeiro,77.6,3,4,2,1,acept,not furnished,320.42,3369.49,85.69,44.8,3820.4
Sao Paulo,67.4,1,1,1,18,acept,not furnished,299.03,2062.11,57.27,17.4,2435.81
Sao Paulo,60.7,3,4,3,0,acept,not furnished,407.24,2166.72,22.1,12.81,2608.87
Rio de Janeiro,142.8,1,1,1,11,not acept,not furnished,914.34,4785.78,181.28,43.62,5925.02
Sao Paulo,99.6,3,3,1,15,not acept,furnished,497.2,2679.64,66.64,35.29,3278.77
Curitiba,101.7,3,2,2,4,not acept,not furnished,501.87,2847.88,117.02,36.61,3503.38
Belo Horizonte,18.0,3,4,2,23,not acept,furnished,91.55,475.43,6.93,2.6,576.51
Sao Paulo,185.9,3,3,1,12,not acept,not furnished,1043.31,5315.88,114.94,49.48,6523.61
Sao Paulo,57.4,2,1,2,11,not acept,not furnished,132.98,1165.13,24.21,10.56,1332.88
Salvador,46.3,1,1,0,5,acept,not furnished,420.2,3033.29,31.55,23.69,3508.73
Sao Paulo,145.5,3,2,1,27,not acept,not furnished,769.85,4661.46,136.04,28.08,5595.43
Belo Horizonte,41.8,3,4,2,0,acept,furnished,274.07,20548.26129428342,94.39,20.04,2332.74
Rio de Janeiro,107.8,2,1,1,0,acept,furnished,877.59,4645.7,49.03,45.95,5618.27
Belo Horizonte,70.7,2,3,2,30,acept,not furnished,375.09,1904.48,66.39,21.0,2366.96
Rio de Janeiro,177.4,1,2,1,0,acept,not furnished,813.66,5831.06,258.13,64.18,6967.03
Sao Paulo,105.1,2,2,2,2,not acept,not furnished,483.58,4040.27,168.51,28.81,4721.17
Sao Paulo,78.8,3,4,0,27,acept,not furnished,255.24,1980.92,42.59,22.67,2301.42
Sao Paulo,123.7,3,3,1,18,not acept,not furnished,568.85,3523.79,59.92,41.03,4193.59
Rio de Janeiro,64.3,3,3,1,18,acept,not furnished,452.25,2705.67,50.25,34.84,3243.01
Curitiba,76.2,2,3,2,13,not acept,not furnished,341.1,2720.8,64.91,32.29,3159.1
Sao Paulo,82.9,4,3,1,2,acept,furnished,350.04,1927.92,27.24,20.46,2325.66
Sao Paulo,94.9,3,4,1,9,not acept,not furnished,254.11,2671.43,55.91,26.12,3007.57
Belo Horizonte,56.5,2,3,2,21,not acept,furnished,277.07,3344.06,64.05,30.02,3715.2
Belo Horizonte,28.2,1,1,1,13,not acept,furnished,291.06,1473.21,72.0,21.94,1858.21
Recife,65.3,3,3,0,21,not acept,not furnished,205.05,1076.73,39.64,7.15,1328.57
Belo Horizonte,72.6,3,3,1,0,not acept,not furnished,224.03,1919.84,67.33,26.08,2237.28
Rio de Janeiro,118.7,3,4,2,19,acept,furnished,845.77,4343.54,197.09,44.41,5430.81
Belo Horizonte,85.8,4,3,2,17,acept,not furnished,251.12,2136.29,36.39,29.32,2453.12
Fortaleza,63.7,3,2,1,30,not acept,furnished,149.8,1096.3,14.11,7.91,1268.12
Salvador,39.5,4,3,0,27,not acept,not furnished,119.68,834.58,37.66,12.39,1004.31
Rio de Janeiro,24.9,1,1,1,17,not acept,not furnished,171.09,6447.11435519062,26.31,9.73,1299.38
Sao Paulo,103.6,2,3,0,16,acept,not furnished,567.74,3967.96,100.77,38.21,4674.68
Sao Paulo,71.5,2,3,0,0,not acept,not furnished,657.69,3472.99,38.98,49.69,4219.35
Belo Horizonte,44.6,3,3,1,29,not acept,furnished,213.45,1450.2,15.38,18.89,1697.92
Porto Alegre,44.1,2,1,2,21,not acept,not furnished,169.34,2025.22,76.86,28.37,2299.79
Belo Horizonte,69.7,3,4,2,14,acept,furnished,411.56,4067.02,145.48,56.1,4680.16
Sao Paulo,79.9,2,3,1,26,not acept,not furnished,614.02,3149.14,67.15,33.87,3864.18
Porto Alegre,73.0,2,1,2,22,not acept,furnished,244.5,2864.77,53.14,19.65,3182.06
Salvador,18.0,2,1,1,16,acept,furnished,315.95,1850.55,77.61,19.48,2263.59
Sao Paulo,148.7,2,2,1,15,not acept,not furnished,1056.38,5357.06,70.97,80.19,6564.6
Curitiba,54.0,2,1,1,28,not acept,furnished,240.88,2881.2,101.12,33.03,3256.23
Rio de Janeiro,82.6,2,2,2,24,not acept,furnished,395.03,2156.34,30.26,31.72,2613.35
Fortaleza,18.0,1,1,0,11,acept,not furnished,65.8,400.0,19.65,5.24,490.69
Salvador,96.0,3,2,3,18,acept,not furnished,244.27,2910.37,143.56,41.69,3339.89
Belo Horizonte,76.6,2,1,2,4,not acept,not furnished,274.44,1807.08,37.81,9.87,2129.2
Curitiba,83.1,1,2,2,28,acept,not furnished,521.73,2746.86,97.39,33.86,3399.84
Fortaleza,59.5,2,1,1,20,acept,furnished,271.35,2033.68,21.68,18.58,2345.29
Rio de Janeiro,157.0,4,3,1,29,acept,furnished,810.95,4792.38,111.36,55.42,5770.11
Rio de Janeiro,79.8,3,3,2,7,not acept,not furnished,346.25,31670.17250228025,56.68,30.81,3341.4
Porto Alegre,26.1,5,4,3,8,not acept,furnished,139.21,1093.94,23.76,11.06,1267.97
Sao Paulo,224.1,3,4,2,25,acept,not furnished,1163.31,7153.2,189.4,85.16,8591.07
Rio de Janeiro,68.7,5,6,0,6,not acept,furnished,229.73,2745.63,73.2,39.66,3088.22
Salvador,18.0,2,1,2,9,not acept,not furnished,139.0,827.67,21.26,8.98,996.91
Porto Alegre,50.9,2,1,1,27,not acept,not furnished,237.29,2127.02,91.25,24.25,2479.81
Rio de Janeiro,56.5,3,3,2,14,acept,not furnished,296.92,1633.1,19.98,10.83,1960.83
Sao Paulo,73.0,5,4,1,7,not acept,furnished,611.85,4159.33,95.52,42.5,4909.2
Rio de Janeiro,18.0,4,4,3,11,acept,not furnished,45.84,400.0,4.39,5.58,455.81
Sao Paulo,18.0,3,2,1,21,not acept,furnished,181.53,1121.42,14.83,9.93,1327.71
Sao Paulo,164.7,1,1,2,2,acept,furnished,1357.64,7155.22,298.11,45.44,8856.41
Porto Alegre,46.9,2,3,1,29,not acept,not furnished,252.12,1774.37,29.46,8.95,2064.9
Sao Paulo,58.3,1,1,1,14,acept,not furnished,321.39,1751.9,41.81,15.13,2130.23
Rio de Janeiro,70.7,2,1,0,23,not acept,not furnished,577.68,3003.95,130.48,43.75,3755.86
Rio de Janeiro,40.8,2,2,1,21,not acept,furnished,331.88,2653.94,101.29,36.13,3123.24
Recife,35.4,2,2,1,20,not acept,not furnished,252.68,1407.51,25.44,20.64,1706.27
Rio de Janeiro,74.0,4,3,2,11,acept,furnished,485.58,2801.53,139.13,16.58,3442.82
Sao Paulo,109.1,2,2,1,0,not acept,not furnished,536.97,3658.68,75.75,26.01,4297.41
Sao Paulo,168.9,2,1,2,22,not acept,furnished,553.75,6393.66,136.81,65.63,7149.85
Belo Horizonte,67.6,2,3,3,29,not acept,not furnished,521.97,2959.13,106.75,41.14,3628.99
Belo Horizonte,60.0,2,2,2,14,not acept,not furnished,141.76,1642.25,63.14,12.95,1860.1
Rio de Janeiro,106.6,2,1,1,29,not acept,not furnished,824.92,4207.22,140.47,33.05,5205.66
Rio de Janeiro,98.8,2,3,2,15,acept,not furnished,555.02,,67.9,55.84,4796.14
Sao Paulo,132.8,4,3,1,3,not acept,furnished,444.79,5345.14,69.66,31.47,5891.06
Belo Horizonte,18.0,2,1,2,5,acept,furnished,106.38,988.07,46.75,13.27,1154.47
Belo Horizonte,120.2,1,2,1,26,not acept,furnished,525.53,4886.67,116.88,53.63,5582.71
Sao Paulo,198.0,3,3,0,18,acept,furnished,1750.15,9530.87,418.75,51.85,11751.62
Sao Paulo,96.5,2,3,1,11,acept,furnished,490.63,5520.26,93.11,74.95,6178.95
Sao Paulo,121.2,2,1,0,24,not acept,not furnished,382.62,3799.58,114.98,38.56,4335.74
Sao Paulo,135.7,2,3,1,19,acept,furnished,705.78,5689.67,256.65,35.24,6687.34
Belo Horizonte,76.0,1,1,1,26,acept,furnished,357.57,3530.71,89.29,45.42,4022.99
Sao Paulo,91.5,3,4,1,30,not acept,not furnished,361.1,3504.62,37.34,35.14,3938.2
Sao Paulo,81.5,3,3,1,19,acept,not furnished,185.21,1754.5,83.78,17.14,2040.63
Sao Paulo,132.8,2,3,3,30,not acept,not furnished,377.36,3886.43,137.59,23.31,4424.69
Recife,50.7,3,4,1,13,acept,furnished,445.88,2891.07,54.09,21.01,3412.05
Salvador,87.6,2,2,1,25,not acept,furnished,294.98,3333.12,134.53,23.01,3785.64
Sao Paulo,64.0,2,1,1,27,acept,not furnished,236.55,1926.38,38.12,23.84,2224.89
Rio de Janeiro,79.7,2,3,0,0,acept,not furnished,267.52,1665.55,21.56,16.55,1971.18
Sao Paulo,149.0,3,2,1,26,not acept,furnished,757.18,6458.29,68.33,51.41,7335.21
Rio de Janeiro,114.0,1,2,1,11,not acept,furnished,680.21,5609.85,57.7,60.45,6408.21
Sao Paulo,65.0,3,3,1,10,acept,not furnished,421.99,2451.19,34.95,16.14,2924.27
Curitiba,108.2,3,4,1,23,not acept,not furnished,790.43,4535.68,126.48,29.84,5482.43
Belo Horizonte,18.0,4,3,1,5,not acept,not furnished,95.14,563.42,27.51,5.24,691.31
Fortaleza,52.0,1,1,1,0,acept,not furnished,268.01,2234.35,67.64,28.25,2598.25
Sao Paulo,115.6,1,1,1,6,acept,not furnished,504.81,3513.64,67.83,23.29,4109.57
Salvador,52.1,1,1,0,19,not acept,not furnished,310.78,1681.44,69.69,13.21,2075.12
Porto Alegre,61.5,4,4,0,29,not acept,not furnished,322.16,2454.93,105.55,21.14,2903.78
Sao Paulo,104.9,3,3,1,10,not acept,not furnished,394.68,3500.63,119.7,46.22,4061.23
Rio de Janeiro,112.8,4,3,1,24,not acept,not furnished,375.73,4502.27,108.58,52.98,5039.56
Sao Paulo,25.0,3,2,0,4,acept,not furnished,59.39,400.0,10.5,4.8,474.69
Sao Paulo,160.3,3,3,1,26,not acept,furnished,671.11,6342.93,237.19,43.4,7294.63
Sao Paulo,111.1,2,1,1,23,not acept,not furnished,717.49,4282.93,69.54,35.09,5105.05
Belo Horizonte,89.9,4,4,2,12,not acept,not furnished,229.78,2550.17,36.16,32.98,2849.09
Rio de Janeiro,143.7,4,5,1,27,acept,furnished,460.78,3553.62,73.75,52.0,4140.15
Recife,19.7,2,1,1,0,acept,not furnished,68.96,574.11,20.59,6.6,670.26
Sao Paulo,65.8,2,1,2,23,acept,not furnished,191.47,1686.16,41.44,10.78,1929.85
Recife,18.0,3,3,1,0,acept,not furnished,111.51,561.34,9.27,7.3,689.42
Sao Paulo,81.3,1,2,1,26,acept,not furnished,244.42,,89.48,38.63,3032.79
Porto Alegre,31.0,4,5,2,3,acept,not furnished,119.95,1493.85,41.49,18.21,1673.5
Rio de Janeiro,78.8,2,1,2,0,acept,not furnished,239.53,29797.082944434216,114.59,37.15,3319.93
Sao Paulo,198.8,2,2,1,7,not acept,not furnished,598.38,6477.41,249.09,48.78,7373.66
Salvador,86.4,3,3,1,3,not acept,furnished,310.9,1709.93,81.46,16.84,2119.13
Rio de Janeiro,93.1,3,2,0,19,not acept,not furnished,392.1,3937.49,147.29,44.96,4521.84
Curitiba,83.8,2,3,1,13,not acept,not furnished,380.33,2556.51,97.42,15.34,3049.6
Belo Horizonte,21.3,4,4,1,1,not acept,not furnished,231.6,1481.14,22.81,13.89,1749.44
Rio de Janeiro,87.9,5,5,2,28,acept,furnished,691.03,4016.79,65.31,28.01,4801.14
Rio de Janeiro,169.6,3,2,1,9,acept,furnished,551.36,5763.14,232.74,53.31,6600.55
Porto Alegre,50.1,3,2,1,7,acept,not furnished,138.92,1455.34,55.72,20.96,1670.94
Sao Paulo,145.9,3,4,1,20,acept,not furnished,713.11,6080.83,115.48,82.6,6992.02
Curitiba,36.3,3,4,1,10,acept,not furnished,117.98,1277.22,23.37,12.5,1431.07
Fortaleza,45.4,4,4,0,2,not acept,not furnished,184.06,1624.92,28.74,16.99,1854.71
Sao Paulo,86.1,2,1,2,17,acept,not furnished,490.37,3240.6,57.18,22.74,3810.89
Sao Paulo,151.0,1,1,2,0,acept,furnished,681.71,5186.06,61.9,36.16,5965.83
Curitiba,100.7,4,3,3,18,acept,not furnished,210.35,1819.05,68.72,20.93,2119.05
Rio de Janeiro,202.0,2,3,2,26,not acept,not furnished,738.87,6141.04,177.93,53.19,7111.03
Rio de Janeiro,158.3,3,4,2,6,not acept,furnished,488.43,4520.52,55.17,62.0,5126.12
Sao Paulo,77.0,2,2,0,26,acept,not furnished,438.38,3277.79,103.36,43.11,3862.64
Belo Horizonte,26.4,5,4,2,5,acept,not furnished,219.74,1626.63,19.28,21.71,1887.36
Sao Paulo,120.8,3,4,1,4,acept,not furnished,753.71,4019.24,142.96,35.2,4951.11
Rio de Janeiro,99.8,4,3,0,21,acept,furnished,659.81,4119.69,155.44,56.1,4991.04
Porto Alegre,95.1,5,6,1,0,not acept,not furnished,328.96,2113.18,84.17,17.68,2543.99
Sao Paulo,158.9,1,1,1,0,not acept,not furnished,547.76,4916.09,149.71,56.98,5670.54
Rio de Janeiro,67.3,2,2,1,12,not acept,furnished,488.83,4042.51,154.65,33.7,4719.69
Recife,53.1,3,4,2,0,acept,furnished,79.86,432.44,16.41,5.72,534.43
Curitiba,38.2,4,5,2,14,acept,not furnished,261.57,1768.18,76.94,14.85,2121.54
Salvador,67.7,2,2,0,19,not acept,not furnished,201.64,1984.25,74.12,28.27,2288.28
Rio de Janeiro,155.9,4,4,1,5,acept,furnished,813.35,4865.47,56.44,64.6,5799.86
Porto Alegre,77.4,2,1,0,27,acept,not furnished,287.3,3275.63,61.81,38.55,3663.29
Sao Paulo,150.7,4,5,1,4,not acept,not furnished,1037.89,5543.72,133.78,35.17,6750.56
Sao Paulo,79.6,3,2,0,5,acept,not furnished,517.01,3552.48,61.88,45.12,4176.49
Sao Paulo,20.9,3,2,1,28,acept,not furnished,148.73,752.47,30.02,9.54,940.76
Rio de Janeiro,69.0,2,1,0,20,not acept,furnished,213.05,1882.62,39.57,25.74,2160.98
Salvador,51.6,1,2,2,15,not acept,not furnished,148.19,1589.19,49.22,13.7,1800.3
Rio de Janeiro,120.3,2,2,2,8,not acept,furnished,867.66,6251.7,138.91,61.82,7320.09
Curitiba,48.6,2,1,0,23,not acept,not furnished,229.56,1575.38,58.54,9.53,1873.01
Curitiba,96.7,3,4,2,17,acept,not furnished,445.09,2612.52,96.72,30.15,3184.48
Belo Horizonte,84.2,3,2,0,9,not acept,furnished,547.54,3599.42,176.03,45.67,4368.66
Rio de Janeiro,111.1,2,2,1,25,acept,not furnished,468.78,3655.11,126.16,38.72,4288.77
Belo Horizonte,19.1,2,2,1,24,acept,furnished,85.86,838.89,36.24,8.27,969.26
Rio de Janeiro,111.2,4,5,1,29,not acept,furnished,768.7,39693.38438953248,160.81,50.92,5100.6
Sao Paulo,35.7,3,4,0,30,acept,not furnished,251.04,2136.15,22.34,24.14,2433.67
Recife,83.1,1,1,1,0,acept,not furnished,161.71,1531.14,32.1,19.91,1744.86
Sao Paulo,89.9,4,5,1,8,acept,furnished,292.88,2621.75,31.74,20.49,2966.86
Sao Paulo,191.0,5,5,1,4,acept,not furnished,968.25,6652.53,74.09,80.61,7775.48
Fortaleza,42.4,4,3,2,4,not acept,furnished,107.02,1310.87,44.0,9.06,1470.95
Rio de Janeiro,82.6,4,4,2,26,not acept,not furnished,604.42,3492.49,61.32,46.61,4204.84
Curitiba,56.0,3,2,2,30,not acept,not furnished,287.32,1641.2,55.72,20.56,2004.8
Rio de Janeiro,125.0,2,3,1,29,acept,furnished,972.29,5253.31,130.98,61.61,6418.19
Rio de Janeiro,101.8,3,2,0,20,not acept,not furnished,551.29,3096.3,146.52,24.68,3818.79
Sao Paulo,93.7,3,3,1,16,acept,furnished,370.86,4094.49,72.79,31.25,4569.39
Rio de Janeiro,43.6,2,3,1,18,acept,not furnished,296.76,2066.99,62.43,28.63,2454.81
Rio de Janeiro,201.9,2,3,3,26,acept,not furnished,721.47,7203.32,206.15,68.43,8199.37
Porto Alegre,124.0,2,2,1,0,not acept,furnished,352.07,3805.33,79.92,43.23,4280.55
Belo Horizonte,62.6,3,4,1,11,not acept,furnished,165.09,2052.26,51.59,11.02,2279.96
Recife,18.4,2,2,1,14,acept,not furnished,148.41,1773.78,21.62,18.82,1962.63
Sao Paulo,29.7,3,2,2,28,acept,not furnished,123.05,1006.45,11.8,6.65,1147.95
Belo Horizonte,86.9,4,3,1,3,not acept,not furnished,141.17,15091.528491290535,21.5,17.68,1897.93
Belo Horizonte,92.9,2,3,0,22,acept,not furnished,247.97,1887.08,68.54,13.86,2217.45
Fortaleza,74.4,5,5,0,28,not acept,not furnished,121.47,1266.53,18.13,18.94,1425.07
Sao Paulo,145.9,3,3,2,23,acept,not furnished,842.96,4711.56,124.42,42.82,5721.76
Belo Horizonte,58.4,1,1,2,0,not acept,not furnished,206.32,1639.41,48.31,18.42,1912.46
Salvador,84.8,1,1,1,19,not acept,not furnished,481.14,3069.54,86.86,33.74,3671.28
Sao Paulo,86.2,2,3,2,4,not acept,not furnished,435.97,3189.09,35.86,27.52,3688.44
Fortaleza,95.2,2,2,2,17,not acept,not furnished,368.82,2734.08,64.43,18.31,3185.64
Sao Paulo,189.3,4,5,2,16,acept,not furnished,876.72,6405.82,312.03,76.01,7670.58
Porto Alegre,66.6,3,4,2,29,acept,not furnished,230.83,2033.42,66.83,11.23,2342.31
Fortaleza,62.2,4,5,0,4,not acept,furnished,248.16,2616.53,64.45,31.72,2960.86
Curitiba,112.1,3,3,3,0,not acept,not furnished,682.78,3668.68,138.57,39.27,4529.3
Rio de Janeiro,29.1,2,1,3,18,acept,not furnished,68.2,400.0,9.17,4.35,481.72
Sao Paulo,60.3,2,2,0,9,not acept,furnished,206.14,1872.38,76.53,26.6,2181.65
Fortaleza,70.3,3,3,0,22,not acept,not furnished,182.95,18837.608352402844,61.58,27.39,2502.98
Rio de Janeiro,136.7,3,3,1,30,not acept,not furnished,576.04,4015.52,165.07,59.84,4816.47
Sao Paulo,99.0,2,3,0,11,not acept,furnished,328.08,3615.13,147.67,32.31,4123.19
Curitiba,134.1,4,5,2,2,acept,not furnished,572.53,3463.02,80.87,41.52,4157.94
Rio de Janeiro,52.2,3,3,2,16,acept,not furnished,179.96,1541.33,38.25,9.75,1769.29
Sao Paulo,39.0,4,5,2,9,not acept,furnished,344.13,2285.91,67.1,31.33,2728.47
Sao Paulo,128.6,3,4,3,24,acept,not furnished,590.26,4446.25,150.92,52.64,5240.07
Sao Paulo,160.5,2,1,3,15,not acept,not furnished,531.7,5861.0,283.33,56.7,6732.73
Belo Horizonte,60.8,3,3,1,27,not acept,not furnished,390.7,1979.35,73.01,20.58,2463.64
Curitiba,26.6,2,2,1,25,not acept,not furnished,115.27,20983.516372351918,32.2,10.21,1595.85
Belo Horizonte,77.7,3,4,2,28,acept,furnished,725.57,3780.01,141.56,54.93,4702.07
Salvador,88.9,2,2,1,7,not acept,not furnished,440.07,2686.86,45.93,28.68,3201.54
Salvador,28.9,1,1,2,27,not acept,not furnished,93.2,639.35,19.74,3.26,755.55
Belo Horizonte,81.9,2,2,2,26,acept,furnished,519.52,2895.7,87.3,24.71,3527.23
Sao Paulo,82.5,2,2,1,18,not acept,not furnished,295.73,3544.62,54.27,32.46,3927.08
Curitiba,102.1,1,2,1,28,acept,not furnished,351.69,,111.51,33.58,4142.99
Rio de Janeiro,62.7,4,3,2,0,not acept,not furnished,284.87,1874.89,72.45,24.22,2256.43
Belo Horizonte,21.9,3,4,1,23,not acept,not furnished,206.0,1431.5,42.57,19.31,1699.38
Curitiba,41.7,2,1,1,2,acept,furnished,331.28,2269.8,59.06,27.01,2687.15
Rio de Janeiro,68.5,3,3,1,9,not acept,not furnished,334.17,21608.882541947627,66.69,15.84,2248.34
Fortaleza,68.5,3,3,0,21,acept,furnished,265.36,1659.1,49.21,15.6,1989.27
Sao Paulo,30.1,1,1,1,4,acept,not furnished,277.0,24137.378199501654,53.12,26.13,2618.13
Curitiba,107.1,3,3,2,5,not acept,not furnished,374.41,2448.77,68.17,27.83,2919.18
Sao Paulo,200.2,3,3,0,4,not acept,furnished,868.88,5311.57,69.69,71.85,6321.99
Fortaleza,57.1,4,4,1,12,not acept,furnished,214.59,2079.68,88.36,30.46,2413.09
Sao Paulo,20.0,3,3,0,0,not acept,not furnished,33.27,400.0,9.49,3.27,446.03
Sao Paulo,109.1,1,1,1,27,not acept,not furnished,576.38,4103.6,142.6,45.71,4868.29
Rio de Janeiro,84.2,2,3,0,21,acept,not furnished,482.18,2994.83,96.62,24.06,3597.69
Rio de Janeiro,125.5,3,3,2,14,acept,furnished,607.43,3296.89,57.74,37.27,3999.33
Sao Paulo,92.9,1,1,2,0,acept,furnished,495.15,,79.78,32.56,3911.85
Belo Horizonte,65.3,4,4,0,1,acept,not furnished,261.27,1736.49,84.41,18.08,2100.25
Rio de Janeiro,93.4,1,1,1,0,not acept,furnished,592.76,4210.55,166.03,35.15,5004.49
Sao Paulo,18.0,1,1,0,0,acept,not furnished,76.38,400.0,10.58,4.86,491.82
Rio de Janeiro,76.9,1,2,0,19,not acept,not furnished,500.93,2735.64,125.2,39.92,3401.69
Salvador,54.8,3,2,1,14,not acept,not furnished,128.73,913.16,30.54,5.14,1077.57
Curitiba,118.8,3,2,1,10,not acept,not furnished,508.88,3156.74,138.44,47.26,3851.32
Porto Alegre,96.8,1,1,1,9,not acept,not furnished,470.88,2974.93,92.31,27.34,3565.46
Curitiba,69.9,4,3,1,13,acept,furnished,146.19,1332.09,62.95,8.69,1549.92
Rio de Janeiro,46.3,2,2,2,13,not acept,not furnished,196.22,1808.55,78.55,15.21,2098.53
Sao Paulo,160.1,2,3,2,2,acept,not furnished,1013.92,5072.42,66.95,36.21,6189.5
Sao Paulo,130.0,2,3,1,15,not acept,not furnished,863.24,4830.03,180.25,65.6,5939.12
Salvador,89.1,4,3,2,0,not acept,not furnished,228.0,1344.8,37.42,9.46,1619.68
Recife,44.5,3,2,2,28,not acept,furnished,352.85,1847.81,29.62,11.87,2242.15
Rio de Janeiro,65.7,3,3,2,21,not acept,furnished,389.67,2326.6,97.81,27.64,2841.72
Sao Paulo,118.4,1,1,1,0,not acept,not furnished,733.26,4156.44,123.07,62.14,5074.91
Sao Paulo,163.5,3,4,1,7,acept,furnished,569.56,4970.41,89.9,63.02,5692.89
Rio de Janeiro,66.8,3,2,1,30,acept,not furnished,325.22,2307.42,53.07,11.96,2697.67
Belo Horizonte,49.2,2,3,1,0,not acept,furnished,216.43,1648.57,27.56,11.93,1904.49
Sao Paulo,68.8,2,2,1,2,not acept,furnished,375.73,3154.42,108.9,41.38,3680.43
Recife,20.5,4,5,2,13,not acept,furnished,118.32,700.0,24.79,6.95,850.06
Rio de Janeiro,147.1,1,1,1,9,not acept,furnished,575.28,4263.39,92.87,25.34,4956.88
Fortaleza,46.1,3,4,1,30,acept,furnished,397.53,2094.25,44.2,27.84,2563.82
Porto Alegre,18.0,2,3,0,15,not acept,furnished,134.07,1047.87,15.13,14.19,1211.26
Porto Alegre,63.2,3,2,2,29,acept,furnished,125.52,946.5,46.39,10.0,1128.41
Belo Horizonte,55.7,2,2,2,10,acept,furnished,493.49,2641.01,59.61,24.94,3219.05
Curitiba,21.2,2,3,1,6,not acept,not furnished,111.96,1340.14,45.51,18.38,1515.99
Curitiba,74.6,3,2,0,7,not acept,not furnished,240.21,1690.7,29.69,20.7,1981.3
Curitiba,35.9,5,6,3,18,not acept,furnished,311.66,2835.98,110.07,22.59,3280.3
Belo Horizonte,96.6,5,6,1,17,acept,not furnished,549.67,4179.41,152.19,21.49,4902.76
Recife,62.6,2,3,0,16,not acept,furnished,251.9,1572.37,23.48,15.36,1863.11
Porto Alegre,57.8,1,1,1,3,acept,not furnished,363.16,2352.88,25.22,15.31,2756.57
Porto Alegre,18.0,3,4,2,6,acept,not furnished,115.25,953.34,10.37,9.19,1088.15
Fortaleza,27.7,2,1,0,7,acept,not furnished,114.12,965.45,20.81,9.47,1109.85
Sao Paulo,115.4,3,2,1,26,acept,furnished,591.08,4767.02,126.06,53.47,5537.63
Sao Paulo,85.5,3,4,1,24,not acept,not furnished,629.21,3729.42,186.29,24.27,4569.19
Rio de Janeiro,129.6,3,3,2,4,not acept,furnished,563.77,4220.62,204.29,42.75,5031.43
Belo Horizonte,52.2,3,2,0,2,acept,not furnished,190.45,1953.49,31.89,21.85,2197.68
Salvador,75.6,1,1,3,1,acept,not furnished,354.12,1862.25,67.49,13.48,2297.34
Rio de Janeiro,82.1,3,3,0,0,not acept,not furnished,225.06,1857.92,35.53,27.44,2145.95
Belo Horizonte,71.4,3,2,1,30,acept,not furnished,334.22,2479.1,27.41,16.75,2857.48
Belo Horizonte,67.6,4,3,1,24,acept,not furnished,449.89,3191.91,112.8,39.92,3794.52
Sao Paulo,144.0,1,1,0,0,not acept,furnished,894.78,5394.01,92.42,40.88,6422.09
Belo Horizonte,45.2,2,3,1,0,acept,not furnished,143.75,1258.09,28.2,11.62,1441.66
Salvador,53.9,5,5,0,20,not acept,not furnished,347.19,2012.48,39.91,26.23,2425.81
Sao Paulo,141.5,3,2,2,8,not acept,not furnished,430.11,5353.07,98.66,60.64,5942.48
Belo Horizonte,64.3,4,4,0,0,not acept,not furnished,395.88,2343.29,26.48,34.44,2800.09
Belo Horizonte,54.3,3,2,1,13,acept,not furnished,154.91,1546.77,63.16,13.84,1778.68
Sao Paulo,68.4,4,5,1,0,not acept,not furnished,350.36,3426.08,69.49,41.54,3887.47
Sao Paulo,31.7,2,3,3,11,not acept,furnished,85.87,592.32,29.14,5.88,713.21
Recife,29.0,1,2,2,5,not acept,not furnished,95.99,821.17,40.67,6.43,964.26
Rio de Janeiro,86.4,4,5,2,6,not acept,not furnished,317.3,3282.43,147.14,18.75,3765.62
Sao Paulo,212.8,4,5,2,7,acept,furnished,881.94,8663.94,399.79,106.8,10052.47
Sao Paulo,153.1,3,2,2,7,acept,not furnished,975.42,64701.944817290976,60.15,33.37,6229.08
Curitiba,58.7,3,3,0,0,acept,not furnished,341.13,15119.070521080215,77.53,21.98,2509.1
Belo Horizonte,119.3,4,5,3,16,not acept,not furnished,336.42,3412.69,48.23,47.97,3845.31
Curitiba,125.9,2,1,2,15,acept,not furnished,751.06,4251.99,116.68,24.55,5144.28
Sao Paulo,54.7,3,3,2,19,not acept,not furnished,432.83,2221.51,63.48,25.06,2742.88
Fortaleza,37.3,1,1,1,2,acept,furnished,74.72,809.78,9.47,4.32,898.29
Rio de Janeiro,18.0,1,2,1,30,acept,furnished,440.74,2668.04,68.13,33.77,3210.68
Rio de Janeiro,185.6,2,3,1,2,acept,furnished,962.72,8568.26,182.57,91.81,9805.36
Rio de Janeiro,100.1,4,4,1,24,acept,not furnished,337.26,2335.11,78.5,21.8,2772.67
Rio de Janeiro,62.4,3,3,0,5,not acept,furnished,174.52,1623.74,45.31,13.35,1856.92
Salvador,18.0,5,4,2,12,acept,not furnished,132.03,1359.42,47.38,17.73,1556.56
Fortaleza,98.3,1,2,2,8,not acept,not furnished,408.41,2794.0,28.17,36.64,3267.22
Rio de Janeiro,138.2,2,2,0,7,not acept,furnished,922.87,5133.01,210.19,64.25,6330.32
Salvador,39.6,2,2,1,13,acept,furnished,480.99,2455.52,74.65,31.36,3042.52
Porto Alegre,41.3,1,2,2,5,acept,not furnished,371.01,2094.87,34.82,21.53,2522.23
Fortaleza,26.2,2,1,1,15,acept,not furnished,69.82,627.74,16.34,3.56,717.46
Sao Paulo,160.5,2,1,3,6,acept,furnished,1042.63,6661.93,157.67,38.14,7900.37
Belo Horizonte,31.8,2,3,0,30,not acept,furnished,198.71,2061.13,91.32,21.18,2372.34
Sao Paulo,124.1,1,1,2,5,not acept,furnished,579.84,4477.01,193.13,38.82,5288.8
Salvador,79.3,3,2,2,23,not acept,not furnished,234.23,2393.65,39.21,25.41,2692.5
Sao Paulo,63.8,4,3,3,13,not acept,not furnished,463.62,2686.82,117.91,18.5,3286.85
Belo Horizonte,96.7,3,3,0,0,not acept,not furnished,275.84,2815.86,96.74,41.96,3230.4
Rio de Janeiro,75.5,4,4,1,2,acept,not furnished,497.27,2942.01,58.85,35.8,3533.93
Rio de Janeiro,134.3,4,3,1,28,acept,furnished,488.42,5297.24,250.35,38.07,6074.08
Curitiba,84.3,2,3,2,25,not acept,not furnished,442.6,3045.93,75.7,37.16,3601.39
Salvador,61.2,3,4,2,2,acept,not furnished,106.33,1014.35,42.32,7.69,1170.69
Belo Horizonte,48.9,3,4,0,0,acept,not furnished,216.14,2208.06,81.3,24.55,2530.05
Salvador,18.0,2,1,0,2,acept,not furnished,100.3,756.9,31.66,4.65,893.51
Sao Paulo,127.9,4,5,1,17,acept,furnished,764.96,3910.14,53.86,29.97,4758.93
Belo Horizonte,73.9,3,3,0,18,not acept,not furnished,142.36,1573.8,28.86,11.21,1756.23
Rio de Janeiro,62.2,1,2,1,10,not acept,not furnished,400.36,3003.85,115.83,15.73,3535.77
Sao Paulo,58.6,3,4,2,7,acept,furnished,285.27,3130.96,49.74,45.32,3511.29
Belo Horizonte,20.3,3,3,1,4,not acept,furnished,171.17,1566.95,62.73,9.63,1810.48
Curitiba,41.7,3,3,2,12,acept,furnished,52.57,466.68,10.4,5.64,535.29
Belo Horizonte,51.7,2,1,1,0,not acept,not furnished,322.5,2289.92,78.13,25.63,2716.18
Porto Alegre,45.8,3,2,1,0,not acept,not furnished,380.52,2188.49,53.91,18.86,2641.78
Belo Horizonte,70.6,2,1,1,24,acept,not furnished,48.06,400.0,13.6,4.11,465.77
Sao Paulo,106.5,5,4,2,15,acept,not furnished,719.04,4141.28,144.17,36.42,5040.91
Sao Paulo,18.0,4,3,1,23,not acept,furnished,39.23,478.71,13.1,6.14,537.18
Belo Horizonte,132.6,3,3,0,1,not acept,furnished,378.5,4367.33,206.06,63.23,5015.12
Sao Paulo,125.0,2,2,1,24,acept,not furnished,517.32,5155.79,252.03,72.32,5997.46
Sao Paulo,195.2,2,2,1,28,acept,not furnished,871.67,6517.95,301.34,58.97,7749.93
Rio de Janeiro,128.4,2,3,0,15,not acept,not furnished,519.2,4182.39,164.79,47.6,4913.98
Belo Horizonte,18.0,3,4,0,1,not acept,not furnished,124.09,743.71,11.11,5.83,884.74
Rio de Janeiro,82.4,1,2,0,1,acept,furnished,555.42,2789.12,131.35,28.04,3503.93
Porto Alegre,20.1,3,2,1,4,acept,furnished,176.67,1005.07,35.65,8.44,1225.83
Curitiba,76.5,2,3,1,3,not acept,furnished,466.64,2619.88,36.44,22.17,3145.13
Rio de Janeiro,100.1,3,2,0,29,not acept,not furnished,836.23,4212.01,153.7,34.52,5236.46
Porto Alegre,69.0,1,1,0,24,acept,furnished,510.61,3767.52,91.19,28.43,4397.75
Curitiba,85.9,2,1,1,8,not acept,furnished,753.4,3844.11,177.53,38.89,4813.93
Curitiba,74.9,3,2,1,24,not acept,furnished,423.58,2822.16,108.87,32.13,3386.74
Belo Horizonte,78.6,3,4,1,23,acept,furnished,446.86,2771.87,95.61,40.34,3354.68
Sao Paulo,144.4,3,3,1,9,acept,not furnished,376.42,4504.63,86.18,31.82,4999.05
Curitiba,53.7,3,2,2,0,acept,not furnished,376.52,2764.62,121.61,27.07,3289.82
Rio de Janeiro,91.7,4,5,1,0,not acept,not furnished,710.08,3604.7,169.01,43.08,4526.87
Recife,20.0,1,1,1,8,not acept,not furnished,172.91,901.33,31.76,9.37,1115.37
Salvador,60.3,2,1,2,0,acept,not furnished,244.88,1937.43,88.99,24.11,2295.41
Belo Horizonte,113.3,3,3,2,1,not acept,not furnished,453.21,3050.42,53.06,33.61,3590.3
Sao Paulo,136.2,4,3,2,6,acept,not furnished,801.02,4405.31,129.28,42.72,5378.33
Sao Paulo,128.8,3,3,1,3,not acept,not furnished,467.36,3971.56,60.3,40.42,4539.64
Rio de Janeiro,111.2,3,4,2,2,not acept,furnished,464.9,4380.47,175.27,32.79,5053.43
Rio de Janeiro,172.7,1,1,1,6,not acept,not furnished,628.54,,173.79,32.19,7262.49
Sao Paulo,156.3,3,3,2,22,acept,furnished,755.32,7935.43,367.93,43.8,9102.48
Belo Horizonte,109.7,2,1,1,12,not acept,furnished,651.58,3484.39,162.97,47.18,4346.12
Sao Paulo,18.0,3,2,2,19,not acept,not furnished,59.82,400.0,12.43,2.55,474.8
Recife,68.3,2,1,1,28,not acept,not furnished,319.71,2215.1,31.12,12.25,2578.18
Sao Paulo,130.7,2,2,1,0,acept,not furnished,451.39,4480.68,107.5,64.57,5104.14
Fortaleza,71.2,1,2,1,29,not acept,not furnished,106.47,834.03,38.48,11.6,990.58
Fortaleza,44.3,1,1,1,6,not acept,not furnished,248.07,1247.52,39.03,7.12,1541.74
Belo Horizonte,18.0,2,3,2,7,not acept,not furnished,209.26,1517.84,22.89,7.81,1757.8
Porto Alegre,18.0,2,2,0,18,not acept,not furnished,105.03,1214.16,15.48,7.52,1342.19
Rio de Janeiro,126.1,3,3,2,9,acept,furnished,679.17,5315.3,253.0,54.71,6302.18
Curitiba,29.7,3,4,2,0,not acept,not furnished,154.47,1785.91,71.03,15.49,2026.9
Rio de Janeiro,81.1,1,2,1,21,not acept,not furnished,528.34,,112.52,35.04,4016.95
Rio de Janeiro,140.0,3,4,0,3,not acept,not furnished,611.01,4688.53,56.11,41.61,5397.26
Belo Horizonte,62.3,4,4,2,28,not acept,not furnished,155.78,1585.36,58.12,17.75,1817.01
Rio de Janeiro,92.2,3,4,2,30,acept,furnished,722.05,3974.96,188.46,52.22,4937.69
Belo Horizonte,21.0,3,2,1,3,acept,not furnished,118.15,783.63,19.93,9.91,931.62
Sao Paulo,151.8,3,2,2,22,acept,furnished,670.0,4847.24,198.18,30.06,5745.48
Rio de Janeiro,104.8,2,1,2,30,not acept,not furnished,362.72,2072.16,83.03,20.7,2538.61
Sao Paulo,106.8,1,1,1,29,not acept,furnished,762.51,5121.67,212.65,75.93,6172.76
Sao Paulo,93.5,1,2,0,16,not acept,not furnished,200.14,2278.64,59.2,29.21,2567.19
Sao Paulo,172.9,2,3,2,8,not acept,furnished,832.26,7501.48,268.49,88.42,8690.65
Sao Paulo,93.0,3,2,1,0,not acept,not furnished,605.69,4069.85,54.43,40.77,4770.74
Sao Paulo,156.8,2,3,1,27,acept,not furnished,572.51,6178.6,119.68,78.61,6949.4
Salvador,96.6,4,3,1,0,not acept,not furnished,267.71,2433.56,55.61,25.72,2782.6
Sao Paulo,130.4,4,4,2,16,not acept,not furnished,593.78,3886.68,162.42,49.1,4691.98
Curitiba,123.9,3,4,2,3,acept,furnished,969.14,5072.15,186.91,64.46,6292.66
Sao Paulo,98.2,3,3,1,5,acept,not furnished,584.95,3484.46,94.07,25.31,4188.79
Fortaleza,18.0,1,2,2,0,not acept,furnished,180.6,1281.68,33.35,8.72,1504.35
Rio de Janeiro,107.1,3,4,1,0,acept,not furnished,407.34,3863.61,107.92,38.22,4417.09
Rio de Janeiro,75.7,4,5,2,9,not acept,furnished,471.86,4576.27,144.72,55.12,5247.97
Belo Horizonte,78.2,1,1,2,26,not acept,not furnished,349.15,2016.64,64.51,24.81,2455.11
Rio de Janeiro,43.8,2,2,1,16,not acept,furnished,350.16,1831.53,54.33,18.95,2254.97
Belo Horizonte,18.0,1,1,2,15,not acept,not furnished,40.7,430.85,14.56,4.87,490.98
Sao Paulo,143.9,3,3,3,18,acept,not furnished,846.05,5253.79,100.98,67.88,6268.7
Recife,94.7,1,1,2,15,not acept,furnished,624.98,3734.72,123.73,50.84,4534.27
Rio de Janeiro,92.6,3,2,1,7,acept,furnished,692.47,4903.1,241.11,49.05,5885.73
Rio de Janeiro,60.3,3,3,1,26,not acept,not furnished,314.0,2622.34,65.17,17.46,3018.97
Curitiba,48.6,2,2,0,13,not acept,furnished,216.86,1314.23,16.97,15.61,1563.67
Rio de Janeiro,136.5,3,2,3,22,not acept,furnished,748.37,69114.87040062608,248.29,37.91,6582.75
Salvador,40.3,1,1,2,28,not acept,furnished,175.88,1302.62,49.49,9.39,1537.38
Rio de Janeiro,37.9,1,1,1,0,not acept,furnished,40.03,434.08,20.03,5.57,499.71
Curitiba,18.0,2,3,0,13,acept,not furnished,155.86,9008.404833801887,44.46,9.79,1211.96
Sao Paulo,118.6,3,4,2,17,not acept,not furnished,364.44,4007.53,172.0,35.68,4579.65
Salvador,27.7,4,4,2,14,not acept,not furnished,198.1,1745.44,18.17,15.2,1976.91
Porto Alegre,50.9,2,3,1,27,not acept,not furnished,301.11,2963.35,127.98,37.34,3429.78
Sao Paulo,30.1,1,1,3,29,not acept,furnished,255.15,,24.99,11.96,1611.26
Sao Paulo,68.0,4,3,1,2,not acept,not furnished,136.62,1524.38,20.62,14.53,1696.15
Rio de Janeiro,72.1,3,2,2,7,not acept,not furnished,194.13,1432.68,27.78,11.11,1665.7
Recife,94.6,2,1,1,6,acept,not furnished,375.48,2445.29,107.04,26.43,2954.24
Sao Paulo,207.2,3,4,1,14,not acept,furnished,1140.92,8393.77,365.24,104.08,10004.01
Rio de Janeiro,46.0,4,3,1,10,not acept,furnished,330.55,2073.44,53.91,16.96,2474.86
Sao Paulo,65.2,1,1,0,9,acept,not furnished,232.92,2780.0,96.43,38.0,3147.35
Rio de Janeiro,91.7,1,1,1,15,not acept,furnished,748.24,3911.68,144.57,20.09,4824.58
Belo Horizonte,35.7,2,2,0,14,not acept,furnished,197.18,1608.71,56.88,8.43,1871.2
Recife,79.0,3,3,1,13,acept,not furnished,276.45,2095.26,70.27,16.11,2458.09
Belo Horizonte,18.0,2,2,2,1,not acept,not furnished,95.02,657.37,28.52,8.95,789.86
Salvador,24.7,4,3,2,15,not acept,furnished,305.61,1942.61,47.56,16.73,2312.51
Belo Horizonte,59.9,3,3,0,0,acept,not furnished,189.4,1992.26,47.43,11.46,2240.55
Sao Paulo,136.8,3,4,1,18,acept,not furnished,587.2,4733.9,114.04,53.44,5488.58
Rio de Janeiro,93.9,1,2,0,18,not acept,not furnished,284.68,1878.58,38.44,15.35,2217.05
Belo Horizonte,92.4,5,6,2,6,not acept,not furnished,408.0,2846.21,133.02,18.09,3405.32
Recife,74.1,3,3,0,2,not acept,not furnished,208.9,2423.48,44.74,26.4,2703.52
Salvador,80.1,3,2,2,24,not acept,furnished,571.94,3364.19,129.91,20.09,4086.13
Sao Paulo,121.4,5,5,0,23,acept,not furnished,480.86,3803.15,142.92,36.12,4463.05
Sao Paulo,219.9,4,5,1,29,not acept,not furnished,546.49,6637.44,265.76,97.17,7546.86
Sao Paulo,149.4,3,3,1,12,not acept,not furnished,854.65,4867.13,176.77,50.75,5949.3
Fortaleza,79.3,2,3,1,8,not acept,not furnished,168.42,2087.23,25.98,20.23,2301.86
Salvador,74.5,1,1,1,7,acept,furnished,338.25,3244.36,60.92,17.29,3660.82
Porto Alegre,96.0,4,3,1,3,not acept,not furnished,520.93,3120.35,150.6,35.48,3827.36
Rio de Janeiro,147.0,4,3,1,9,not acept,furnished,682.7,4516.04,82.53,37.59,5318.86
Belo Horizonte,97.5,2,1,0,1,acept,not furnished,407.44,2772.36,64.78,33.62,3278.2
Rio de Janeiro,104.7,3,2,1,26,not acept,furnished,458.15,3253.61,156.64,47.47,3915.87
Sao Paulo,146.9,3,3,2,9,acept,furnished,1164.35,5971.69,281.14,48.61,7465.79
Belo Horizonte,140.1,2,1,1,15,acept,furnished,312.8,3588.93,75.32,44.61,4021.66
Sao Paulo,32.4,3,3,2,0,acept,not furnished,229.74,1695.94,53.96,20.24,1999.88
Sao Paulo,255.2,2,3,0,7,acept,furnished,1890.45,9633.14,170.32,118.92,11812.83
Fortaleza,47.2,3,4,2,5,not acept,not furnished,193.29,1733.61,56.24,22.41,2005.55
Porto Alegre,138.7,2,1,1,27,not acept,not furnished,254.12,3027.17,54.95,20.35,3356.59
Rio de Janeiro,61.0,3,3,1,3,not acept,not furnished,301.82,2202.22,77.51,25.17,2606.72
Belo Horizonte,65.6,2,1,0,24,not acept,not furnished,307.83,1784.35,25.77,19.03,2136.98
Rio de Janeiro,176.2,1,2,0,7,acept,furnished,628.66,6037.13,147.96,44.02,6857.77
Porto Alegre,126.1,1,1,1,4,not acept,not furnished,291.14,2651.71,108.95,21.45,3073.25
Porto Alegre,26.5,3,4,2,0,acept,not furnished,150.15,1511.46,45.23,10.94,1717.78
Porto Alegre,95.3,2,2,3,7,acept,not furnished,399.97,3248.94,156.2,33.88,3838.99
Porto Alegre,18.0,3,4,2,0,acept,not furnished,154.59,830.45,21.13,4.77,1010.94
Sao Paulo,108.8,2,1,1,9,not acept,furnished,521.32,4995.12,229.87,30.74,5777.05
Rio de Janeiro,43.8,3,2,1,0,acept,furnished,213.91,1918.61,79.23,24.39,2236.14
Rio de Janeiro,58.5,3,2,2,0,not acept,not furnished,298.48,1603.2,64.54,12.43,1978.65
Rio de Janeiro,18.0,2,3,3,9,acept,not furnished,76.59,400.0,11.59,5.91,494.09
Porto Alegre,67.9,1,2,0,12,acept,not furnished,210.98,2441.58,73.41,33.05,2759.02
Rio de Janeiro,110.9,2,3,1,8,not acept,not furnished,701.27,4839.83,107.32,67.08,5715.5
Sao Paulo,65.9,3,2,2,0,not acept,not furnished,293.34,2538.04,117.79,15.85,2965.02
Rio de Janeiro,126.3,3,4,1,3,not acept,furnished,527.14,5257.27,99.22,53.78,5937.41
Recife,76.5,2,3,2,28,acept,furnished,543.07,3819.62,99.64,19.19,4481.52
Sao Paulo,72.6,3,2,0,16,acept,not furnished,223.61,1289.02,42.07,12.02,1566.72
Belo Horizonte,36.9,2,3,2,26,not acept,not furnished,81.7,812.23,16.68,11.02,921.63
Rio de Janeiro,18.0,2,2,1,0,acept,not furnished,205.69,1731.99,35.81,11.33,1984.82
Sao Paulo,107.3,3,4,2,0,acept,furnished,487.29,3286.69,81.4,25.83,3881.21
Rio de Janeiro,50.6,2,1,1,23,acept,not furnished,255.77,1367.34,57.32,14.67,1695.1
Curitiba,62.1,3,3,2,10,not acept,furnished,621.64,3326.07,49.29,31.14,4028.14
Belo Horizonte,85.7,5,4,2,9,not acept,not furnished,301.56,1895.01,66.6,15.17,2278.34
Fortaleza,53.5,1,1,1,5,acept,not furnished,346.04,2055.41,100.43,15.94,2517.82
Sao Paulo,116.2,3,2,3,3,acept,not furnished,423.43,4547.53,165.11,39.41,5175.48
Sao Paulo,188.1,4,4,0,25,not acept,not furnished,936.31,5804.65,162.73,69.85,6973.54
Fortaleza,52.7,2,2,2,0,acept,furnished,220.89,27205.305548130877,60.03,27.33,2145.37
Rio de Janeiro,21.6,2,1,2,14,not acept,furnished,318.43,1922.82,26.38,26.32,2293.95
Belo Horizonte,48.6,1,2,2,9,acept,furnished,176.61,1852.03,49.73,26.77,2105.14
Porto Alegre,101.4,3,3,1,6,acept,not furnished,435.43,,43.34,31.26,3413.26
Rio de Janeiro,123.2,3,2,2,23,not acept,not furnished,428.01,3477.25,76.65,38.05,4019.96
Curitiba,60.3,3,4,0,26,acept,not furnished,178.13,1356.51,33.51,7.97,1576.12
Sao Paulo,92.7,3,2,1,4,acept,furnished,233.27,2507.12,108.03,28.91,2877.33
Sao Paulo,67.9,3,3,3,0,acept,not furnished,614.69,3775.98,107.66,42.41,4540.74
Sao Paulo,162.3,1,1,3,10,not acept,furnished,943.79,5569.6,116.55,29.23,6659.17
Salvador,34.2,5,6,2,12,not acept,not furnished,140.11,1457.56,51.55,16.17,1665.39
Sao Paulo,61.9,2,2,0,0,not acept,not furnished,493.33,3512.82,130.46,25.86,4162.47
Curitiba,37.5,1,1,0,13,not acept,furnished,86.38,495.18,12.21,6.3,600.07
Recife,68.7,4,3,2,29,not acept,not furnished,118.18,1106.67,27.61,14.1,1266.56
Belo Horizonte,126.6,4,5,2,10,not acept,furnished,319.66,3511.82,153.42,42.17,4027.07
Belo Horizonte,18.0,3,4,1,27,not acept,furnished,313.54,1655.67,48.91,16.11,2034.23
Rio de Janeiro,35.9,1,2,3,25,acept,furnished,305.08,1778.17,71.7,24.85,2179.8
Rio de Janeiro,18.0,4,5,0,12,acept,furnished,50.52,433.73,6.7,5.4,496.35
Rio de Janeiro,56.9,3,2,1,21,not acept,not furnished,486.76,2897.48,79.9,27.46,3491.6
Belo Horizonte,28.8,3,2,1,4,not acept,not furnished,97.11,1163.56,18.72,16.39,1295.78
Recife,38.1,5,4,0,2,not acept,furnished,432.25,2442.77,27.71,24.21,2926.94
Fortaleza,54.3,2,1,3,0,not acept,not furnished,228.58,1804.58,68.41,10.25,2111.82
Salvador,39.4,3,4,1,0,acept,not furnished,205.13,1835.16,35.97,16.55,2092.81
Fortaleza,53.0,3,3,1,18,acept,furnished,79.77,757.99,25.05,9.24,872.05
Rio de Janeiro,138.6,2,1,1,27,acept,not furnished,536.96,4145.46,92.49,26.23,4801.14
Curitiba,60.0,1,1,2,30,not acept,furnished,409.25,2585.84,116.19,26.57,3137.85
Fortaleza,18.8,1,2,0,13,not acept,furnished,369.1,2105.19,85.04,27.99,2587.32
Rio de Janeiro,27.7,3,4,2,2,acept,furnished,146.57,1780.55,42.87,9.6,1979.59
Recife,21.6,2,2,0,0,acept,furnished,325.23,1686.21,37.87,13.75,2063.06
Rio de Janeiro,107.3,1,2,0,30,not acept,not furnished,667.52,3699.21,64.48,53.37,4484.58
Belo Horizonte,145.3,2,2,0,24,acept,not furnished,654.35,3353.58,81.59,50.29,4139.81
Curitiba,32.6,2,1,1,15,acept,furnished,139.32,1256.92,36.28,14.0,1446.52
Recife,51.3,1,2,1,5,acept,not furnished,179.02,1804.78,71.89,18.0,2073.69
Sao Paulo,34.4,2,3,1,14,not acept,furnished,422.7,2285.22,110.74,21.9,2840.56
Porto Alegre,44.1,4,4,1,25,not acept,furnished,212.83,2588.37,53.02,30.65,2884.87
Belo Horizonte,59.2,1,1,1,16,not acept,not furnished,291.33,2243.34,93.8,26.99,2655.46
Sao Paulo,96.8,3,3,1,30,acept,furnished,616.5,4685.73,106.83,30.43,5439.49
Porto Alegre,43.3,3,3,0,1,acept,not furnished,228.63,2133.85,55.8,12.89,2431.17
Belo Horizonte,90.9,3,3,2,30,acept,not furnished,241.98,2244.63,71.67,13.41,2571.69
Curitiba,79.6,2,3,1,17,not acept,furnished,507.2,3168.7,89.3,18.94,3784.14
Rio de Janeiro,98.4,4,4,0,16,acept,not furnished,523.7,4425.81,99.02,50.71,5099.24
Rio de Janeiro,144.0,3,2,1,9,not acept,furnished,653.57,7070.77,78.8,100.89,7904.03
Belo Horizonte,97.6,2,2,2,0,acept,not furnished,348.59,2891.69,121.44,41.79,3403.51
Rio de Janeiro,72.9,2,3,2,23,not acept,furnished,319.49,2281.61,66.83,24.54,2692.47
Sao Paulo,172.0,2,1,2,6,acept,furnished,494.46,5822.39,101.88,73.95,6492.68
Recife,50.4,2,3,2,9,not acept,furnished,385.63,1938.9,67.85,13.41,2405.79
Belo Horizonte,18.0,3,3,1,15,not acept,not furnished,269.96,1636.71,66.97,22.29,1995.93
Porto Alegre,43.9,2,3,1,0,not acept,not furnished,161.89,1729.51,64.83,11.21,1967.44
Rio de Janeiro,74.2,3,4,1,0,acept,not furnished,306.11,3593.09,116.54,21.12,4036.86
Rio de Janeiro,92.7,4,4,1,1,acept,not furnished,565.28,2841.48,50.02,23.24,3480.02
Rio de Janeiro,83.2,2,3,1,22,not acept,furnished,690.14,4449.47,91.51,49.36,5280.48
Rio de Janeiro,116.8,2,3,2,4,acept,not furnished,647.4,4259.61,59.83,21.69,4988.53
Belo Horizonte,18.0,3,4,2,14,not acept,not furnished,206.15,1933.49,36.53,26.77,2202.94
Belo Horizonte,101.9,3,2,3,3,not acept,not furnished,637.06,3444.21,60.37,23.16,4164.8
Rio de Janeiro,33.3,2,3,1,7,not acept,not furnished,79.83,902.81,42.12,8.81,1033.57
Sao Paulo,150.7,4,4,2,0,not acept,furnished,838.63,4877.89,70.52,40.64,5827.68
Rio de Janeiro,78.4,4,4,2,9,not acept,furnished,315.34,3284.5,156.79,31.02,3787.65
Sao Paulo,87.5,3,4,2,2,not acept,not furnished,466.09,2642.95,41.53,27.18,3177.75
Sao Paulo,50.4,2,2,2,16,acept,not furnished,252.72,2389.72,79.44,19.67,2741.55
Fortaleza,19.8,3,2,1,25,not acept,furnished,341.76,1735.14,30.52,22.36,2129.78
Belo Horizonte,139.7,3,3,1,26,not acept,furnished,454.28,4352.88,157.98,45.47,5010.61
Curitiba,25.0,2,2,1,28,acept,furnished,344.9,2267.8,98.02,32.27,2742.99
Rio de Janeiro,96.2,2,3,1,1,not acept,not furnished,682.21,3704.89,50.81,22.94,4460.85
Fortaleza,53.5,3,2,2,14,not acept,not furnished,319.67,2422.28,116.32,19.96,2878.23
Curitiba,83.6,2,1,1,1,acept,not furnished,388.54,2844.51,46.01,31.04,3310.1
Porto Alegre,45.5,2,2,1,7,not acept,not furnished,275.89,1425.18,40.47,17.26,1758.8
Rio de Janeiro,130.8,4,4,2,5,acept,not furnished,400.59,4517.8,214.21,54.46,5187.06
Recife,33.1,4,5,2,0,not acept,furnished,308.24,2178.94,98.6,22.84,2608.62
Salvador,96.8,3,4,1,28,acept,furnished,362.19,2827.45,40.26,27.96,3257.86
Salvador,40.1,2,1,1,23,not acept,not furnished,208.15,1492.08,51.9,13.0,1765.13
Sao Paulo,158.6,2,3,3,14,acept,furnished,775.55,6726.67,282.05,95.5,7879.77
Sao Paulo,128.5,3,2,2,9,acept,not furnished,433.0,4887.72,195.17,58.96,5574.85
Sao Paulo,201.3,3,2,2,11,acept,not furnished,770.37,7000.54,139.12,76.64,7986.67
Sao Paulo,158.2,3,3,2,4,not acept,furnished,615.44,7456.01,176.68,105.43,8353.56
Salvador,20.0,1,1,3,29,not acept,furnished,87.29,920.75,18.42,11.54,1038.0
Sao Paulo,111.9,3,2,1,7,acept,not furnished,467.24,4272.83,154.14,56.69,4950.9
Sao Paulo,143.4,4,3,2,0,acept,furnished,688.97,5967.64,177.25,85.83,6919.69
Sao Paulo,22.5,1,1,2,16,not acept,furnished,55.14,440.69,20.78,4.8,521.41
Sao Paulo,56.0,2,2,1,22,acept,furnished,492.82,2621.98,57.67,16.45,3188.92
Sao Paulo,223.9,3,4,3,30,acept,furnished,1027.34,6947.97,279.31,85.48,8340.1
Porto Alegre,54.7,3,4,1,18,not acept,not furnished,283.01,1510.83,21.51,22.35,1837.7
Belo Horizonte,40.1,1,1,1,3,acept,not furnished,140.53,1602.95,36.79,17.6,1797.87
Sao Paulo,42.9,4,5,2,10,acept,not furnished,324.96,2709.6,81.67,37.4,3153.63
Rio de Janeiro,101.3,1,2,0,8,acept,not furnished,422.31,3342.58,65.48,30.19,3860.56
Rio de Janeiro,84.4,4,3,0,0,not acept,furnished,226.01,2591.38,106.1,13.93,2937.42
Sao Paulo,73.4,1,1,3,10,not acept,not furnished,575.11,3015.06,120.08,37.61,3747.86
Curitiba,49.9,2,3,1,24,not acept,not furnished,323.7,2826.5,125.57,15.32,3291.09
Curitiba,83.6,4,4,0,11,not acept,not furnished,557.32,3206.68,104.07,46.46,3914.53
Porto Alegre,106.9,4,5,1,26,not acept,not furnished,386.66,2840.89,78.63,29.32,3335.5
Porto Alegre,56.4,5,4,2,22,acept,not furnished,340.65,2544.13,39.0,36.67,2960.45
Sao Paulo,18.0,1,2,1,21,acept,furnished,304.27,1674.04,67.21,12.05,2057.57
Recife,68.6,3,4,1,10,acept,not furnished,299.64,2494.1,83.18,32.32,2909.24
Salvador,35.9,1,1,0,0,not acept,not furnished,114.69,1350.58,15.14,11.41,1491.82
Fortaleza,82.9,2,3,1,27,acept,not furnished,334.65,2356.43,37.5,17.23,2745.81
Sao Paulo,143.9,2,3,3,18,acept,furnished,536.13,4937.46,94.77,26.69,5595.05
Fortaleza,55.4,1,1,2,0,not acept,furnished,260.05,2142.81,88.07,13.41,2504.34
Salvador,56.2,4,4,2,0,not acept,not furnished,241.85,1965.77,94.3,17.6,2319.52
Salvador,74.8,1,2,2,18,not acept,not furnished,441.67,2365.03,103.04,22.22,2931.96
Sao Paulo,73.9,3,4,2,11,not acept,not furnished,408.06,2214.71,89.54,20.57,2732.88
Porto Alegre,75.4,3,2,0,4,acept,furnished,526.03,2738.63,63.23,19.83,3347.72
Recife,62.7,2,1,0,5,not acept,not furnished,242.29,,43.47,21.13,1931.86
Curitiba,78.4,5,5,1,10,acept,not furnished,338.7,2238.59,98.96,26.43,2702.68
Belo Horizonte,40.5,2,2,1,22,not acept,furnished,271.1,1951.46,58.79,11.15,2292.5
Recife,54.3,4,4,3,4,not acept,furnished,436.5,2596.0,112.85,23.92,3169.27
Rio de Janeiro,197.3,4,3,1,21,not acept,not furnished,1241.28,6508.67,224.51,59.08,8033.54
Belo Horizonte,77.0,4,3,2,3,not acept,furnished,217.4,2617.55,74.38,36.16,2945.49
Rio de Janeiro,89.3,3,2,3,23,acept,not furnished,279.56,2478.98,61.62,30.87,2851.03
Fortaleza,88.7,2,1,2,27,not acept,not furnished,191.9,2226.66,23.3,32.25,2474.11
Sao Paulo,61.4,1,1,1,12,not acept,not furnished,363.34,3006.54,149.05,32.63,3551.56
Belo Horizonte,38.7,3,3,2,19,not acept,not furnished,281.9,10906.967450429162,69.9,18.56,1921.22
Curitiba,157.2,2,2,1,6,not acept,not furnished,547.2,3967.21,42.47,44.32,4601.2
Porto Alegre,65.7,4,3,0,28,not acept,furnished,456.86,2444.84,51.95,16.78,2970.43
Belo Horizonte,67.5,3,2,0,11,acept,furnished,408.24,2228.26,49.34,12.24,2698.08
Fortaleza,125.2,2,1,0,14,acept,furnished,319.06,3289.43,76.91,20.97,3706.37
Recife,94.4,1,1,1,6,not acept,furnished,339.56,2977.7,64.56,33.49,3415.31
Sao Paulo,150.4,2,3,2,4,acept,not furnished,776.94,5298.16,248.52,32.82,6356.44
Rio de Janeiro,59.4,3,3,2,5,not acept,not furnished,259.66,2095.18,78.71,17.31,2450.86
Sao Paulo,101.2,1,1,1,13,not acept,not furnished,703.69,4560.21,154.33,32.55,5450.78
Rio de Janeiro,68.4,3,4,1,2,acept,furnished,557.56,3677.81,100.34,40.98,4376.69
Belo Horizonte,75.1,3,3,1,10,not acept,not furnished,252.53,3012.46,113.63,33.16,3411.78
Fortaleza,38.3,2,1,0,10,not acept,furnished,258.62,2024.18,70.41,17.59,2370.8
Salvador,51.6,3,3,2,12,not acept,not furnished,401.42,2998.27,51.11,19.5,3470.3
Sao Paulo,107.5,3,2,1,11,acept,furnished,961.81,5149.39,113.3,71.32,6295.82
Sao Paulo,86.5,3,2,2,6,not acept,furnished,563.5,3407.47,165.69,29.48,4166.14
Belo Horizonte,71.2,5,4,2,9,acept,furnished,276.32,2560.65,126.68,22.72,2986.37
Belo Horizonte,51.1,1,2,1,27,not acept,furnished,415.82,2768.1,32.6,20.73,3237.25
Sao Paulo,100.8,2,2,1,0,acept,not furnished,455.33,3504.7,78.22,42.51,4080.76
Fortaleza,48.3,4,3,1,0,acept,furnished,374.14,1990.18,98.41,11.62,2474.35
Fortaleza,62.2,2,2,0,28,not acept,not furnished,177.84,2110.71,22.51,25.33,2336.39
Rio de Janeiro,92.4,2,3,1,6,acept,not furnished,698.96,3501.99,168.56,46.7,4416.21
Fortaleza,27.7,3,3,2,7,acept,furnished,97.7,1016.24,37.92,6.1,1157.96
Rio de Janeiro,152.1,3,3,0,9,acept,not furnished,780.4,5011.17,175.97,66.55,6034.09
Porto Alegre,53.6,1,1,1,1,acept,not furnished,150.93,1305.13,56.06,7.46,1519.58
Rio de Janeiro,91.4,3,3,1,23,acept,furnished,423.37,3000.77,149.81,44.69,3618.64
Sao Paulo,96.7,2,3,1,3,acept,not furnished,365.2,3136.17,76.48,31.29,3609.14
Fortaleza,25.5,3,3,3,21,not acept,not furnished,163.64,1237.05,56.05,14.12,1470.86
Rio de Janeiro,34.5,3,2,2,5,acept,not furnished,91.67,850.6,25.35,6.02,973.64
Porto Alegre,74.7,3,4,1,20,not acept,not furnished,208.12,2314.64,90.72,21.32,2634.8
Rio de Janeiro,88.0,3,3,2,30,not acept,furnished,674.01,4355.38,187.09,54.17,5270.65
Sao Paulo,178.1,2,2,0,14,not acept,not furnished,1025.15,5538.62,118.51,35.28,6717.56
Sao Paulo,78.7,2,1,1,8,acept,furnished,435.94,2958.72,50.84,32.41,3477.91
Rio de Janeiro,119.5,2,3,0,10,not acept,not furnished,612.63,4512.49,46.07,49.91,5221.1
Curitiba,67.9,2,3,1,10,not acept,furnished,176.31,2117.18,47.6,31.35,2372.44
Rio de Janeiro,18.0,3,2,1,1,not acept,not furnished,129.87,934.51,22.74,13.65,1100.77
Curitiba,18.0,3,3,0,24,acept,furnished,268.39,1594.23,41.44,20.6,1924.66
Curitiba,56.9,2,2,1,10,not acept,not furnished,335.02,3384.94,155.26,47.96,3923.18
Curitiba,91.8,4,5,1,21,not acept,furnished,484.09,2818.87,45.75,35.84,3384.55
Rio de Janeiro,65.5,3,4,1,6,not acept,not furnished,380.97,2759.61,114.07,19.79,3274.44
Fortaleza,50.4,1,1,1,9,acept,not furnished,302.43,1762.99,23.85,9.11,2098.38
Rio de Janeiro,81.9,2,1,1,27,not acept,not furnished,460.38,4705.26,97.73,63.45,5326.82
Rio de Janeiro,63.3,3,2,1,11,acept,furnished,203.74,1955.08,42.39,15.6,2216.81
Sao Paulo,126.2,2,2,1,9,not acept,not furnished,519.59,3890.81,79.63,54.33,4544.36
Rio de Janeiro,100.0,4,3,2,8,acept,not furnished,492.98,20033.641041365758,176.27,30.16,4292.44
Sao Paulo,139.5,3,4,1,27,acept,not furnished,648.9,3255.88,141.26,45.47,4091.51
Curitiba,119.5,4,4,2,11,not acept,not furnished,760.62,3834.95,61.68,50.45,4707.7
Sao Paulo,123.4,1,1,1,26,acept,not furnished,531.39,3941.24,188.55,21.44,4682.62
Rio de Janeiro,135.2,3,2,1,7,acept,not furnished,482.99,4440.25,110.04,36.5,5069.78
Porto Alegre,74.6,4,5,0,30,not acept,not furnished,222.06,1361.33,44.98,8.73,1637.1
Rio de Janeiro,142.3,2,3,2,14,not acept,not furnished,368.47,3569.31,45.13,42.94,4025.85
Sao Paulo,113.3,1,1,2,3,not acept,furnished,539.72,4769.73,178.9,32.54,5520.89
Sao Paulo,185.8,3,4,3,11,acept,not furnished,910.17,6291.45,66.86,66.48,7334.96
Porto Alegre,36.4,5,6,2,20,not acept,furnished,475.65,2458.68,86.28,15.26,3035.87
Sao Paulo,132.7,3,3,1,27,not acept,not furnished,416.43,4988.39,167.81,54.15,5626.78
Rio de Janeiro,62.4,3,2,1,1,not acept,not furnished,406.88,2528.31,88.93,27.83,3051.95
Belo Horizonte,40.6,3,4,1,16,not acept,furnished,541.09,2943.5,36.32,31.47,3552.38
Curitiba,79.3,1,1,0,15,acept,furnished,429.62,2556.57,124.86,36.58,3147.63
Curitiba,33.6,2,3,0,8,not acept,furnished,156.41,1134.74,36.28,5.85,1333.28
Salvador,29.8,1,2,1,11,not acept,not furnished,242.59,13506.52917336884,50.42,12.89,1632.35
Sao Paulo,160.7,2,1,2,7,acept,furnished,1399.93,8051.26,248.13,40.27,9739.59
Sao Paulo,138.4,4,5,1,7,not acept,not furnished,870.16,5178.13,209.48,27.65,6285.42
Sao Paulo,59.2,3,4,2,15,acept,furnished,282.62,3047.57,53.92,35.44,3419.55
Sao Paulo,143.5,5,6,1,0,acept,not furnished,848.65,5157.02,187.65,70.85,6264.17
Sao Paulo,94.4,2,1,1,13,acept,not furnished,318.53,3228.2,114.05,42.55,3703.33
Rio de Janeiro,44.1,2,3,1,8,acept,furnished,618.3,3292.91,120.21,28.35,4059.77
Belo Horizonte,65.3,4,4,1,13,acept,not furnished,261.63,1658.26,60.04,14.6,1994.53
Curitiba,18.0,2,2,3,30,acept,not furnished,147.05,793.38,9.04,6.96,956.43
Rio de Janeiro,58.6,2,1,0,22,not acept,not furnished,257.32,2559.81,88.21,22.78,2928.12
Curitiba,43.1,2,1,2,26,acept,not furnished,339.53,2272.11,99.81,19.56,2731.01
Rio de Janeiro,73.8,2,1,2,10,not acept,furnished,234.31,2868.65,94.66,20.9,3218.52
Sao Paulo,166.8,5,6,2,21,acept,not furnished,452.79,4968.09,234.13,68.68,5723.69
Belo Horizonte,91.0,3,2,2,13,acept,furnished,272.09,2236.04,25.24,28.12,2561.49
Sao Paulo,115.7,4,4,0,17,acept,furnished,430.02,3773.46,110.81,29.14,4343.43
Sao Paulo,210.7,4,4,2,12,not acept,not furnished,1281.21,7276.71,167.08,74.49,8799.49
Rio de Janeiro,34.4,2,3,2,2,not acept,not furnished,165.54,1139.71,22.53,7.61,1335.39
Recife,30.5,3,4,3,29,not acept,not furnished,237.54,1259.62,29.01,14.78,1540.95
Porto Alegre,80.9,2,3,2,21,acept,not furnished,716.39,3687.23,42.97,25.51,4472.1
Sao Paulo,106.5,1,2,3,17,not acept,not furnished,800.98,4340.84,58.59,56.52,5256.93
Salvador,59.7,4,4,2,16,not acept,not furnished,179.12,1569.26,60.06,19.88,1828.32
Porto Alegre,60.4,2,2,2,21,acept,furnished,430.26,2805.22,37.19,36.73,3309.4
Belo Horizonte,49.6,2,1,2,15,not acept,not furnished,259.73,1515.18,69.51,16.76,1861.18
Salvador,70.0,2,3,1,4,acept,not furnished,442.86,3080.77,115.01,17.38,3656.02
Rio de Janeiro,197.3,2,2,2,0,not acept,not furnished,728.32,6067.5,217.05,53.89,7066.76
Sao Paulo,185.2,2,2,0,10,acept,not furnished,638.31,6264.84,209.28,38.01,7150.44
Belo Horizonte,69.9,2,1,1,16,not acept,not furnished,616.99,3154.02,146.81,28.89,3946.71
Belo Horizonte,58.1,2,2,2,10,acept,not furnished,156.99,1498.76,36.35,20.85,1712.95
Belo Horizonte,64.6,4,4,3,15,not acept,not furnished,419.75,2366.26,46.91,19.69,2852.61
Belo Horizonte,18.0,2,3,0,19,not acept,not furnished,38.39,400.0,14.6,3.66,456.65
Recife,34.3,1,1,1,24,acept,not furnished,169.72,854.68,25.16,10.73,1060.29
Fortaleza,29.3,2,3,2,7,acept,furnished,204.12,1694.06,78.09,12.48,1988.75
Fortaleza,119.3,3,4,1,18,not acept,furnished,705.06,4065.46,50.97,53.99,4875.48
Salvador,118.1,3,2,1,27,not acept,not furnished,254.78,2591.9,92.17,38.13,2976.98
Recife,49.7,5,4,0,2,not acept,not furnished,378.16,2277.58,99.92,33.28,2788.94
Sao Paulo,82.2,3,4,3,20,not acept,not furnished,358.54,2201.79,42.45,11.88,2614.66
Sao Paulo,18.0,2,3,1,28,acept,furnished,60.32,480.42,20.61,4.69,566.04
Rio de Janeiro,18.0,1,2,1,20,acept,not furnished,33.93,400.0,13.16,2.91,450.0
Salvador,75.3,3,4,1,0,not acept,not furnished,315.92,2440.55,114.64,12.49,2883.6
Belo Horizonte,123.4,3,2,1,7,acept,not furnished,433.31,2944.3,82.67,27.24,3487.52
Porto Alegre,109.8,2,2,1,3,not acept,not furnished,162.68,1877.99,38.47,22.22,2101.36
Sao Paulo,138.5,3,2,0,28,not acept,furnished,561.73,5002.4,199.0,26.29,5789.42
Sao Paulo,109.5,4,4,3,30,not acept,furnished,651.84,3300.52,77.0,35.23,4064.59
Porto Alegre,111.9,3,2,1,12,acept,not furnished,549.36,2885.45,54.24,16.42,3505.47
Sao Paulo,86.3,3,4,0,27,not acept,furnished,750.76,4214.87,162.27,47.85,5175.75
Rio de Janeiro,77.2,3,3,2,2,acept,furnished,434.7,4434.94,190.91,43.91,5104.46
Sao Paulo,95.1,1,1,2,0,not acept,furnished,491.95,3822.71,182.79,44.81,4542.26
Rio de Janeiro,199.7,2,1,0,16,not acept,not furnished,709.66,6765.84,148.81,41.18,7665.49
Curitiba,68.4,1,1,1,30,acept,not furnished,258.22,2439.54,70.16,28.8,2796.72
Rio de Janeiro,35.6,1,2,0,16,not acept,not furnished,220.33,1186.86,20.6,8.93,1436.72
Belo Horizonte,43.3,4,3,2,30,not acept,furnished,317.3,2450.62,116.58,12.32,2896.82
Sao Paulo,37.9,2,1,0,12,acept,furnished,354.91,1951.36,83.73,26.97,2416.97
Salvador,43.7,3,4,1,10,not acept,furnished,258.49,2084.71,67.99,18.15,2429.34
Rio de Janeiro,52.2,3,3,3,28,acept,not furnished,140.45,1623.69,75.75,23.06,1862.95
Curitiba,83.5,3,3,2,0,not acept,not furnished,272.9,2838.87,121.51,29.06,3262.34
Porto Alegre,55.4,3,4,1,8,acept,not furnished,129.92,1521.46,17.09,9.81,1678.28
Sao Paulo,75.0,3,3,2,12,not acept,furnished,452.67,3989.78,164.19,49.32,4655.96
Fortaleza,73.5,2,1,1,0,not acept,furnished,370.15,2602.62,38.69,38.11,3049.57
Belo Horizonte,25.5,4,3,1,14,acept,furnished,261.86,2461.01,57.22,29.48,2809.57
Rio de Janeiro,99.9,1,1,1,10,acept,furnished,338.91,2268.86,33.45,31.4,2672.62
Sao Paulo,26.0,1,1,2,12,acept,not furnished,125.12,1084.98,13.62,6.99,1230.71
Recife,54.6,3,3,0,20,not acept,not furnished,233.64,1688.24,57.8,10.79,1990.47
Porto Alegre,24.3,2,3,1,0,acept,not furnished,85.56,727.4,34.99,3.99,851.94
Sao Paulo,23.8,2,2,0,29,acept,not furnished,116.17,765.01,9.85,7.32,898.35
Rio de Janeiro,46.2,5,6,2,15,acept,furnished,407.2,2605.18,104.11,19.3,3135.79
Salvador,64.6,3,3,2,25,not acept,not furnished,444.32,2426.11,51.36,31.69,2953.48
Curitiba,89.4,4,5,2,8,acept,furnished,594.04,3318.27,45.17,21.21,3978.69
Porto Alegre,63.8,2,3,2,8,not acept,furnished,489.73,3353.41,157.25,49.79,4050.18
Rio de Janeiro,131.1,2,1,1,27,not acept,not furnished,584.83,4578.52,55.7,52.87,5271.92
Curitiba,31.9,3,3,0,1,acept,furnished,231.29,2195.97,31.25,17.75,2476.26
Rio de Janeiro,99.0,4,3,3,1,not acept,furnished,739.37,4797.08,91.46,69.97,5697.88
Sao Paulo,173.8,3,2,1,20,acept,not furnished,688.45,4732.05,223.48,59.19,5703.17
Curitiba,121.5,4,5,1,13,acept,furnished,293.46,3472.54,76.88,20.43,3863.31
Recife,49.0,5,6,0,21,acept,not furnished,99.89,1182.32,13.21,16.49,1311.91
Rio de Janeiro,37.7,3,4,1,12,acept,furnished,167.91,1713.22,29.99,19.59,1930.71
Rio de Janeiro,153.9,2,3,1,4,not acept,not furnished,965.22,70200.2326118903,161.58,41.52,6980.23
Curitiba,117.8,3,2,1,21,not acept,not furnished,624.65,3411.36,154.54,17.73,4208.28
Belo Horizonte,62.3,5,6,2,0,acept,not furnished,254.78,3067.27,62.61,39.88,3424.54
Salvador,59.6,2,1,2,12,not acept,furnished,453.4,2544.53,77.42,24.56,3099.91
Porto Alegre,50.5,3,2,0,12,not acept,furnished,455.22,3350.99,73.99,20.72,3900.92
Sao Paulo,132.0,3,3,1,0,acept,furnished,608.55,4748.89,156.6,51.9,5565.94
Recife,18.0,2,2,3,5,not acept,not furnished,58.14,400.0,5.42,5.22,468.78
Porto Alegre,18.0,3,4,0,6,acept,not furnished,85.51,444.37,13.33,5.13,548.34
Salvador,67.1,2,1,1,27,acept,not furnished,327.95,2211.91,28.42,29.4,2597.68
Curitiba,49.8,4,3,1,14,not acept,furnished,243.34,2629.29,129.33,30.25,3032.21
Salvador,75.1,3,2,1,20,acept,not furnished,360.7,2640.34,123.34,39.6,3163.98
Sao Paulo,129.1,4,4,0,0,not acept,not furnished,761.87,3860.67,138.46,34.73,4795.73
Rio de Janeiro,53.5,2,1,2,1,acept,not furnished,170.61,1712.98,80.13,11.52,1975.24
Fortaleza,43.3,1,1,2,16,not acept,not furnished,256.89,1896.42,63.57,25.29,2242.17
Sao Paulo,151.7,4,3,2,25,not acept,not furnished,814.03,4974.27,110.71,45.7,5944.71
Sao Paulo,100.7,2,2,3,0,acept,not furnished,447.88,3617.88,57.28,37.03,4160.07
Porto Alegre,85.6,2,3,2,30,not acept,furnished,513.9,2982.78,148.37,35.71,3680.76
Salvador,75.2,1,2,1,27,not acept,not furnished,194.8,1847.17,36.57,11.01,2089.55
Sao Paulo,106.7,3,4,1,26,not acept,not furnished,454.79,4985.35,222.69,33.16,5695.99
Salvador,45.0,2,2,2,0,acept,furnished,99.68,834.2,22.76,5.93,962.57
Curitiba,61.9,3,3,2,11,not acept,not furnished,378.27,2053.23,47.19,15.49,2494.18
Belo Horizonte,89.2,3,4,0,24,acept,not furnished,517.89,3125.36,62.3,33.91,3739.46
Salvador,34.9,3,4,0,22,not acept,not furnished,361.87,1827.95,81.34,23.5,2294.66
Rio de Janeiro,119.0,4,4,1,9,not acept,furnished,475.85,3979.43,173.68,49.01,4677.97
Sao Paulo,60.4,2,3,2,26,acept,furnished,425.15,3030.44,136.06,19.25,3610.9
Sao Paulo,241.8,3,2,2,18,acept,not furnished,1115.42,8527.32,335.85,78.45,10057.04
Belo Horizonte,56.6,2,2,0,30,acept,not furnished,205.59,1484.68,18.59,18.74,1727.6
Belo Horizonte,37.0,4,5,2,8,acept,not furnished,199.27,2054.29,49.6,17.44,2320.6
Salvador,44.7,4,5,2,19,acept,not furnished,224.14,2162.29,92.09,16.34,2494.86
Porto Alegre,105.3,2,2,0,11,acept,furnished,542.38,3872.19,189.44,22.63,4626.64
Belo Horizonte,55.1,2,2,2,19,not acept,not furnished,363.1,1850.81,82.23,20.06,2316.2
Porto Alegre,82.8,2,1,3,6,acept,not furnished,535.18,2767.79,101.71,20.38,3425.06
Sao Paulo,240.4,4,4,1,10,acept,not furnished,695.53,7619.8,327.2,67.01,8709.54
Sao Paulo,114.9,3,3,0,28,acept,furnished,781.64,5213.56,128.73,49.36,6173.29
Fortaleza,52.4,4,3,3,7,acept,not furnished,231.21,1497.18,55.09,11.95,1795.43
Sao Paulo,92.1,1,2,0,18,not acept,not furnished,362.46,2318.85,93.54,33.94,2808.79
Sao Paulo,45.7,3,3,3,28,acept,not furnished,321.4,14263.43757960638,61.61,26.95,2456.48
Curitiba,64.5,3,4,1,13,acept,not furnished,151.83,1737.7,35.5,11.29,1936.32
Rio de Janeiro,20.9,4,3,1,20,acept,furnished,298.56,2119.37,99.86,12.94,2530.73
Fortaleza,58.6,2,2,1,22,not acept,furnished,213.43,2658.93,111.64,25.05,3009.05
Sao Paulo,38.5,2,1,0,15,not acept,not furnished,356.88,1876.69,37.31,19.47,2290.35
Sao Paulo,183.7,4,5,1,10,acept,not furnished,565.19,6890.17,101.99,47.04,7604.39
Rio de Janeiro,77.2,1,1,1,24,acept,furnished,615.72,3553.34,140.51,39.12,4348.69
Belo Horizonte,18.0,3,3,0,16,not acept,not furnished,107.8,990.6,36.06,10.19,1144.65
Rio de Janeiro,54.8,3,3,2,1,not acept,not furnished,187.71,1248.34,42.03,11.58,1489.66
Belo Horizonte,112.2,1,2,2,26,acept,not furnished,293.96,11711.4566959169,105.87,16.36,2606.98
Fortaleza,18.0,2,3,2,7,not acept,furnished,182.38,1255.53,29.66,11.45,1479.02
Fortaleza,97.5,3,4,2,14,acept,furnished,440.2,40211.612712790135,43.11,41.66,3418.27
Sao Paulo,106.1,2,3,1,4,acept,not furnished,889.48,4492.58,81.96,40.88,5504.9
Rio de Janeiro,164.8,2,2,2,14,acept,not furnished,1010.98,5817.49,226.17,73.06,7127.7
Belo Horizonte,71.8,3,3,2,1,not acept,furnished,360.45,2045.81,95.02,10.57,2511.85
Recife,24.8,5,5,1,16,not acept,not furnished,315.94,1683.95,63.11,10.92,2073.92
Recife,33.8,3,2,1,15,not acept,not furnished,327.31,1729.02,27.38,12.91,2096.62
Sao Paulo,18.0,4,3,1,24,acept,not furnished,72.95,400.0,15.3,4.64,492.89
Porto Alegre,21.2,4,5,1,16,not acept,furnished,284.06,1671.48,37.88,17.34,2010.76
Rio de Janeiro,100.5,4,5,1,11,not acept,not furnished,325.39,4062.87,105.44,44.47,4538.17
Sao Paulo,108.5,5,6,2,13,not acept,not furnished,709.4,4661.17,166.51,43.79,5580.87
Sao Paulo,129.8,3,3,1,17,not acept,not furnished,478.08,5436.59,147.24,68.79,6130.7
Rio de Janeiro,36.2,3,2,1,25,not acept,not furnished,32.59,400.0,19.38,2.45,454.42
Rio de Janeiro,89.9,3,4,1,0,not acept,furnished,168.02,2038.42,85.15,19.42,2311.01
Sao Paulo,153.4,4,5,2,28,not acept,not furnished,925.27,4816.27,152.97,59.07,5953.58
Curitiba,97.8,3,3,0,0,acept,not furnished,382.78,3345.47,91.4,30.09,3849.74
Sao Paulo,140.6,3,2,1,9,not acept,furnished,627.01,4227.35,98.12,36.46,4988.94
Belo Horizonte,48.3,2,3,1,8,acept,not furnished,226.3,2200.22,51.19,21.6,2499.31
Rio de Janeiro,74.3,4,5,2,15,not acept,not furnished,696.83,4078.64,145.99,21.49,4942.95
Sao Paulo,203.2,2,3,0,9,not acept,not furnished,1092.61,6175.21,267.46,77.83,7613.11
Rio de Janeiro,166.0,2,3,1,4,acept,not furnished,611.98,4997.25,88.29,62.1,5759.62
Sao Paulo,102.1,3,2,1,5,not acept,furnished,314.9,3870.79,182.08,51.72,4419.49
Belo Horizonte,63.3,2,1,0,30,not acept,furnished,180.33,1153.68,25.41,7.36,1366.78
Sao Paulo,90.4,2,3,1,25,acept,not furnished,541.35,2926.97,112.03,37.87,3618.22
Belo Horizonte,39.7,2,2,2,24,acept,not furnished,221.94,2328.64,94.31,29.25,2674.14
Sao Paulo,19.0,1,2,1,11,acept,furnished,127.21,774.72,33.21,10.79,945.93
Curitiba,51.0,1,1,2,28,acept,furnished,243.33,2172.71,55.7,13.24,2484.98
Porto Alegre,87.5,3,4,1,0,not acept,not furnished,384.33,2905.6,76.79,38.2,3404.92
Sao Paulo,156.5,4,5,1,1,acept,furnished,679.43,5659.58,209.42,50.04,6598.47
Rio de Janeiro,57.8,2,2,1,5,not acept,not furnished,514.53,2725.5,131.03,15.88,3386.94
Sao Paulo,123.9,3,4,0,19,acept,furnished,544.41,4693.51,221.41,61.41,5520.74
Belo Horizonte,80.5,4,3,1,3,not acept,not furnished,570.56,2923.64,116.55,37.26,3648.01
Sao Paulo,88.7,2,2,2,8,not acept,furnished,331.45,3532.57,62.51,39.58,3966.11
Belo Horizonte,65.3,3,2,2,3,not acept,not furnished,242.88,1273.15,46.82,12.46,1575.31
Belo Horizonte,65.0,2,2,1,24,not acept,not furnished,497.93,3125.67,133.72,24.3,3781.62
Fortaleza,24.9,3,2,1,27,not acept,furnished,285.77,2552.66,126.27,36.63,3001.33
Belo Horizonte,71.4,2,3,0,26,acept,not furnished,248.23,2986.76,95.36,36.28,3366.63
Belo Horizonte,30.7,5,6,0,0,not acept,not furnished,237.69,2423.91,81.33,22.76,2765.69
Rio de Janeiro,49.4,1,1,3,8,not acept,not furnished,268.68,1401.94,69.2,12.5,1752.32
Recife,18.0,3,2,2,18,acept,not furnished,167.18,1195.35,52.4,14.01,1428.94
Porto Alegre,135.3,2,3,0,0,acept,not furnished,475.61,3186.48,40.97,28.32,3731.38
Sao Paulo,134.9,3,2,2,22,acept,not furnished,984.82,5486.63,266.47,39.84,6777.76
Salvador,58.0,2,1,0,26,acept,not furnished,483.67,3122.64,61.91,31.92,3700.14
Rio de Janeiro,79.5,2,2,2,0,not acept,not furnished,285.55,2743.26,120.96,34.24,3184.01
Salvador,110.9,2,3,2,12,acept,not furnished,482.44,3243.03,83.03,46.98,3855.48
Salvador,22.6,2,2,0,7,not acept,not furnished,230.39,1452.18,23.39,11.15,1717.11
Sao Paulo,149.4,3,3,0,29,acept,not furnished,608.03,5603.95,248.07,47.88,6507.93
Curitiba,44.5,2,3,2,8,not acept,not furnished,482.7,13781.716339267783,27.64,15.4,3042.48
Sao Paulo,147.6,3,2,1,17,not acept,not furnished,488.39,4824.66,160.86,65.14,5539.05
Sao Paulo,65.3,3,3,1,0,not acept,not furnished,258.93,1565.08,30.28,17.9,1872.19
Sao Paulo,151.9,1,2,1,25,not acept,not furnished,905.78,4798.54,81.67,62.59,5848.58
Porto Alegre,51.5,2,1,2,0,not acept,furnished,231.17,1932.64,61.49,10.97,2236.27
Sao Paulo,108.9,4,3,1,16,acept,not furnished,713.0,3914.08,182.11,36.6,4845.79
Sao Paulo,142.5,3,2,1,22,acept,not furnished,619.59,4106.91,199.53,54.13,4980.16
Curitiba,72.8,2,2,2,10,not acept,not furnished,393.29,3374.95,53.19,21.56,3842.99
Sao Paulo,183.1,3,3,3,0,not acept,furnished,1091.22,6503.54,261.43,68.94,7925.13
Sao Paulo,111.0,4,5,1,27,acept,furnished,531.42,4101.69,153.93,41.48,4828.52
Sao Paulo,117.0,2,1,0,9,acept,not furnished,488.76,4689.2,121.63,23.48,5323.07
Rio de Janeiro,90.1,3,2,2,13,not acept,not furnished,499.25,2627.07,36.48,21.3,3184.1
Rio de Janeiro,89.7,2,3,0,24,acept,not furnished,345.17,15292.714797766585,75.52,23.38,2900.34
Sao Paulo,198.6,1,1,2,19,not acept,furnished,1173.82,6700.44,276.88,91.24,8242.38
Recife,87.5,2,1,2,8,acept,not furnished,604.97,3125.46,32.01,33.18,3795.62
Curitiba,77.2,3,4,1,15,acept,not furnished,416.39,2477.2,62.2,18.33,2974.12
Rio de Janeiro,99.7,3,4,3,0,acept,not furnished,424.04,3109.4,40.12,22.98,3596.54
Rio de Janeiro,22.2,2,2,1,13,not acept,not furnished,115.79,633.19,7.75,8.68,765.41
Rio de Janeiro,18.0,2,2,0,11,acept,furnished,204.32,1356.37,26.06,13.48,1600.23
Curitiba,82.7,3,3,3,22,not acept,not furnished,279.21,3032.89,138.0,41.88,3491.98
Sao Paulo,140.0,2,3,1,24,acept,not furnished,775.58,5055.71,139.38,59.82,6030.49
Sao Paulo,160.7,3,3,1,26,not acept,furnished,491.53,6094.85,238.42,58.18,6882.98
Salvador,18.0,1,1,0,26,not acept,furnished,84.61,429.29,20.75,6.13,540.78
Sao Paulo,18.0,4,4,2,30,acept,furnished,61.02,428.21,4.37,2.55,496.15
Rio de Janeiro,33.4,2,2,2,21,not acept,not furnished,170.8,1875.58,78.62,21.38,2146.38
Fortaleza,18.0,3,3,0,18,acept,not furnished,141.27,15052.925898134177,18.19,18.1,1396.02
Curitiba,56.4,2,3,1,2,acept,not furnished,142.2,10158.022288097283,10.91,12.81,1059.97
Rio de Janeiro,18.0,3,2,0,13,acept,not furnished,250.27,2182.78,79.4,20.12,2532.57
Curitiba,32.9,4,5,2,12,not acept,furnished,287.11,2199.8,84.67,16.0,2587.58
Sao Paulo,77.3,2,1,1,22,acept,not furnished,255.72,2207.06,85.31,15.54,2563.63
Porto Alegre,23.2,3,3,2,6,not acept,not furnished,251.73,1619.07,32.98,9.26,1913.04
Rio de Janeiro,133.6,2,2,1,26,not acept,furnished,487.57,4273.49,68.85,62.7,4892.61
Salvador,18.0,1,1,1,4,acept,not furnished,391.12,2202.65,32.96,26.85,2653.58
Recife,26.6,4,5,0,13,acept,not furnished,149.79,897.21,18.76,7.96,1073.72
Fortaleza,34.3,2,3,0,29,not acept,not furnished,170.1,1428.99,37.82,14.67,1651.58
Fortaleza,18.0,2,2,0,9,not acept,not furnished,141.31,912.07,42.0,8.94,1104.32
Belo Horizonte,112.2,1,1,0,21,not acept,not furnished,540.05,3907.0,190.45,31.43,4668.93
Rio de Janeiro,119.1,3,2,1,8,acept,not furnished,360.06,4163.18,46.99,35.65,4605.88
Rio de Janeiro,92.2,4,3,0,14,not acept,not furnished,424.37,3269.52,35.37,38.3,3767.56
Curitiba,18.0,2,1,2,23,acept,not furnished,112.97,1179.55,39.32,8.8,1340.64
Fortaleza,57.2,3,3,1,24,acept,not furnished,176.32,1870.36,53.47,9.38,2109.53
Sao Paulo,171.5,2,3,2,25,acept,not furnished,544.35,5488.91,166.37,79.16,6278.79
Fortaleza,52.2,2,2,0,0,not acept,furnished,146.65,1115.84,54.78,6.02,1323.29
Salvador,81.6,3,2,1,26,not acept,not furnished,451.16,2373.77,92.41,24.08,2941.42
Recife,135.7,3,4,2,2,not acept,not furnished,572.92,3319.52,53.51,36.62,3982.57
Fortaleza,70.8,2,2,1,6,acept,not furnished,379.91,2082.94,102.96,13.5,2579.31
Sao Paulo,152.5,4,3,0,30,not acept,not furnished,967.21,5746.98,173.46,44.35,6932.0
Sao Paulo,92.7,1,1,3,2,acept,not furnished,544.75,2774.31,91.04,25.65,3435.75
Sao Paulo,76.4,1,1,2,6,acept,not furnished,381.41,2258.34,111.07,13.57,2764.39
Sao Paulo,99.5,5,5,1,8,not acept,not furnished,714.02,4082.3,57.39,36.37,4890.08
Belo Horizonte,86.8,3,3,1,24,acept,not furnished,377.06,,28.55,31.78,2560.67
Salvador,54.9,4,4,0,8,acept,not furnished,302.76,1861.78,30.82,26.96,2222.32
Fortaleza,61.5,3,2,1,25,not acept,not furnished,191.24,1830.29,34.17,16.42,2072.12
Curitiba,63.3,2,3,1,4,not acept,not furnished,386.99,1969.16,60.3,27.23,2443.68
Sao Paulo,38.6,3,4,0,17,acept,not furnished,263.23,1911.67,51.26,20.08,2246.24
Sao Paulo,83.5,1,1,2,29,not acept,not furnished,465.31,2591.93,92.16,38.41,3187.81
Sao Paulo,114.1,3,4,1,0,not acept,not furnished,719.01,4088.42,117.6,44.36,4969.39
Rio de Janeiro,128.6,3,4,2,27,acept,furnished,688.19,5241.14,194.93,30.56,6154.82
Belo Horizonte,31.8,5,5,0,3,not acept,not furnished,332.41,1839.02,36.2,20.73,2228.36
Sao Paulo,37.1,3,3,1,17,acept,furnished,285.78,2602.76,101.95,22.74,3013.23
Rio de Janeiro,80.2,2,1,1,0,acept,furnished,499.82,4078.87,198.37,49.72,4826.78
Sao Paulo,80.5,3,2,2,16,acept,furnished,340.9,3171.72,36.74,27.42,3576.78
Curitiba,114.1,1,1,1,18,acept,not furnished,290.51,3344.0,86.59,27.85,3748.95
Rio de Janeiro,114.4,3,2,0,24,not acept,furnished,409.2,3782.67,145.81,44.05,4381.73
Rio de Janeiro,49.0,3,2,1,11,not acept,not furnished,63.13,400.0,7.11,2.4,472.64
Rio de Janeiro,123.2,2,3,3,28,not acept,not furnished,726.48,4238.75,88.14,28.85,5082.22
Recife,21.5,5,4,1,10,not acept,not furnished,129.28,1058.22,50.99,9.62,1248.11
Sao Paulo,152.6,4,3,0,0,acept,furnished,1004.41,5961.12,237.19,30.52,7233.24
Belo Horizonte,62.6,5,5,0,10,acept,furnished,244.63,3025.93,144.9,20.96,3436.42
Porto Alegre,38.5,2,1,1,7,not acept,furnished,230.87,,66.93,14.29,1661.47
Belo Horizonte,79.9,3,3,1,12,acept,not furnished,504.87,2792.87,60.28,34.3,3392.32
Fortaleza,76.0,4,3,1,4,not acept,furnished,626.61,3148.13,138.65,27.19,3940.58
Rio de Janeiro,104.8,3,4,2,10,not acept,not furnished,599.28,3198.94,64.58,30.18,3892.98
Rio de Janeiro,116.7,2,2,1,27,not acept,not furnished,819.45,5028.85,207.3,42.62,6098.22
Sao Paulo,44.8,4,3,1,19,acept,not furnished,217.44,1787.58,74.82,10.43,2090.27
Belo Horizonte,136.0,4,3,1,4,acept,furnished,667.17,5845.5,284.85,84.22,6881.74
Sao Paulo,114.7,3,4,1,0,acept,not furnished,336.71,3580.79,178.48,35.41,4131.39
Sao Paulo,162.2,2,1,1,4,acept,not furnished,636.03,5558.47,197.21,34.58,6426.29
Belo Horizonte,66.1,2,3,1,11,not acept,furnished,444.71,3813.19,150.31,52.8,4461.01
Belo Horizonte,63.6,3,3,1,9,not acept,furnished,265.28,1601.47,68.12,15.42,1950.29
Sao Paulo,83.9,3,3,1,25,not acept,not furnished,638.53,3819.7,165.6,38.65,4662.48
Curitiba,18.0,3,2,0,17,acept,not furnished,139.31,977.46,29.73,12.35,1158.85
Curitiba,75.1,1,1,1,25,not acept,furnished,431.2,2497.34,47.16,24.35,3000.05
Sao Paulo,99.3,1,2,0,30,not acept,not furnished,388.32,3207.69,137.79,32.26,3766.06
Rio de Janeiro,97.2,2,3,0,7,acept,not furnished,347.28,2544.4,88.78,14.46,2994.92
Porto Alegre,111.3,2,1,1,13,acept,not furnished,357.7,4169.06,152.01,41.16,4719.93
Belo Horizonte,80.3,3,4,0,21,not acept,furnished,403.81,2796.6,73.87,20.82,3295.1
Rio de Janeiro,110.4,2,3,0,14,not acept,furnished,523.73,4139.59,194.45,36.58,4894.35
Rio de Janeiro,102.5,3,4,0,8,not acept,furnished,416.71,4736.32,214.69,51.26,5418.98
Belo Horizonte,97.9,3,2,0,24,not acept,not furnished,299.4,3284.89,51.76,18.45,3654.5
Fortaleza,86.9,2,2,2,27,not acept,not furnished,211.43,1330.64,23.22,7.83,1573.12
Curitiba,67.5,4,5,0,6,not acept,not furnished,369.52,2183.79,63.05,19.64,2636.0
Sao Paulo,115.0,3,3,2,7,acept,not furnished,377.85,4115.79,148.52,47.48,4689.64
Rio de Janeiro,93.8,3,3,1,16,not acept,not furnished,669.97,3873.0,83.06,46.63,4672.66
Fortaleza,22.5,4,3,1,24,acept,not furnished,370.48,2017.58,55.04,29.2,2472.3
Sao Paulo,78.3,2,1,2,14,not acept,not furnished,216.5,1463.47,24.08,7.8,1711.85
Recife,18.0,2,2,2,0,acept,furnished,121.01,872.82,19.59,6.57,1019.99
Recife,58.0,1,1,1,7,acept,not furnished,109.98,813.38,27.78,11.09,962.23
Sao Paulo,18.0,3,3,0,14,not acept,furnished,75.48,652.93,12.08,4.88,745.37
Fortaleza,18.0,3,4,2,22,acept,not furnished,108.7,579.27,27.65,5.48,721.1
Rio de Janeiro,63.1,3,3,0,23,acept,not furnished,469.09,2545.97,122.18,29.05,3166.29
Salvador,67.2,1,1,1,22,not acept,not furnished,451.32,3192.1,110.1,46.1,3799.62
Rio de Janeiro,93.8,1,2,1,0,acept,not furnished,332.37,3046.72,46.04,42.72,3467.85
Rio de Janeiro,59.2,2,1,0,18,acept,furnished,364.89,1928.26,49.15,21.41,2363.71
Curitiba,61.8,2,2,2,11,acept,not furnished,318.78,1900.19,74.72,22.38,2316.07
Porto Alegre,18.0,3,2,1,8,not acept,furnished,377.68,2112.99,41.44,29.29,2561.4
Sao Paulo,217.2,3,4,1,25,not acept,not furnished,1103.03,32834.84931389441,259.22,68.11,7581.34
Belo Horizonte,37.5,2,2,1,9,acept,not furnished,199.27,1940.92,20.01,14.16,2174.36
Sao Paulo,223.8,1,1,1,3,not acept,not furnished,563.1,6510.82,114.65,36.21,7224.78
Rio de Janeiro,79.8,2,2,1,20,not acept,furnished,515.5,3665.73,82.79,39.89,4303.91
Rio de Janeiro,54.5,3,3,0,2,acept,not furnished,418.68,3080.13,149.83,39.07,3687.71
Rio de Janeiro,113.3,5,4,2,7,not acept,furnished,404.8,3414.09,137.26,41.04,3997.19
Rio de Janeiro,63.4,2,1,2,12,not acept,not furnished,491.57,2946.97,31.75,32.03,3502.32
Sao Paulo,120.8,4,5,0,2,acept,furnished,812.89,5319.71,151.74,52.52,6336.86
Sao Paulo,79.8,4,3,1,7,acept,not furnished,464.57,3680.39,138.64,43.61,4327.21
Sao Paulo,70.0,1,1,3,19,not acept,furnished,331.66,2393.22,83.09,13.79,2821.76
Rio de Janeiro,80.9,4,5,3,16,not acept,not furnished,488.26,3373.8,96.26,34.69,3993.01
Recife,38.9,3,3,1,25,acept,furnished,374.2,1939.94,39.58,13.65,2367.37
Sao Paulo,91.5,5,5,2,2,acept,not furnished,339.6,2389.23,59.53,26.82,2815.18
Recife,64.3,3,4,2,26,acept,not furnished,358.88,2263.67,86.98,11.78,2721.31
Porto Alegre,60.5,2,2,1,0,not acept,not furnished,401.62,,85.57,28.69,2638.57
Curitiba,63.6,5,5,0,22,not acept,not furnished,462.68,2787.01,82.65,28.34,3360.68
Curitiba,97.4,2,3,2,4,acept,not furnished,459.6,3162.5,147.34,30.82,3800.26
Salvador,36.0,4,3,0,27,not acept,not furnished,205.46,1602.71,77.49,22.72,1908.38
Sao Paulo,148.8,2,3,1,0,not acept,furnished,522.97,5595.14,231.11,41.99,6391.21
Belo Horizonte,34.3,3,4,1,17,not acept,not furnished,256.43,1471.0,26.66,10.67,1764.76
Curitiba,55.5,2,3,1,0,acept,not furnished,535.46,3069.2,138.63,15.77,3759.06
Belo Horizonte,72.3,5,4,1,22,acept,not furnished,350.03,1780.13,50.12,10.15,2190.43
Salvador,53.3,2,3,1,0,not acept,not furnished,236.62,9543.681973606332,31.58,11.12,1953.16
Sao Paulo,182.3,2,1,1,21,acept,furnished,997.66,6074.9,251.63,58.09,7382.28
Curitiba,50.5,3,3,0,24,not acept,furnished,391.22,1982.37,51.64,25.55,2450.78
Belo Horizonte,102.1,5,6,1,27,acept,not furnished,447.25,2914.29,56.97,19.11,3437.62
Rio de Janeiro,86.6,2,2,2,9,acept,not furnished,549.0,3067.92,102.8,21.5,3741.22
Rio de Janeiro,130.2,2,2,1,15,not acept,not furnished,465.63,,53.02,33.7,4153.88
Curitiba,110.1,3,2,2,22,acept,not furnished,344.74,3367.57,84.67,49.21,3846.19
Fortaleza,18.6,2,2,1,25,not acept,not furnished,153.07,844.93,20.15,12.54,1030.69
Rio de Janeiro,110.3,4,4,1,23,acept,furnished,399.74,3036.46,79.12,41.33,3556.65
Salvador,71.4,1,2,0,25,acept,not furnished,274.35,1620.85,44.99,8.21,1948.4
Rio de Janeiro,57.2,3,3,0,27,not acept,furnished,356.86,2493.57,88.53,27.14,2966.1
Sao Paulo,164.7,3,4,2,19,acept,not furnished,629.29,4666.62,57.5,31.33,5384.74
Sao Paulo,46.4,2,2,1,3,not acept,not furnished,294.64,3418.8,97.5,46.87,3857.81
Sao Paulo,34.1,3,2,0,25,not acept,furnished,203.82,1183.05,35.35,12.09,1434.31
Rio de Janeiro,18.0,4,4,1,13,acept,not furnished,117.11,987.81,23.19,10.63,1138.74
Rio de Janeiro,43.0,2,1,0,0,not acept,not furnished,408.47,3218.51,128.0,28.74,3783.72
Curitiba,31.6,1,2,2,18,acept,furnished,292.63,,92.76,16.91,2801.97
Porto Alegre,18.0,1,2,2,21,not acept,not furnished,118.51,725.7,22.4,8.97,875.58
Sao Paulo,63.0,3,3,1,12,not acept,not furnished,310.55,1875.42,83.09,19.18,2288.24
Sao Paulo,162.8,2,2,2,14,not acept,furnished,1239.27,6968.48,102.42,97.46,8407.63
Sao Paulo,69.6,4,5,2,15,acept,not furnished,439.57,2726.97,68.22,20.42,3255.18
Belo Horizonte,18.0,3,4,0,6,acept,furnished,219.7,1162.99,43.25,8.0,1433.94
Sao Paulo,18.0,2,3,1,10,not acept,not furnished,91.31,838.0,39.33,8.53,977.17
Sao Paulo,178.7,3,2,2,24,not acept,not furnished,939.26,6737.58,299.19,82.33,8058.36
Recife,18.0,3,3,0,0,not acept,furnished,89.99,458.48,7.58,2.4,558.45
Salvador,18.5,4,5,2,16,acept,not furnished,66.74,607.19,7.58,4.84,686.35
Sao Paulo,107.2,3,4,2,0,acept,not furnished,620.27,3712.96,119.71,37.7,4490.64
Rio de Janeiro,82.2,1,1,0,4,not acept,furnished,412.81,3507.71,104.66,24.7,4049.88
Rio de Janeiro,27.5,3,3,1,10,not acept,not furnished,136.95,1016.16,24.91,9.72,1187.74
Porto Alegre,118.2,3,2,3,3,not acept,not furnished,414.31,2866.09,52.44,33.93,3366.77
Belo Horizonte,51.3,3,4,0,25,acept,not furnished,331.8,1885.81,49.02,25.39,2292.02
Sao Paulo,164.2,4,4,1,26,acept,not furnished,725.68,4700.77,136.61,27.11,5590.17
Porto Alegre,59.2,2,1,1,2,acept,furnished,148.21,1849.88,40.3,11.02,2049.41
Rio de Janeiro,62.8,2,3,3,27,not acept,not furnished,236.65,1965.77,20.62,29.07,2252.11
Sao Paulo,132.7,3,2,1,5,acept,not furnished,673.99,5547.09,179.3,80.17,6480.55
Rio de Janeiro,88.0,4,4,2,0,not acept,furnished,381.99,2751.45,132.82,33.33,3299.59
Rio de Janeiro,138.6,5,4,1,22,acept,not furnished,778.83,4124.24,98.54,43.93,5045.54
Rio de Janeiro,121.0,5,6,1,14,not acept,not furnished,847.89,4472.66,182.32,62.5,5565.37
Sao Paulo,224.4,2,2,3,14,not acept,not furnished,1048.81,7758.54,355.33,96.97,9259.65
Rio de Janeiro,18.0,3,4,2,0,acept,not furnished,66.83,400.0,10.93,4.44,482.2
Sao Paulo,100.3,2,1,1,30,not acept,furnished,406.87,3322.84,81.23,43.6,3854.54
Porto Alegre,68.2,2,1,0,25,not acept,furnished,203.04,1773.32,80.95,14.96,2072.27
Sao Paulo,117.3,1,1,0,29,acept,not furnished,651.1,4804.58,68.26,25.62,5549.56
Sao Paulo,85.8,2,2,1,5,acept,not furnished,644.05,3547.33,105.03,26.51,4322.92
Curitiba,55.4,2,1,1,17,not acept,not furnished,354.16,2484.76,88.91,34.78,2962.61
Porto Alegre,53.5,2,2,1,22,acept,not furnished,282.02,2063.27,76.21,27.86,2449.36
Salvador,89.2,2,1,1,24,acept,furnished,178.62,1805.72,26.22,14.87,2025.43
Rio de Janeiro,37.3,2,1,3,23,acept,not furnished,449.76,2659.27,38.45,31.61,3179.09
Sao Paulo,181.0,3,3,0,16,not acept,not furnished,694.92,5628.49,120.87,83.21,6527.49
Porto Alegre,18.0,2,2,1,0,acept,not furnished,68.26,400.0,16.5,5.55,490.31
Curitiba,88.7,3,3,0,30,not acept,furnished,653.87,3328.26,163.98,38.04,4184.15
Sao Paulo,108.7,2,3,2,1,not acept,furnished,366.67,4033.68,135.65,38.23,4574.23
Fortaleza,18.0,4,3,0,3,not acept,not furnished,173.01,942.99,34.44,10.51,1160.95
Sao Paulo,194.6,2,3,2,25,not acept,not furnished,749.22,7489.11,369.2,111.09,8718.62
Recife,49.0,2,1,2,1,not acept,not furnished,336.67,1827.08,35.16,14.82,2213.73
Salvador,73.0,3,2,3,4,acept,not furnished,413.65,2472.9,33.91,14.43,2934.89
Curitiba,18.0,4,3,0,0,acept,furnished,392.07,3001.45,50.63,44.4,3488.55
Fortaleza,43.9,1,1,3,2,not acept,furnished,170.37,1264.51,28.18,10.91,1473.97
Porto Alegre,54.0,1,2,1,19,acept,furnished,320.29,2787.01,103.8,26.41,3237.51
Sao Paulo,29.9,4,3,1,9,acept,furnished,173.28,1057.23,23.34,8.71,1262.56
Rio de Janeiro,18.0,1,2,0,2,not acept,not furnished,75.05,400.0,11.98,3.3,490.33
Sao Paulo,228.0,2,2,1,6,not acept,furnished,1177.07,7850.24,87.07,59.09,9173.47
Rio de Janeiro,118.5,4,5,1,22,acept,not furnished,453.09,3930.87,186.95,34.02,4604.93
Porto Alegre,18.0,4,3,1,16,acept,furnished,70.57,424.98,14.28,5.38,515.21
Rio de Janeiro,64.4,2,3,0,13,not acept,not furnished,304.55,2757.25,87.83,25.39,3175.02
Rio de Janeiro,102.4,5,6,2,0,not acept,not furnished,299.27,2674.63,106.45,31.67,3112.02
Belo Horizonte,39.2,3,3,1,14,not acept,not furnished,252.41,1612.36,77.31,18.65,1960.73
Fortaleza,32.1,1,1,1,13,acept,furnished,241.89,2646.99,91.21,30.58,3010.67
Sao Paulo,50.6,3,3,3,12,acept,not furnished,291.71,2287.63,85.01,29.24,2693.59
Rio de Janeiro,86.9,3,2,0,13,acept,furnished,439.04,3534.95,74.74,43.66,4092.39
Sao Paulo,79.2,3,4,1,0,acept,furnished,339.95,3936.93,169.13,36.56,4482.57
Curitiba,47.3,5,6,1,28,acept,not furnished,233.74,1229.17,51.03,9.49,1523.43
Sao Paulo,103.6,2,2,1,7,not acept,furnished,739.67,3841.95,41.73,39.85,4663.2
Curitiba,20.6,3,2,2,19,not acept,furnished,164.2,1286.06,52.87,10.87,1514.0
Sao Paulo,94.6,3,2,2,9,not acept,not furnished,422.96,3401.87,60.27,26.97,3912.07
Sao Paulo,138.8,2,1,0,8,not acept,not furnished,487.9,74259.8111982753,88.46,48.52,5782.74
Fortaleza,68.1,3,3,2,21,not acept,not furnished,313.11,2122.72,49.15,21.11,2506.09
Sao Paulo,84.1,3,2,1,11,acept,not furnished,439.12,3607.67,173.15,26.11,4246.05
Rio de Janeiro,105.3,4,3,0,18,acept,not furnished,785.31,4335.31,145.78,55.82,5322.22
Sao Paulo,106.4,4,3,1,6,not acept,not furnished,631.86,3761.7,179.95,24.2,4597.71
Rio de Janeiro,74.8,3,3,2,6,not acept,not furnished,273.87,2889.36,37.95,37.73,3238.91
Belo Horizonte,18.0,2,2,0,4,acept,not furnished,143.83,1360.13,42.55,9.25,1555.76
Rio de Janeiro,141.8,3,4,1,7,not acept,not furnished,499.65,5305.71,160.24,55.74,6021.34
Sao Paulo,99.3,2,3,1,0,not acept,not furnished,343.67,3569.4,98.86,22.98,4034.91
Rio de Janeiro,177.0,2,3,1,0,not acept,furnished,449.09,5101.65,253.34,63.15,5867.23
Curitiba,67.1,3,3,1,26,acept,furnished,364.96,2944.9,85.19,34.62,3429.67
Porto Alegre,18.0,3,4,3,6,not acept,not furnished,159.58,1045.06,20.43,10.02,1235.09
Belo Horizonte,18.0,3,2,0,15,acept,not furnished,98.45,503.42,18.0,6.54,626.41
Belo Horizonte,33.0,5,5,0,14,not acept,not furnished,52.37,5455.100402644797,7.95,3.44,463.76
Sao Paulo,125.3,2,2,0,18,acept,furnished,1062.92,77910.2132461514,83.56,43.34,6662.51
Sao Paulo,144.2,2,3,2,19,not acept,not furnished,529.86,5796.89,193.17,45.91,6565.83
Sao Paulo,27.7,3,2,0,9,not acept,furnished,283.43,2845.96,110.93,26.62,3266.94
Sao Paulo,132.2,3,2,1,2,not acept,not furnished,666.04,5193.84,145.73,47.92,6053.53
Sao Paulo,129.4,1,1,1,3,not acept,not furnished,487.1,3828.25,87.6,29.47,4432.42
Belo Horizonte,94.7,2,2,1,9,acept,not furnished,273.61,3333.77,53.75,44.95,3706.08
Belo Horizonte,51.8,2,3,2,16,not acept,furnished,226.83,2603.97,109.54,35.83,2976.17
Recife,79.9,4,3,3,18,not acept,not furnished,346.78,2912.03,132.94,36.08,3427.83
Sao Paulo,104.6,4,4,2,28,not acept,furnished,567.3,4823.23,97.07,40.84,5528.44
Curitiba,104.0,2,1,2,7,acept,not furnished,400.01,3499.25,94.93,38.48,4032.67
Salvador,74.8,1,1,1,1,acept,not furnished,338.49,2370.7,52.78,16.12,2778.09
Belo Horizonte,72.9,2,3,2,15,acept,furnished,211.98,2041.44,88.25,21.02,2362.69
Sao Paulo,107.1,2,2,2,0,acept,furnished,725.38,5154.09,241.66,31.98,6153.11
Sao Paulo,60.7,2,2,1,3,not acept,furnished,193.64,2249.29,36.12,15.58,2494.63
Sao Paulo,188.0,2,2,1,16,not acept,not furnished,759.31,5433.42,62.27,60.48,6315.48
Rio de Janeiro,18.0,3,4,1,28,not acept,not furnished,90.69,534.18,7.17,5.28,637.32
Porto Alegre,74.9,2,3,3,4,not acept,not furnished,460.84,2416.2,52.23,32.16,2961.43
Sao Paulo,173.6,3,4,0,9,acept,not furnished,1052.74,5616.79,218.91,76.16,6964.6
Sao Paulo,37.6,2,2,3,12,not acept,not furnished,319.4,2026.1,46.73,11.68,2403.91
Curitiba,94.5,4,4,0,29,not acept,furnished,579.19,2926.87,144.49,17.2,3667.75
Porto Alegre,29.1,5,4,1,22,not acept,furnished,276.46,2229.92,29.93,31.55,2567.86
Rio de Janeiro,60.4,2,3,1,8,acept,not furnished,265.85,1629.24,60.05,16.69,1971.83
Curitiba,58.1,1,2,1,6,not acept,not furnished,387.75,1951.35,55.58,9.89,2404.57
Rio de Janeiro,113.0,2,2,3,14,not acept,not furnished,783.87,4798.13,107.38,62.26,5751.64
Sao Paulo,76.8,1,2,1,10,acept,furnished,393.81,3544.9,114.99,45.41,4099.11
Rio de Janeiro,122.1,2,1,1,18,acept,furnished,825.89,4652.25,92.62,45.16,5615.92
Belo Horizonte,21.8,3,4,1,15,not acept,furnished,109.37,896.21,30.98,12.69,1049.25
Recife,29.4,3,4,1,0,acept,furnished,282.43,2480.86,123.55,26.49,2913.33
Sao Paulo,80.9,2,3,3,0,acept,not furnished,660.53,3684.09,82.83,34.47,4461.92
Belo Horizonte,18.0,3,2,1,2,not acept,not furnished,195.09,1522.59,37.89,14.09,1769.66
Rio de Janeiro,144.0,1,1,1,19,acept,furnished,960.63,6100.55,273.07,62.95,7397.2
Belo Horizonte,45.8,2,3,2,30,acept,not furnished,252.93,1373.53,33.45,9.66,1669.57
Sao Paulo,32.2,3,2,3,12,not acept,not furnished,189.16,1923.84,89.34,14.94,2217.28
Rio de Janeiro,192.3,2,2,2,2,not acept,furnished,1042.09,6775.93,257.06,58.95,8134.03
Salvador,60.1,3,4,3,18,acept,not furnished,137.73,1355.95,14.61,8.75,1517.04
Belo Horizonte,40.9,5,4,1,18,acept,furnished,439.92,2885.52,72.43,18.77,3416.64
Rio de Janeiro,82.7,4,3,2,22,not acept,not furnished,251.07,1807.8,45.96,10.55,2115.38
Sao Paulo,80.8,2,1,0,21,not acept,furnished,251.64,1361.86,26.94,19.3,1659.74
Sao Paulo,110.8,3,3,1,20,acept,furnished,580.71,3087.22,103.46,43.44,3814.83
Rio de Janeiro,94.3,2,1,0,21,acept,furnished,552.43,3203.35,37.25,45.3,3838.33
Salvador,109.1,5,5,1,24,not acept,not furnished,442.42,2846.27,96.37,40.74,3425.8
Recife,19.4,5,5,2,27,acept,not furnished,145.78,1279.26,41.31,9.63,1475.98
Rio de Janeiro,61.9,1,1,0,0,not acept,furnished,506.91,3658.97,137.69,46.2,4349.77
Rio de Janeiro,85.3,4,4,1,19,acept,furnished,405.89,4118.68,129.9,40.52,4694.99
Salvador,63.2,2,1,0,29,not acept,furnished,245.82,30485.926336661058,70.86,15.18,3368.36
Rio de Janeiro,44.8,2,1,2,22,not acept,not furnished,86.85,586.61,28.63,7.8,709.89
Belo Horizonte,65.3,2,1,1,0,acept,furnished,298.29,30058.163894261015,40.99,31.92,3047.4
Sao Paulo,182.3,2,3,2,22,not acept,not furnished,655.06,5769.91,229.18,69.54,6723.69
Porto Alegre,29.6,4,4,1,6,not acept,furnished,158.62,1564.33,28.51,19.6,1771.06
Belo Horizonte,18.0,2,2,1,3,acept,not furnished,98.08,1098.34,13.71,8.68,1218.81
Salvador,71.7,4,3,1,4,acept,not furnished,245.4,2233.94,90.81,22.77,2592.92
Porto Alegre,101.3,5,5,2,30,not acept,not furnished,286.23,2646.7,117.28,23.59,3073.8
Sao Paulo,165.7,4,3,1,19,not acept,not furnished,672.74,5194.05,77.19,60.35,6004.33
Curitiba,18.0,2,2,0,30,not acept,furnished,41.64,467.12,14.5,4.97,528.23
Salvador,48.7,3,3,1,25,not acept,furnished,407.37,3002.27,117.5,18.62,3545.76
Rio de Janeiro,105.7,3,2,2,28,not acept,not furnished,289.09,3337.51,84.31,27.61,3738.52
Sao Paulo,138.7,3,2,1,16,acept,furnished,517.93,5004.36,138.57,47.04,5707.9
Sao Paulo,143.0,2,1,1,9,not acept,not furnished,883.86,4878.04,239.49,43.59,6044.98
Rio de Janeiro,38.9,3,3,1,22,acept,furnished,103.28,1178.27,46.15,12.28,1339.98
Rio de Janeiro,74.6,3,4,3,0,not acept,furnished,367.35,3968.4,185.98,21.12,4542.85
Belo Horizonte,106.2,3,4,1,19,not acept,not furnished,501.67,3341.76,91.2,32.26,3966.89
Sao Paulo,21.2,5,5,1,29,not acept,not furnished,146.72,1315.37,38.19,8.65,1508.93
Salvador,28.0,1,1,1,25,not acept,furnished,289.75,1676.73,81.81,10.28,2058.57
Sao Paulo,104.1,2,1,3,3,acept,not furnished,568.07,4327.49,117.26,30.32,5043.14
Sao Paulo,187.5,3,2,2,1,acept,not furnished,867.21,5830.65,154.39,82.41,6934.66
Rio de Janeiro,118.9,2,1,1,25,acept,furnished,418.11,4482.85,169.87,23.51,5094.34
Rio de Janeiro,126.1,2,2,1,0,not acept,furnished,836.64,5111.15,60.18,71.76,6079.73
Sao Paulo,95.1,2,1,2,30,acept,furnished,587.43,3034.15,84.25,32.49,3738.32
Sao Paulo,111.2,4,3,3,13,not acept,furnished,921.16,4717.16,224.42,63.7,5926.44
Sao Paulo,72.4,4,4,1,28,not acept,not furnished,481.35,3048.06,139.8,35.84,3705.05
Curitiba,123.6,1,2,1,24,not acept,not furnished,388.56,4322.17,157.39,26.34,4894.46
Porto Alegre,75.4,2,1,1,20,not acept,not furnished,390.64,2134.11,59.2,19.93,2603.88
Rio de Janeiro,61.3,2,3,2,4,not acept,not furnished,274.29,1376.96,41.89,19.62,1712.76
Curitiba,84.9,3,2,1,0,not acept,furnished,190.93,1985.69,40.99,27.65,2245.26
Porto Alegre,70.3,3,2,1,19,not acept,not furnished,311.28,1734.24,31.54,23.99,2101.05
Sao Paulo,18.0,1,1,0,3,acept,not furnished,39.47,400.0,8.3,4.67,452.44
Recife,18.0,3,3,0,25,acept,furnished,210.47,1574.28,72.56,12.19,1869.5
Salvador,70.6,1,1,0,0,acept,not furnished,429.81,2250.66,45.67,31.11,2757.25
Sao Paulo,57.3,5,4,2,15,acept,not furnished,386.87,2016.51,58.02,29.66,2491.06
Sao Paulo,108.0,4,3,1,11,acept,not furnished,768.4,5251.66,203.05,34.13,6257.24
Sao Paulo,36.4,4,4,2,28,not acept,not furnished,290.04,1507.72,59.82,13.52,1871.1
Sao Paulo,108.6,1,1,2,27,not acept,furnished,402.12,4757.01,106.62,31.13,5296.88
Porto Alegre,88.3,3,4,1,21,not acept,furnished,520.22,3204.48,65.22,46.98,3836.9
Rio de Janeiro,93.5,2,2,1,22,acept,furnished,670.35,5101.98,126.58,33.93,5932.84
Porto Alegre,54.5,3,2,0,21,acept,furnished,353.98,2416.9,33.93,25.38,2830.19
Porto Alegre,96.1,2,2,1,20,acept,furnished,356.97,3458.17,110.06,45.55,3970.75
Belo Horizonte,59.8,3,4,1,30,not acept,not furnished,156.1,8272.83919864801,58.79,10.64,1723.38
Curitiba,65.4,3,4,1,22,acept,not furnished,479.68,2863.3,55.56,25.36,3423.9
Sao Paulo,84.0,3,2,2,29,not acept,furnished,652.59,3790.48,51.56,26.5,4521.13
Rio de Janeiro,148.1,4,4,2,12,acept,not furnished,790.68,5041.19,220.64,67.02,6119.53
Curitiba,76.6,3,4,2,30,not acept,furnished,449.34,3698.94,167.61,26.67,4342.56
Sao Paulo,151.9,2,3,0,18,not acept,not furnished,725.24,4402.64,195.61,42.7,5366.19
Sao Paulo,92.3,3,4,1,27,acept,not furnished,447.8,3150.06,84.92,38.31,3721.09
Salvador,18.0,5,4,0,0,not acept,furnished,157.87,961.84,15.08,13.9,1148.69
Curitiba,34.9,3,4,3,18,acept,furnished,237.7,2245.82,84.36,18.85,2586.73
Sao Paulo,159.8,3,3,1,30,not acept,furnished,932.04,6704.01,94.1,36.78,7766.93
Curitiba,91.9,4,3,1,0,not acept,not furnished,293.54,3086.8,116.29,38.53,3535.16
Porto Alegre,87.6,3,3,1,29,acept,not furnished,396.09,2026.22,37.9,26.87,2487.08
Rio de Janeiro,18.0,5,5,1,2,acept,furnished,84.36,423.4,6.06,5.23,519.05
Sao Paulo,18.0,2,3,2,30,not acept,not furnished,244.0,1855.32,18.69,18.28,2136.29
Fortaleza,22.2,3,2,3,7,acept,not furnished,97.41,763.69,23.19,5.64,889.93
Rio de Janeiro,78.3,2,1,0,24,acept,not furnished,277.39,2111.98,94.1,19.33,2502.8
Sao Paulo,91.1,3,3,2,0,acept,furnished,368.4,3598.16,143.64,23.49,4133.69
Rio de Janeiro,75.7,2,1,1,7,acept,not furnished,285.47,2719.58,55.62,30.42,3091.09
Porto Alegre,30.0,2,1,0,17,acept,not furnished,323.92,1644.29,26.2,8.98,2003.39
Sao Paulo,147.0,2,1,2,5,acept,furnished,719.59,5962.42,288.28,38.91,7009.2
Sao Paulo,97.4,2,1,0,23,acept,not furnished,573.53,3109.65,134.0,34.24,3851.42
Sao Paulo,107.1,1,2,2,20,not acept,not furnished,353.91,4373.73,152.82,50.1,4930.56
Recife,74.9,4,4,1,30,not acept,furnished,367.53,2425.05,58.23,23.31,2874.12
Sao Paulo,109.1,2,2,0,17,acept,not furnished,442.23,4120.35,171.06,27.93,4761.57
Belo Horizonte,45.5,2,1,0,23,not acept,not furnished,257.32,1733.94,43.41,13.52,2048.19
Fortaleza,20.3,1,1,2,0,not acept,not furnished,118.33,737.72,28.01,5.65,889.71
Sao Paulo,172.0,1,1,2,0,acept,not furnished,959.95,5405.78,171.79,42.87,6580.39
Recife,62.0,4,4,2,17,acept,not furnished,156.03,14403.717719073386,45.66,7.98,1635.46
Recife,81.5,4,5,2,30,not acept,not furnished,481.3,3072.25,96.05,15.59,3665.19
Fortaleza,18.0,4,3,2,6,not acept,not furnished,167.75,2084.06,102.07,10.57,2364.45
Sao Paulo,45.7,2,2,1,0,not acept,not furnished,306.93,1535.34,70.63,10.82,1923.72
Curitiba,77.7,1,2,0,9,not acept,not furnished,168.4,1293.27,35.94,9.3,1506.91
Porto Alegre,91.0,1,2,1,22,acept,not furnished,260.39,2508.2,119.65,22.56,2910.8
Recife,27.9,3,2,3,24,not acept,not furnished,264.19,1679.1,60.72,17.31,2021.32
Sao Paulo,87.0,4,5,1,23,acept,not furnished,412.99,2866.14,125.13,41.7,3445.96
Porto Alegre,55.1,4,5,2,0,acept,not furnished,117.18,1457.77,62.07,10.19,1647.21
Rio de Janeiro,122.0,2,3,2,23,acept,not furnished,547.14,4267.12,206.74,53.19,5074.19
Sao Paulo,49.0,2,3,2,0,not acept,furnished,106.7,594.92,10.69,3.58,715.89
Rio de Janeiro,136.5,1,2,0,30,not acept,not furnished,320.09,2880.99,109.86,35.51,3346.45
Porto Alegre,68.8,3,2,1,10,not acept,not furnished,498.69,2554.66,122.03,23.74,3199.12
Rio de Janeiro,70.2,2,1,2,20,acept,not furnished,711.42,3871.73,48.51,44.46,4676.12
Belo Horizonte,137.7,3,2,2,13,not acept,not furnished,376.44,3023.53,141.9,42.45,3584.32
Recife,18.0,4,3,2,5,not acept,not furnished,51.25,400.0,18.93,4.87,475.05
Rio de Janeiro,104.4,3,3,1,18,not acept,furnished,430.5,3205.7,97.13,37.4,3770.73
Belo Horizonte,121.8,1,1,2,0,acept,not furnished,625.11,3995.38,150.47,53.64,4824.6
Rio de Janeiro,186.6,1,1,0,14,acept,not furnished,765.25,6412.69,67.89,57.59,7303.42
Rio de Janeiro,117.3,3,2,1,0,acept,not furnished,310.66,3877.14,42.22,35.66,4265.68
Curitiba,92.1,3,4,1,16,acept,not furnished,466.06,3520.3,37.65,34.32,4058.33
Fortaleza,37.5,3,4,3,12,not acept,furnished,321.35,2305.69,64.65,29.71,2721.4
Belo Horizonte,39.9,2,3,3,27,not acept,not furnished,304.47,1843.95,26.9,25.48,2200.8
Porto Alegre,53.0,4,3,1,29,acept,not furnished,170.5,2074.77,86.21,19.9,2351.38
Sao Paulo,149.2,3,3,2,19,not acept,furnished,1127.73,7236.59,140.2,83.11,8587.63
Sao Paulo,18.0,4,4,1,3,acept,not furnished,60.94,683.63,11.19,8.6,764.36
Belo Horizonte,66.2,2,1,2,15,acept,not furnished,428.38,2994.75,71.18,29.25,3523.56
Sao Paulo,123.1,2,2,2,0,acept,furnished,504.63,4846.05,91.65,45.66,5487.99
Sao Paulo,146.3,2,2,1,23,acept,not furnished,980.29,5283.64,206.08,61.12,6531.13
Belo Horizonte,169.0,4,3,2,0,not acept,furnished,726.72,5537.38,134.97,29.59,6428.66
Sao Paulo,83.3,2,3,1,24,not acept,furnished,378.64,3987.92,163.95,50.76,4581.27
Sao Paulo,248.1,1,1,0,6,not acept,not furnished,786.26,9438.19,402.47,63.49,10690.41
Belo Horizonte,59.0,2,3,3,6,not acept,not furnished,373.68,2050.48,68.84,16.83,2509.83
Belo Horizonte,25.2,3,2,1,0,not acept,not furnished,403.87,2097.9,73.28,14.89,2589.94
Fortaleza,36.2,4,5,3,20,acept,furnished,379.12,2268.07,48.52,18.45,2714.16
Curitiba,77.6,4,4,1,9,not acept,not furnished,596.6,3735.99,133.77,52.3,4518.66
Rio de Janeiro,49.7,3,4,2,0,not acept,not furnished,361.25,3289.2,99.66,48.81,3798.92
Fortaleza,18.0,5,6,2,8,acept,not furnished,66.82,400.0,15.21,2.13,484.16
Porto Alegre,69.5,1,2,1,28,acept,not furnished,138.43,1406.52,51.7,8.86,1605.51
Sao Paulo,132.3,4,3,3,0,acept,not furnished,662.8,3726.93,140.72,33.78,4564.23
Sao Paulo,101.2,2,1,1,19,acept,not furnished,412.77,40141.20100583136,137.58,16.64,3683.37
Curitiba,29.1,3,2,2,14,acept,not furnished,291.23,1574.52,52.94,15.17,1933.86
Belo Horizonte,19.9,1,1,2,17,not acept,not furnished,55.89,461.23,18.99,3.76,539.87
Porto Alegre,79.1,1,2,0,10,acept,not furnished,180.85,2222.77,51.28,22.57,2477.47
Porto Alegre,102.9,2,2,1,13,acept,not furnished,387.3,2182.68,91.04,14.05,2675.07
Curitiba,90.6,2,3,1,22,acept,not furnished,460.0,2476.03,55.95,22.98,3014.96
Recife,23.7,3,4,3,13,acept,not furnished,120.65,1466.64,35.99,18.41,1641.69
Belo Horizonte,76.7,1,2,0,10,not acept,not furnished,304.21,2745.93,123.53,24.17,3197.84
Sao Paulo,158.4,1,1,0,6,acept,furnished,747.36,6328.22,126.85,86.62,7289.05
Salvador,55.9,4,4,1,12,not acept,not furnished,182.93,1205.24,47.64,8.16,1443.97
Sao Paulo,76.3,4,4,2,16,not acept,furnished,256.1,2363.95,45.73,20.8,2686.58
Porto Alegre,80.6,5,6,0,10,acept,not furnished,590.46,3089.37,60.78,17.25,3757.86
Recife,80.3,3,2,3,27,not acept,not furnished,495.32,2532.32,86.46,14.38,3128.48
Curitiba,73.3,3,2,0,30,not acept,not furnished,473.56,3151.94,35.95,33.44,3694.89
Belo Horizonte,37.3,4,5,0,4,not acept,not furnished,454.64,2292.87,82.5,28.82,2858.83
Rio de Janeiro,124.5,3,2,1,19,acept,furnished,621.99,6190.14,244.3,88.16,7144.59
Rio de Janeiro,57.6,2,1,1,4,acept,furnished,293.44,3127.02,145.65,26.78,3592.89
Rio de Janeiro,158.8,2,3,0,15,not acept,not furnished,542.05,4212.05,168.98,52.31,4975.39
Curitiba,143.7,2,3,2,10,not acept,furnished,608.34,3466.68,151.64,18.73,4245.39
Porto Alegre,18.0,4,3,0,5,not acept,not furnished,124.9,828.75,16.05,5.85,975.55
Curitiba,42.6,3,4,0,9,not acept,furnished,238.93,1535.61,34.53,14.63,1823.7
Sao Paulo,40.7,3,2,2,1,not acept,furnished,401.98,2060.89,98.53,26.7,2588.1
Rio de Janeiro,93.2,1,1,1,0,acept,furnished,702.84,4631.21,160.91,38.51,5533.47
Porto Alegre,21.7,2,2,2,12,not acept,not furnished,136.89,1036.78,38.17,14.77,1226.61
Rio de Janeiro,98.6,3,4,0,24,acept,not furnished,477.83,2743.34,101.19,32.79,3355.15
Belo Horizonte,22.4,3,2,0,20,not acept,not furnished,221.51,1289.42,64.24,12.87,1588.04
Porto Alegre,87.3,2,2,1,17,acept,not furnished,483.01,2494.42,95.86,26.77,3100.06
Curitiba,115.9,2,3,2,11,acept,not furnished,573.13,3728.72,150.99,39.96,4492.8
Rio de Janeiro,108.5,3,3,2,13,not acept,furnished,322.27,3940.82,183.4,44.16,4490.65
Fortaleza,34.9,5,5,1,0,not acept,not furnished,169.62,1412.81,31.79,18.04,1632.26
Sao Paulo,35.2,4,5,1,29,not acept,not furnished,79.21,606.6,26.03,7.68,719.52
Recife,68.5,1,1,2,8,not acept,not furnished,309.5,1852.25,20.44,17.8,2199.99
Sao Paulo,18.0,3,4,1,28,not acept,furnished,67.46,445.67,6.58,4.29,524.0
Sao Paulo,94.6,2,3,3,21,acept,furnished,378.17,2420.29,37.04,25.25,2860.75
Fortaleza,62.7,3,3,2,16,not acept,not furnished,226.94,2029.95,20.75,13.93,2291.57
Sao Paulo,94.3,3,3,2,12,not acept,not furnished,542.59,3022.52,82.94,33.47,3681.52
Porto Alegre,32.6,2,1,1,8,acept,not furnished,143.39,1211.04,59.91,15.98,1430.32
Salvador,84.4,3,3,2,18,acept,furnished,253.34,1527.06,32.24,13.24,1825.88
Salvador,104.2,3,2,0,30,acept,not furnished,323.53,2902.46,49.91,25.9,3301.8
Recife,35.2,5,6,1,24,not acept,furnished,109.09,699.64,19.61,7.71,836.05
Sao Paulo,142.7,1,1,1,10,not acept,not furnished,583.42,4137.8,163.49,38.29,4923.0
Curitiba,74.8,2,2,2,13,not acept,not furnished,250.38,2622.4,31.45,17.88,2922.11
Sao Paulo,84.5,3,4,1,13,acept,furnished,531.01,4557.77,143.05,27.77,5259.6
Rio de Janeiro,66.0,3,3,1,6,not acept,not furnished,297.01,2048.9,59.26,22.56,2427.73
Salvador,64.8,3,2,3,25,not acept,furnished,409.3,39866.23451104701,100.94,27.88,3622.81
Rio de Janeiro,57.7,5,5,1,20,acept,not furnished,403.2,3138.79,107.25,40.41,3689.65
Belo Horizonte,119.8,2,1,1,17,acept,not furnished,569.5,3413.38,73.7,41.87,4098.45
Belo Horizonte,84.9,2,2,0,12,acept,not furnished,445.99,2686.89,60.55,37.85,3231.28
Curitiba,94.0,4,4,1,5,not acept,furnished,842.67,4230.99,115.38,44.14,5233.18
Recife,51.0,3,4,1,18,not acept,not furnished,98.72,1042.52,51.09,6.83,1199.16
Sao Paulo,135.8,2,1,0,5,not acept,not furnished,613.74,5589.76,189.84,43.29,6436.63
Belo Horizonte,80.1,3,4,1,0,acept,not furnished,185.87,1621.78,26.83,23.12,1857.6
Salvador,76.0,3,4,1,0,not acept,furnished,299.0,,42.27,20.5,2915.28
Rio de Janeiro,54.9,2,3,1,20,acept,not furnished,175.0,1461.43,54.85,14.33,1705.61
Sao Paulo,18.0,2,1,2,10,not acept,not furnished,184.21,1244.83,35.55,11.43,1476.02
Belo Horizonte,107.4,2,3,1,4,acept,not furnished,236.03,2754.14,121.69,38.49,3150.35
Rio de Janeiro,69.6,1,1,1,5,not acept,not furnished,383.1,2819.32,81.31,35.93,3319.66
Sao Paulo,192.7,4,3,3,14,not acept,not furnished,1135.17,6879.53,75.0,36.85,8126.55
Salvador,83.9,2,2,0,27,acept,not furnished,292.39,1750.67,62.45,16.91,2122.42
Belo Horizonte,37.8,2,1,3,6,not acept,not furnished,260.73,,36.83,17.74,2097.07
Fortaleza,47.8,3,2,1,19,acept,not furnished,413.6,2170.86,107.32,12.33,2704.11
Salvador,21.9,3,3,2,25,acept,not furnished,174.16,1691.55,17.31,14.47,1897.49
Curitiba,72.4,3,4,1,13,acept,not furnished,492.89,2485.4,45.62,22.79,3046.7
Sao Paulo,175.5,2,2,1,0,not acept,furnished,638.21,6371.17,229.02,85.88,7324.28
Rio de Janeiro,123.0,4,4,1,24,acept,not furnished,488.24,4027.28,68.37,58.79,4642.68
Sao Paulo,117.0,3,3,3,26,acept,not furnished,316.18,3668.14,139.93,30.79,4155.04
Fortaleza,18.0,2,1,1,0,not acept,not furnished,160.54,821.37,25.14,8.47,1015.52
Sao Paulo,181.8,4,4,1,1,not acept,not furnished,882.06,5891.45,91.52,84.53,6949.56
Sao Paulo,123.5,2,1,1,0,not acept,not furnished,575.08,3571.42,92.94,34.66,4274.1
Belo Horizonte,27.1,4,3,2,5,not acept,furnished,314.13,1608.98,51.55,13.19,1987.85
Sao Paulo,76.5,3,2,1,14,not acept,furnished,447.56,2621.05,84.52,16.05,3169.18
Sao Paulo,18.0,4,3,1,0,not acept,not furnished,187.77,950.68,28.15,10.43,1177.03
Belo Horizonte,43.4,2,3,1,3,acept,furnished,362.88,2519.12,99.09,28.39,3009.48
Sao Paulo,30.4,4,3,3,11,not acept,not furnished,434.69,2611.44,63.74,25.09,3134.96
Sao Paulo,126.0,3,2,1,18,not acept,not furnished,483.27,4890.45,170.24,59.08,5603.04
Rio de Janeiro,18.4,3,3,1,27,not acept,furnished,158.03,1857.69,32.63,18.48,2066.83
Porto Alegre,18.0,2,2,0,25,not acept,furnished,254.79,1909.92,93.33,23.57,2281.61
Belo Horizonte,62.3,5,4,2,0,acept,not furnished,349.38,3848.14,75.21,24.38,4297.11
Rio de Janeiro,74.3,2,3,1,29,not acept,not furnished,353.87,2524.07,112.25,14.92,3005.11
Belo Horizonte,44.3,3,4,1,6,not acept,furnished,202.43,1654.02,28.1,20.82,1905.37
Rio de Janeiro,87.8,3,3,2,9,not acept,furnished,216.81,2119.63,102.96,27.89,2467.29
Fortaleza,18.0,2,3,2,0,acept,not furnished,161.88,816.79,40.35,5.84,1024.86
Sao Paulo,49.5,2,2,1,28,acept,not furnished,282.03,1462.7,30.32,8.28,1783.33
Curitiba,77.4,3,4,2,15,not acept,not furnished,247.56,2182.08,40.62,12.38,2482.64
Fortaleza,43.0,1,2,2,14,acept,not furnished,256.27,1951.22,77.78,14.34,2299.61
Salvador,33.2,4,5,1,0,not acept,not furnished,229.63,1433.19,53.37,14.95,1731.14
Sao Paulo,219.3,3,3,0,0,acept,not furnished,1030.39,7191.82,275.89,80.9,8579.0
Sao Paulo,222.7,3,3,2,20,not acept,not furnished,1365.03,7205.04,97.7,97.63,8765.4
Curitiba,43.5,2,1,1,13,not acept,not furnished,443.96,2236.42,72.39,30.24,2783.01
Sao Paulo,117.7,3,2,1,14,not acept,not furnished,364.12,4162.74,154.23,56.01,4737.1
Salvador,45.2,4,5,2,19,not acept,furnished,262.67,1961.12,44.45,14.61,2282.85
Curitiba,36.6,3,4,3,2,acept,furnished,55.0,439.0,16.51,4.57,515.08
Porto Alegre,27.6,2,3,2,30,acept,furnished,202.43,14608.107168009079,61.27,26.17,2635.77
Sao Paulo,116.2,2,2,2,0,not acept,furnished,936.55,4944.89,114.17,48.17,6043.78
Curitiba,99.4,3,4,1,6,not acept,not furnished,282.56,2862.14,119.0,15.03,3278.73
Curitiba,91.6,3,2,1,20,not acept,furnished,311.71,3690.53,67.73,32.16,4102.13
Salvador,30.1,2,3,1,14,not acept,not furnished,136.33,1489.67,15.08,9.54,1650.62
Sao Paulo,71.1,3,2,3,0,not acept,not furnished,331.25,2499.4,102.84,12.9,2946.39
Sao Paulo,81.3,4,5,2,23,acept,furnished,514.42,3978.9,185.41,24.43,4703.16
Rio de Janeiro,40.2,1,2,2,30,not acept,not furnished,279.94,20478.319428883442,38.54,18.73,1821.53
Sao Paulo,63.4,3,4,1,13,acept,not furnished,248.48,3018.44,76.99,35.57,3379.48
Belo Horizonte,116.8,4,3,1,6,acept,furnished,651.59,3412.21,167.17,34.97,4265.94
Fortaleza,50.6,5,4,1,1,not acept,not furnished,292.25,2273.81,40.58,30.27,2636.91
Rio de Janeiro,120.1,2,2,1,4,acept,not furnished,332.38,3124.66,125.99,28.42,3611.45
Salvador,41.9,2,1,2,8,not acept,furnished,220.49,1117.63,14.48,8.94,1361.54
Sao Paulo,67.8,5,6,0,3,acept,not furnished,226.4,1193.45,58.16,10.85,1488.86
Sao Paulo,131.0,1,1,0,20,acept,furnished,529.83,3407.27,132.22,21.86,4091.18
Sao Paulo,195.3,3,4,1,0,acept,not furnished,627.3,6910.51,110.36,79.47,7727.64
Rio de Janeiro,64.5,3,4,1,11,not acept,not furnished,366.14,2120.89,81.11,20.92,2589.06
Fortaleza,34.1,3,2,2,10,acept,not furnished,131.58,1473.89,65.95,21.6,1693.02
Sao Paulo,18.0,2,2,1,26,acept,not furnished,90.69,5269.393620317251,12.83,9.37,928.29
Belo Horizonte,42.5,4,3,1,6,acept,not furnished,167.87,1100.57,46.11,12.76,1327.31
Rio de Janeiro,148.7,2,1,0,17,acept,not furnished,394.6,4686.61,226.69,55.12,5363.02
Fortaleza,35.5,3,4,2,0,not acept,not furnished,212.86,1839.66,86.34,11.53,2150.39
Sao Paulo,135.0,3,2,1,28,not acept,furnished,639.01,5195.95,132.3,73.26,6040.52
Sao Paulo,80.8,2,2,1,18,not acept,not furnished,236.52,2744.78,102.43,24.8,3108.53
Sao Paulo,134.3,2,3,2,24,not acept,not furnished,523.25,3538.17,94.19,26.74,4182.35
Rio de Janeiro,140.1,5,4,0,16,not acept,not furnished,721.02,4477.32,62.32,24.07,5284.73
Sao Paulo,23.7,3,3,2,24,acept,not furnished,64.84,709.95,14.95,8.67,798.41
Salvador,44.8,3,4,2,0,not acept,furnished,229.46,1835.0,53.17,20.76,2138.39
Belo Horizonte,18.0,3,3,1,21,not acept,furnished,95.11,804.17,29.6,6.98,935.86
Belo Horizonte,80.5,1,1,1,2,not acept,not furnished,283.29,2038.78,39.62,17.27,2378.96
Belo Horizonte,36.8,3,4,1,16,not acept,not furnished,301.05,1568.53,57.75,17.03,1944.36
Sao Paulo,194.2,2,1,3,30,not acept,furnished,1202.02,8667.29,431.3,50.21,10350.82
Rio de Janeiro,83.6,3,3,1,3,not acept,not furnished,241.53,36822.35659932715,91.54,43.68,3383.57
Recife,32.3,1,2,1,6,not acept,furnished,65.79,780.02,30.44,5.88,882.13
Salvador,36.8,4,3,1,4,not acept,not furnished,158.48,1310.34,54.31,10.79,1533.92
Fortaleza,93.5,3,3,1,11,acept,not furnished,176.88,1911.06,36.94,16.24,2141.12
Salvador,40.5,2,3,1,13,acept,not furnished,93.95,811.67,10.02,10.77,926.41
Sao Paulo,140.5,2,2,1,3,not acept,furnished,886.92,69691.11450047871,192.42,31.57,6766.28
Sao Paulo,172.3,1,1,1,0,acept,not furnished,541.69,4879.11,137.21,47.23,5605.24
Sao Paulo,74.1,4,3,2,9,acept,furnished,269.54,2874.45,124.46,37.47,3305.92
Rio de Janeiro,119.5,1,1,1,10,acept,furnished,664.98,4050.95,135.35,54.78,4906.06
Sao Paulo,151.5,3,4,1,10,not acept,furnished,1070.93,5634.48,179.36,62.37,6947.14
Rio de Janeiro,95.2,2,1,1,19,not acept,furnished,799.64,4224.96,87.31,36.38,5148.29
Curitiba,60.9,5,4,1,12,not acept,not furnished,390.14,,87.25,28.41,2969.8
Fortaleza,18.0,3,4,2,1,acept,furnished,92.92,909.13,12.23,6.95,1021.23
Porto Alegre,72.4,1,1,2,28,not acept,furnished,494.57,2676.46,68.36,17.2,3256.59
Fortaleza,18.0,3,2,2,21,not acept,not furnished,122.06,712.08,34.28,5.19,873.61
Sao Paulo,156.0,5,4,2,4,not acept,not furnished,922.2,5104.38,63.29,62.14,6152.01
Sao Paulo,181.6,3,4,1,28,acept,furnished,618.95,6326.5,304.97,83.98,7334.4
Curitiba,72.8,3,2,0,30,acept,not furnished,391.9,2837.89,84.43,22.2,3336.42
Sao Paulo,147.7,2,2,1,4,not acept,not furnished,576.82,4006.73,180.77,54.14,4818.46
Sao Paulo,260.0,1,2,0,10,not acept,furnished,1742.07,10069.19,364.85,115.49,12291.6
Rio de Janeiro,128.9,2,2,3,0,acept,furnished,581.12,4880.28,62.69,41.54,5565.63
Sao Paulo,133.1,3,4,1,13,not acept,not furnished,467.25,3842.83,167.23,56.78,4534.09
Belo Horizonte,93.0,3,4,1,23,acept,not furnished,560.26,3007.24,121.87,19.45,3708.82
Rio de Janeiro,47.4,4,5,0,27,not acept,not furnished,459.75,2722.97,122.77,35.53,3341.02
Belo Horizonte,83.1,3,3,3,15,not acept,furnished,537.11,3427.75,120.45,39.57,4124.88
Curitiba,22.0,1,1,1,8,acept,not furnished,147.65,1562.23,39.43,22.93,1772.24
Rio de Janeiro,87.8,3,2,1,16,acept,not furnished,370.04,4192.15,196.43,56.0,4814.62
Sao Paulo,140.9,3,2,0,1,not acept,not furnished,683.34,4339.35,211.88,41.47,5276.04
Sao Paulo,129.0,3,2,1,25,acept,not furnished,677.96,4789.81,188.5,63.75,5720.02
Rio de Janeiro,49.6,3,4,1,15,not acept,not furnished,262.73,1325.94,22.8,6.64,1618.11
Porto Alegre,74.8,1,2,1,30,not acept,not furnished,550.5,3020.44,63.24,16.61,3650.79
Porto Alegre,101.1,1,1,0,11,acept,furnished,388.33,2616.63,107.67,26.06,3138.69
Curitiba,67.5,3,2,0,19,not acept,furnished,277.99,2947.51,54.45,34.3,3314.25
Sao Paulo,147.3,2,3,2,8,not acept,not furnished,520.77,5673.54,117.12,31.46,6342.89
Belo Horizonte,42.9,3,2,1,2,not acept,not furnished,126.15,931.63,12.02,11.86,1081.66
Belo Horizonte,43.2,2,1,2,22,not acept,not furnished,169.84,1734.45,60.05,21.45,1985.79
Rio de Janeiro,55.1,4,4,2,20,acept,not furnished,366.56,2259.59,58.9,13.88,2698.93
Belo Horizonte,129.3,4,5,1,23,acept,furnished,348.24,4065.43,77.29,39.31,4530.27
Rio de Janeiro,190.2,5,4,1,30,not acept,not furnished,1174.14,5892.47,183.7,53.26,7303.57
Belo Horizonte,43.3,4,4,2,30,acept,furnished,551.96,2852.49,90.53,28.45,3523.43
Curitiba,103.5,5,5,2,28,acept,not furnished,322.13,2112.48,36.98,12.34,2483.93
Sao Paulo,116.5,3,2,1,27,acept,not furnished,312.94,3015.88,33.3,22.34,3384.46
Porto Alegre,18.0,5,4,0,7,not acept,not furnished,233.07,2046.78,92.25,30.66,2402.76
Sao Paulo,166.8,3,3,2,13,not acept,not furnished,571.22,4952.87,80.69,55.42,5660.2
Sao Paulo,130.7,4,4,1,0,not acept,furnished,438.11,4280.18,187.83,49.25,4955.37
Recife,18.0,1,1,2,20,acept,not furnished,46.52,499.16,14.36,5.45,565.49
Recife,62.3,3,2,1,15,not acept,not furnished,294.8,1847.5,66.0,22.81,2231.11
Sao Paulo,191.1,4,4,1,21,not acept,not furnished,1059.5,6241.84,168.47,79.95,7549.76
Rio de Janeiro,44.5,3,4,2,20,not acept,furnished,163.94,1499.54,56.91,7.67,1728.06
Sao Paulo,102.0,2,2,2,6,not acept,furnished,987.89,5776.58,120.23,53.17,6937.87
Rio de Janeiro,82.8,3,3,1,13,not acept,furnished,379.43,3802.02,71.87,55.9,4309.22
Salvador,47.4,3,4,1,1,not acept,not furnished,141.31,1308.98,35.33,15.11,1500.73
Recife,33.3,3,2,3,0,acept,not furnished,151.87,872.23,24.65,12.13,1060.88
Curitiba,103.4,3,3,2,13,not acept,furnished,673.11,3411.19,63.67,29.99,4177.96
Rio de Janeiro,18.0,2,1,0,16,not acept,not furnished,262.59,1514.87,68.28,9.27,1855.01
Belo Horizonte,61.4,4,5,2,8,acept,furnished,268.81,2592.53,61.37,17.39,2940.1
Rio de Janeiro,225.0,3,3,0,0,acept,not furnished,874.41,7553.98,336.65,63.45,8828.49
Fortaleza,43.4,2,1,1,19,acept,furnished,311.19,1985.1,54.61,28.79,2379.69
Fortaleza,32.6,4,3,3,20,not acept,furnished,163.18,838.69,20.48,12.32,1034.67
Belo Horizonte,56.4,2,1,2,8,acept,furnished,466.72,2341.1,102.86,31.88,2942.56
Rio de Janeiro,99.9,2,1,1,0,acept,not furnished,502.96,3341.66,62.98,35.42,3943.02
Sao Paulo,35.9,4,3,2,18,not acept,furnished,96.67,730.33,9.52,7.75,844.27
Sao Paulo,62.3,4,3,0,0,not acept,not furnished,248.17,2276.4,44.6,30.39,2599.56
Salvador,114.6,2,2,1,5,not acept,furnished,287.44,3224.45,34.41,17.95,3564.25
Rio de Janeiro,19.2,1,1,1,5,acept,not furnished,75.87,649.26,18.05,5.98,749.16
Rio de Janeiro,73.0,2,3,0,6,not acept,not furnished,531.24,3609.37,132.42,40.66,4313.69
Rio de Janeiro,128.2,4,3,2,18,acept,furnished,728.82,4652.17,113.54,27.72,5522.25
Salvador,37.2,4,5,1,0,not acept,not furnished,232.89,1945.62,94.66,11.41,2284.58
Sao Paulo,146.6,3,3,1,19,not acept,not furnished,886.58,4543.2,59.83,33.26,5522.87
Salvador,43.9,2,3,0,13,acept,not furnished,173.1,1895.47,32.82,20.56,2121.95
Fortaleza,41.4,2,2,0,9,acept,not furnished,213.81,1294.75,28.48,17.32,1554.36
Recife,67.7,4,4,0,17,not acept,furnished,251.58,2008.84,38.43,22.13,2320.98
Rio de Janeiro,46.5,2,3,2,26,not acept,not furnished,430.32,2479.61,48.05,28.87,2986.85
Sao Paulo,117.5,3,3,1,15,acept,not furnished,801.19,4446.89,74.35,36.47,5358.9
